id,defects
101763,0.22
101764,0.27
101765,0.585
101766,0.53
101767,0.195
101768,0.53
101769,0.06
101770,0.31
101771,0.52
101772,0.115
101773,0.485
101774,0.63
101775,0.46
101776,0.59
101777,0.235
101778,0.24
101779,0.65
101780,0.295
101781,0.985
101782,0.3
101783,0.085
101784,0.07
101785,0.025
101786,0.185
101787,0.04
101788,0.32
101789,0.04
101790,0.055
101791,0.045
101792,0.03
101793,0.21
101794,0.25
101795,0.12
101796,0.14
101797,0.03
101798,0.17
101799,0.53
101800,0.115
101801,0.075
101802,0.115
101803,0.45
101804,0.095
101805,0.015
101806,0.29
101807,0.735
101808,0.095
101809,0.045
101810,0.14
101811,0.125
101812,0.115
101813,0.11
101814,0.115
101815,0.27
101816,0.02
101817,0.265
101818,0.055
101819,0.235
101820,0.125
101821,0.055
101822,0.415
101823,0.26
101824,0.29
101825,0.135
101826,0.075
101827,0.005
101828,0.045
101829,0.125
101830,0.01
101831,0.185
101832,0.48
101833,0.76
101834,0.185
101835,0.32
101836,0.17
101837,0.145
101838,0.32
101839,0.555
101840,0.06
101841,0.83
101842,0.155
101843,0.355
101844,0.03
101845,0.42
101846,0.155
101847,0.04
101848,0.225
101849,0.19
101850,0.175
101851,0.09
101852,0.125
101853,0.58
101854,0.585
101855,0.135
101856,0.705
101857,0.03
101858,0.095
101859,0.075
101860,0.6
101861,0.535
101862,0.195
101863,0.365
101864,0.195
101865,0.04
101866,0.035
101867,0.44
101868,0.015
101869,0.045
101870,0.1
101871,0.64
101872,0.075
101873,0.12
101874,0.195
101875,0.255
101876,0.665
101877,0.005
101878,0.105
101879,0.025
101880,0.105
101881,0.315
101882,0.12
101883,0.855
101884,0.425
101885,0.075
101886,0.125
101887,0.135
101888,0.235
101889,0.19
101890,0.045
101891,0.39
101892,0.3
101893,0.195
101894,0.055
101895,0.05
101896,0.18
101897,0.6
101898,0.625
101899,0.34
101900,0.085
101901,0.055
101902,0.045
101903,0.13
101904,0.145
101905,0.67
101906,0.06
101907,0.125
101908,0.01
101909,0.12
101910,0.02
101911,0.11
101912,0.02
101913,0.015
101914,0.1
101915,0.095
101916,0.835
101917,0.01
101918,0.205
101919,0.095
101920,0.065
101921,0.075
101922,0.27
101923,0.035
101924,0.305
101925,0.065
101926,0.285
101927,0.03
101928,0.16
101929,0.145
101930,0.19
101931,0.335
101932,0.045
101933,0.745
101934,0.2
101935,0.22
101936,0.27
101937,0.725
101938,0.665
101939,0.21
101940,0.485
101941,0.05
101942,0.105
101943,0.225
101944,0.155
101945,0.05
101946,0.035
101947,0.175
101948,0.175
101949,0.095
101950,0.57
101951,0.69
101952,0.045
101953,0.235
101954,0.14
101955,0.645
101956,0.48
101957,0.07
101958,0.815
101959,0.21
101960,0.785
101961,0.385
101962,0.35
101963,0.15
101964,0.165
101965,0.295
101966,0.335
101967,0.22
101968,0.095
101969,0.12
101970,0.61
101971,0.045
101972,0.155
101973,0.315
101974,0.3
101975,0.175
101976,0.085
101977,0.11
101978,0.01
101979,0.21
101980,0.19
101981,0.03
101982,0.105
101983,0.195
101984,0.06
101985,0.2
101986,0.125
101987,0.27
101988,0.72
101989,0.06
101990,0.355
101991,0.44
101992,0.11
101993,0.305
101994,0.095
101995,0.1
101996,0.07
101997,0.225
101998,0.065
101999,0.175
102000,0.15
102001,0.335
102002,0.58
102003,0.125
102004,0.215
102005,0.19
102006,0.205
102007,0.68
102008,0.005
102009,0.28
102010,0.075
102011,0.26
102012,0.215
102013,0.025
102014,0.0
102015,0.3
102016,0.105
102017,0.175
102018,0.97
102019,0.1
102020,0.705
102021,0.755
102022,0.11
102023,0.235
102024,0.105
102025,0.11
102026,0.265
102027,0.005
102028,0.09
102029,0.005
102030,0.265
102031,0.145
102032,0.08
102033,0.075
102034,0.055
102035,0.055
102036,0.205
102037,0.265
102038,0.64
102039,0.155
102040,0.445
102041,0.375
102042,0.185
102043,0.05
102044,0.37
102045,0.325
102046,0.215
102047,0.555
102048,0.09
102049,0.12
102050,0.51
102051,0.4
102052,0.005
102053,0.395
102054,0.125
102055,0.235
102056,0.11
102057,0.02
102058,0.11
102059,0.21
102060,0.51
102061,0.37
102062,0.28
102063,0.195
102064,0.565
102065,0.07
102066,0.07
102067,0.1
102068,0.12
102069,0.12
102070,0.035
102071,0.06
102072,0.48
102073,0.09
102074,0.09
102075,0.13
102076,0.09
102077,0.2
102078,0.06
102079,0.215
102080,0.07
102081,0.065
102082,0.855
102083,0.075
102084,0.055
102085,0.19
102086,0.32
102087,0.685
102088,0.12
102089,0.055
102090,0.55
102091,0.14
102092,0.07
102093,0.44
102094,0.275
102095,0.445
102096,0.065
102097,0.405
102098,0.0
102099,0.055
102100,0.105
102101,0.245
102102,0.36
102103,0.15
102104,0.145
102105,0.435
102106,0.075
102107,0.18
102108,0.36
102109,0.365
102110,0.145
102111,0.47
102112,0.58
102113,0.17
102114,0.155
102115,0.235
102116,0.375
102117,0.11
102118,0.12
102119,0.54
102120,0.325
102121,0.495
102122,0.09
102123,0.035
102124,0.005
102125,0.625
102126,0.1
102127,0.115
102128,0.22
102129,0.025
102130,0.065
102131,0.105
102132,0.025
102133,0.105
102134,0.115
102135,0.11
102136,0.005
102137,0.14
102138,0.125
102139,0.035
102140,0.215
102141,0.075
102142,0.085
102143,0.36
102144,0.285
102145,0.3
102146,0.09
102147,0.13
102148,0.03
102149,0.055
102150,0.58
102151,0.225
102152,0.14
102153,0.62
102154,0.36
102155,0.1
102156,0.08
102157,0.165
102158,0.71
102159,0.78
102160,0.09
102161,0.125
102162,0.1
102163,0.405
102164,0.09
102165,0.17
102166,0.18
102167,0.175
102168,0.585
102169,0.13
102170,0.66
102171,0.175
102172,0.105
102173,0.19
102174,0.05
102175,0.52
102176,0.08
102177,0.155
102178,0.635
102179,0.105
102180,0.115
102181,0.02
102182,0.42
102183,0.025
102184,0.18
102185,0.03
102186,0.87
102187,0.04
102188,0.135
102189,0.03
102190,0.135
102191,0.035
102192,0.035
102193,0.175
102194,0.495
102195,0.05
102196,0.615
102197,0.24
102198,0.505
102199,0.72
102200,0.225
102201,0.02
102202,0.37
102203,0.14
102204,0.07
102205,0.74
102206,0.34
102207,0.305
102208,0.155
102209,0.065
102210,0.72
102211,0.075
102212,0.225
102213,0.07
102214,0.77
102215,0.11
102216,0.165
102217,0.14
102218,0.195
102219,0.05
102220,0.12
102221,0.245
102222,0.145
102223,0.785
102224,0.41
102225,0.09
102226,0.06
102227,0.315
102228,0.04
102229,0.245
102230,0.575
102231,0.705
102232,0.02
102233,0.13
102234,0.045
102235,0.39
102236,0.055
102237,0.135
102238,0.1
102239,0.04
102240,0.055
102241,0.1
102242,0.255
102243,0.27
102244,0.29
102245,0.105
102246,0.235
102247,0.31
102248,0.13
102249,0.655
102250,0.08
102251,0.025
102252,0.145
102253,0.58
102254,0.055
102255,0.035
102256,0.15
102257,0.125
102258,0.185
102259,0.235
102260,0.2
102261,0.305
102262,0.16
102263,0.285
102264,0.48
102265,0.385
102266,0.665
102267,0.145
102268,0.055
102269,0.075
102270,0.155
102271,0.05
102272,0.455
102273,0.22
102274,0.125
102275,0.035
102276,0.03
102277,0.08
102278,0.4
102279,0.095
102280,0.18
102281,0.145
102282,0.18
102283,0.06
102284,0.225
102285,0.44
102286,0.715
102287,0.28
102288,0.22
102289,0.105
102290,0.185
102291,0.085
102292,0.045
102293,0.055
102294,0.28
102295,0.175
102296,0.41
102297,0.34
102298,0.07
102299,0.055
102300,0.545
102301,0.305
102302,0.08
102303,0.025
102304,0.43
102305,0.105
102306,0.0
102307,0.18
102308,0.065
102309,0.05
102310,0.095
102311,0.56
102312,0.015
102313,0.135
102314,0.015
102315,0.12
102316,0.08
102317,0.085
102318,0.765
102319,0.18
102320,0.1
102321,0.035
102322,0.205
102323,0.265
102324,0.145
102325,0.16
102326,0.315
102327,0.195
102328,0.295
102329,0.155
102330,0.22
102331,0.23
102332,0.03
102333,0.15
102334,0.055
102335,0.31
102336,0.235
102337,0.025
102338,0.12
102339,0.41
102340,0.155
102341,0.4
102342,0.31
102343,0.09
102344,0.165
102345,0.215
102346,0.22
102347,0.19
102348,0.24
102349,0.06
102350,0.13
102351,0.355
102352,0.475
102353,0.13
102354,0.06
102355,0.13
102356,0.27
102357,0.15
102358,0.235
102359,0.7
102360,0.08
102361,0.53
102362,0.155
102363,0.47
102364,0.475
102365,0.135
102366,0.09
102367,0.065
102368,0.34
102369,0.265
102370,0.965
102371,0.445
102372,0.68
102373,0.025
102374,0.255
102375,0.13
102376,0.01
102377,0.195
102378,0.1
102379,0.1
102380,0.62
102381,0.01
102382,0.13
102383,0.04
102384,0.015
102385,0.075
102386,0.13
102387,0.045
102388,0.575
102389,0.06
102390,0.385
102391,0.18
102392,0.445
102393,0.115
102394,0.69
102395,0.135
102396,0.065
102397,0.05
102398,0.005
102399,0.065
102400,0.13
102401,0.675
102402,0.115
102403,0.02
102404,0.69
102405,0.39
102406,0.375
102407,0.58
102408,0.045
102409,0.175
102410,0.085
102411,0.71
102412,0.26
102413,0.065
102414,0.165
102415,0.38
102416,0.48
102417,0.11
102418,0.165
102419,0.255
102420,0.82
102421,0.51
102422,0.12
102423,0.49
102424,0.45
102425,0.0
102426,0.075
102427,0.255
102428,0.09
102429,0.6
102430,0.175
102431,0.025
102432,0.01
102433,0.245
102434,0.05
102435,0.115
102436,0.145
102437,0.06
102438,0.13
102439,0.26
102440,0.3
102441,0.6
102442,0.025
102443,0.26
102444,0.175
102445,0.055
102446,0.185
102447,0.095
102448,0.16
102449,0.035
102450,0.065
102451,0.09
102452,0.215
102453,0.045
102454,0.09
102455,0.215
102456,0.265
102457,0.615
102458,0.295
102459,0.08
102460,0.1
102461,0.46
102462,0.84
102463,0.055
102464,0.1
102465,0.21
102466,0.145
102467,0.785
102468,0.275
102469,0.635
102470,0.14
102471,0.02
102472,0.225
102473,0.14
102474,0.235
102475,0.085
102476,0.1
102477,0.26
102478,0.03
102479,0.0
102480,0.02
102481,0.185
102482,0.29
102483,0.015
102484,0.205
102485,0.205
102486,0.345
102487,0.115
102488,0.01
102489,0.085
102490,0.09
102491,0.125
102492,0.075
102493,0.52
102494,0.735
102495,0.225
102496,0.225
102497,0.085
102498,0.295
102499,0.145
102500,0.02
102501,0.07
102502,0.61
102503,0.64
102504,0.27
102505,0.44
102506,0.025
102507,0.035
102508,0.125
102509,0.15
102510,0.015
102511,0.0
102512,0.01
102513,0.37
102514,0.295
102515,0.39
102516,0.025
102517,0.08
102518,0.07
102519,0.085
102520,0.135
102521,0.19
102522,0.08
102523,0.19
102524,0.18
102525,0.285
102526,0.11
102527,0.04
102528,0.105
102529,0.1
102530,0.075
102531,0.34
102532,0.425
102533,0.035
102534,0.14
102535,0.71
102536,0.26
102537,0.125
102538,0.15
102539,0.26
102540,0.015
102541,0.1
102542,0.06
102543,0.23
102544,0.055
102545,0.41
102546,0.22
102547,0.14
102548,0.21
102549,0.47
102550,0.195
102551,0.065
102552,0.02
102553,0.295
102554,0.0
102555,0.415
102556,0.2
102557,0.165
102558,0.1
102559,0.305
102560,0.59
102561,0.055
102562,0.36
102563,0.625
102564,0.095
102565,0.07
102566,0.17
102567,0.375
102568,0.35
102569,0.105
102570,0.09
102571,0.875
102572,0.01
102573,0.06
102574,0.235
102575,0.11
102576,0.14
102577,0.03
102578,0.61
102579,0.01
102580,0.665
102581,0.02
102582,0.17
102583,0.94
102584,0.1
102585,0.235
102586,0.775
102587,0.13
102588,0.835
102589,0.205
102590,0.035
102591,0.445
102592,0.24
102593,0.385
102594,0.165
102595,0.13
102596,0.355
102597,0.085
102598,0.055
102599,0.585
102600,0.565
102601,0.135
102602,0.2
102603,0.155
102604,0.08
102605,0.315
102606,0.015
102607,0.025
102608,0.125
102609,0.035
102610,0.14
102611,0.385
102612,0.105
102613,0.66
102614,0.16
102615,0.13
102616,0.07
102617,0.055
102618,0.11
102619,0.02
102620,0.28
102621,0.31
102622,0.055
102623,0.04
102624,0.09
102625,0.06
102626,0.065
102627,0.12
102628,0.6
102629,0.195
102630,0.625
102631,0.38
102632,0.105
102633,0.18
102634,0.25
102635,0.03
102636,0.295
102637,0.03
102638,0.1
102639,0.24
102640,0.015
102641,0.205
102642,0.565
102643,0.315
102644,0.305
102645,0.185
102646,0.025
102647,0.32
102648,0.03
102649,0.54
102650,0.14
102651,0.275
102652,0.325
102653,0.55
102654,0.135
102655,0.225
102656,0.23
102657,0.195
102658,0.17
102659,0.515
102660,0.135
102661,0.075
102662,0.79
102663,0.57
102664,0.115
102665,0.37
102666,0.24
102667,0.195
102668,0.095
102669,0.1
102670,0.09
102671,0.29
102672,0.2
102673,0.11
102674,0.095
102675,0.1
102676,0.21
102677,0.18
102678,0.13
102679,0.065
102680,0.08
102681,0.03
102682,0.05
102683,0.06
102684,0.055
102685,0.07
102686,0.05
102687,0.08
102688,0.52
102689,0.39
102690,0.235
102691,0.57
102692,0.035
102693,0.035
102694,0.195
102695,0.36
102696,0.065
102697,0.015
102698,0.225
102699,0.085
102700,0.35
102701,0.285
102702,0.8
102703,0.235
102704,0.055
102705,0.225
102706,0.34
102707,0.175
102708,0.245
102709,0.005
102710,0.095
102711,0.215
102712,0.115
102713,0.545
102714,0.19
102715,0.51
102716,0.355
102717,0.32
102718,0.34
102719,0.185
102720,0.195
102721,0.095
102722,0.085
102723,0.02
102724,0.33
102725,0.065
102726,0.165
102727,0.405
102728,0.16
102729,0.085
102730,0.22
102731,0.02
102732,0.26
102733,0.105
102734,0.88
102735,0.06
102736,0.085
102737,0.195
102738,0.14
102739,0.14
102740,0.095
102741,0.155
102742,0.51
102743,0.585
102744,0.24
102745,0.07
102746,0.32
102747,0.1
102748,0.17
102749,0.05
102750,0.115
102751,0.36
102752,0.13
102753,0.17
102754,0.125
102755,0.25
102756,0.06
102757,0.28
102758,0.06
102759,0.655
102760,0.475
102761,0.08
102762,0.095
102763,0.18
102764,0.195
102765,0.5
102766,0.035
102767,0.38
102768,0.56
102769,0.895
102770,0.03
102771,0.075
102772,0.03
102773,0.02
102774,0.885
102775,0.055
102776,0.175
102777,0.17
102778,0.19
102779,0.2
102780,0.99
102781,0.155
102782,0.16
102783,0.545
102784,0.1
102785,0.555
102786,0.035
102787,0.28
102788,0.085
102789,0.035
102790,0.31
102791,0.2
102792,0.55
102793,0.035
102794,0.31
102795,0.015
102796,0.02
102797,0.18
102798,0.095
102799,0.385
102800,0.065
102801,0.05
102802,0.645
102803,0.1
102804,0.065
102805,0.105
102806,0.02
102807,0.095
102808,0.185
102809,0.05
102810,0.13
102811,0.11
102812,0.02
102813,0.08
102814,0.18
102815,0.845
102816,0.11
102817,0.095
102818,0.3
102819,0.12
102820,0.1
102821,0.195
102822,0.265
102823,0.105
102824,0.495
102825,0.555
102826,0.62
102827,0.145
102828,0.11
102829,0.105
102830,0.125
102831,0.25
102832,0.205
102833,0.03
102834,0.11
102835,0.515
102836,0.13
102837,0.04
102838,0.51
102839,0.41
102840,0.07
102841,0.12
102842,0.23
102843,0.02
102844,0.455
102845,0.045
102846,0.015
102847,0.33
102848,0.625
102849,0.57
102850,0.11
102851,0.285
102852,0.73
102853,0.45
102854,0.09
102855,0.045
102856,0.115
102857,0.77
102858,0.265
102859,0.21
102860,0.135
102861,0.125
102862,0.08
102863,0.375
102864,0.065
102865,0.07
102866,0.06
102867,0.105
102868,0.38
102869,0.255
102870,0.225
102871,0.875
102872,0.085
102873,0.085
102874,0.16
102875,0.06
102876,0.105
102877,0.35
102878,0.245
102879,0.085
102880,0.105
102881,0.155
102882,0.21
102883,0.03
102884,0.13
102885,0.02
102886,0.1
102887,0.34
102888,0.09
102889,0.27
102890,0.115
102891,0.415
102892,0.06
102893,0.245
102894,0.23
102895,0.325
102896,0.145
102897,0.165
102898,0.21
102899,0.16
102900,0.2
102901,0.25
102902,0.035
102903,0.055
102904,0.205
102905,0.085
102906,0.24
102907,0.095
102908,0.12
102909,0.185
102910,0.075
102911,0.08
102912,0.03
102913,0.14
102914,0.085
102915,0.035
102916,0.115
102917,0.295
102918,0.165
102919,0.09
102920,0.41
102921,0.11
102922,0.22
102923,0.73
102924,0.56
102925,0.035
102926,0.04
102927,0.015
102928,0.105
102929,0.055
102930,0.17
102931,0.21
102932,0.64
102933,0.365
102934,0.785
102935,0.24
102936,0.155
102937,0.01
102938,0.01
102939,0.245
102940,0.06
102941,0.18
102942,0.26
102943,0.085
102944,0.17
102945,0.075
102946,0.065
102947,0.73
102948,0.225
102949,0.555
102950,0.1
102951,0.4
102952,0.795
102953,0.075
102954,0.13
102955,0.315
102956,0.015
102957,0.22
102958,0.475
102959,0.135
102960,0.095
102961,0.43
102962,0.165
102963,0.22
102964,0.0
102965,0.28
102966,0.31
102967,0.755
102968,0.02
102969,0.055
102970,0.285
102971,0.165
102972,0.67
102973,0.805
102974,0.35
102975,0.0
102976,0.285
102977,0.1
102978,0.66
102979,0.53
102980,0.275
102981,0.17
102982,0.075
102983,0.065
102984,0.345
102985,0.125
102986,0.065
102987,0.15
102988,0.07
102989,0.075
102990,0.21
102991,0.085
102992,0.455
102993,0.69
102994,0.49
102995,0.03
102996,0.125
102997,0.06
102998,0.145
102999,0.055
103000,0.085
103001,0.05
103002,0.115
103003,0.245
103004,0.415
103005,0.51
103006,0.46
103007,0.075
103008,0.105
103009,0.065
103010,0.0
103011,0.11
103012,0.11
103013,0.2
103014,0.09
103015,0.275
103016,0.345
103017,0.425
103018,0.185
103019,0.105
103020,0.085
103021,0.015
103022,0.575
103023,0.035
103024,0.34
103025,0.26
103026,0.345
103027,0.155
103028,0.09
103029,0.005
103030,0.12
103031,0.055
103032,0.035
103033,0.1
103034,0.21
103035,0.415
103036,0.165
103037,0.05
103038,0.35
103039,0.035
103040,0.36
103041,0.025
103042,0.135
103043,0.045
103044,0.16
103045,0.175
103046,0.13
103047,0.27
103048,0.215
103049,0.58
103050,0.68
103051,0.015
103052,0.215
103053,0.055
103054,0.065
103055,0.03
103056,0.105
103057,0.345
103058,0.86
103059,0.38
103060,0.655
103061,0.415
103062,0.375
103063,0.45
103064,0.125
103065,0.175
103066,0.05
103067,0.065
103068,0.255
103069,0.26
103070,0.805
103071,0.23
103072,0.125
103073,0.025
103074,0.08
103075,0.285
103076,0.035
103077,0.195
103078,0.03
103079,0.57
103080,0.16
103081,0.465
103082,0.75
103083,0.225
103084,0.185
103085,0.095
103086,0.085
103087,0.11
103088,0.17
103089,0.195
103090,0.7
103091,0.055
103092,0.085
103093,0.095
103094,0.615
103095,0.35
103096,0.28
103097,0.515
103098,0.085
103099,0.035
103100,0.02
103101,0.79
103102,0.32
103103,0.28
103104,0.03
103105,0.02
103106,0.18
103107,0.025
103108,0.07
103109,0.305
103110,0.165
103111,0.005
103112,0.04
103113,0.425
103114,0.05
103115,0.045
103116,0.555
103117,0.43
103118,0.285
103119,0.31
103120,0.135
103121,0.65
103122,0.11
103123,0.19
103124,0.09
103125,0.135
103126,0.22
103127,0.14
103128,0.075
103129,0.2
103130,0.03
103131,0.025
103132,0.21
103133,0.05
103134,0.47
103135,0.1
103136,0.205
103137,0.125
103138,0.325
103139,0.095
103140,0.725
103141,0.035
103142,0.055
103143,0.2
103144,0.29
103145,0.18
103146,0.105
103147,0.665
103148,0.135
103149,0.055
103150,0.445
103151,0.29
103152,0.445
103153,0.1
103154,0.485
103155,0.455
103156,0.13
103157,0.275
103158,0.18
103159,0.495
103160,0.01
103161,0.09
103162,0.07
103163,0.27
103164,0.045
103165,0.125
103166,0.735
103167,0.215
103168,0.325
103169,0.925
103170,0.0
103171,0.07
103172,0.73
103173,0.595
103174,0.345
103175,0.05
103176,0.4
103177,0.4
103178,0.2
103179,0.03
103180,0.785
103181,0.125
103182,0.155
103183,0.045
103184,0.25
103185,0.0
103186,0.025
103187,0.45
103188,0.795
103189,0.015
103190,0.2
103191,0.31
103192,0.115
103193,0.27
103194,0.0
103195,0.025
103196,0.465
103197,0.285
103198,0.165
103199,0.285
103200,0.545
103201,0.435
103202,0.115
103203,0.5
103204,0.31
103205,0.075
103206,0.025
103207,0.215
103208,0.08
103209,0.105
103210,0.1
103211,0.045
103212,0.005
103213,0.01
103214,0.165
103215,0.055
103216,0.21
103217,0.075
103218,0.33
103219,0.045
103220,0.37
103221,0.27
103222,0.18
103223,0.84
103224,0.155
103225,0.3
103226,0.16
103227,0.02
103228,0.705
103229,0.095
103230,0.09
103231,0.67
103232,0.25
103233,0.1
103234,0.04
103235,0.115
103236,0.9
103237,0.045
103238,0.155
103239,0.125
103240,0.12
103241,0.36
103242,0.27
103243,0.075
103244,0.0
103245,0.405
103246,0.025
103247,0.04
103248,0.145
103249,1.0
103250,0.065
103251,0.045
103252,0.4
103253,0.545
103254,0.115
103255,0.105
103256,0.055
103257,0.03
103258,0.185
103259,0.1
103260,0.155
103261,0.06
103262,0.575
103263,0.04
103264,0.415
103265,0.13
103266,0.305
103267,0.04
103268,0.06
103269,0.095
103270,0.03
103271,0.33
103272,0.29
103273,0.225
103274,0.05
103275,0.235
103276,0.22
103277,0.455
103278,0.05
103279,0.005
103280,0.22
103281,0.29
103282,0.25
103283,0.55
103284,0.055
103285,0.24
103286,0.11
103287,0.165
103288,0.13
103289,0.095
103290,0.96
103291,0.02
103292,0.365
103293,0.09
103294,0.01
103295,0.255
103296,0.305
103297,0.27
103298,0.055
103299,0.025
103300,0.735
103301,0.17
103302,0.14
103303,0.48
103304,0.09
103305,0.13
103306,0.035
103307,0.185
103308,0.0
103309,0.105
103310,0.27
103311,0.44
103312,0.045
103313,0.04
103314,0.175
103315,0.095
103316,0.31
103317,0.035
103318,0.155
103319,0.765
103320,0.35
103321,0.345
103322,0.035
103323,0.665
103324,0.115
103325,0.2
103326,0.3
103327,0.075
103328,0.12
103329,0.145
103330,0.545
103331,0.165
103332,0.165
103333,0.225
103334,0.005
103335,0.105
103336,0.5
103337,0.65
103338,0.18
103339,0.195
103340,0.07
103341,0.41
103342,0.24
103343,0.11
103344,0.13
103345,0.88
103346,0.425
103347,0.76
103348,0.93
103349,0.47
103350,0.065
103351,0.425
103352,0.085
103353,0.03
103354,0.055
103355,0.325
103356,0.67
103357,0.065
103358,0.535
103359,0.02
103360,0.59
103361,0.535
103362,0.16
103363,0.55
103364,0.015
103365,0.035
103366,0.07
103367,0.15
103368,0.3
103369,0.06
103370,0.28
103371,0.03
103372,0.05
103373,0.11
103374,0.265
103375,0.22
103376,0.125
103377,0.31
103378,0.005
103379,0.03
103380,0.06
103381,0.15
103382,0.86
103383,0.615
103384,0.14
103385,0.155
103386,0.06
103387,0.18
103388,0.06
103389,0.445
103390,0.375
103391,0.34
103392,0.065
103393,0.415
103394,0.08
103395,0.505
103396,0.195
103397,0.24
103398,0.14
103399,0.22
103400,0.435
103401,0.085
103402,0.035
103403,0.61
103404,0.035
103405,0.71
103406,0.535
103407,0.635
103408,0.1
103409,0.08
103410,0.055
103411,0.055
103412,0.1
103413,0.335
103414,0.05
103415,0.075
103416,0.175
103417,0.31
103418,0.155
103419,0.065
103420,0.115
103421,0.0
103422,0.45
103423,0.38
103424,0.615
103425,0.385
103426,0.16
103427,0.275
103428,0.97
103429,0.295
103430,0.115
103431,0.105
103432,0.22
103433,0.17
103434,0.335
103435,0.45
103436,0.365
103437,0.79
103438,0.035
103439,0.15
103440,0.175
103441,0.1
103442,0.105
103443,0.0
103444,0.075
103445,0.355
103446,0.175
103447,0.08
103448,0.055
103449,0.215
103450,0.035
103451,0.115
103452,0.14
103453,0.035
103454,0.125
103455,0.865
103456,0.2
103457,0.16
103458,0.165
103459,0.225
103460,0.18
103461,0.04
103462,0.18
103463,0.205
103464,0.145
103465,0.27
103466,0.135
103467,0.85
103468,0.585
103469,0.745
103470,0.45
103471,0.04
103472,0.11
103473,0.13
103474,0.28
103475,0.11
103476,0.85
103477,0.72
103478,0.055
103479,0.3
103480,0.44
103481,0.11
103482,0.01
103483,0.035
103484,0.12
103485,0.055
103486,0.0
103487,0.04
103488,0.305
103489,0.565
103490,0.17
103491,0.19
103492,0.205
103493,0.2
103494,0.255
103495,0.6
103496,0.315
103497,0.085
103498,0.09
103499,0.065
103500,0.15
103501,0.75
103502,0.315
103503,0.475
103504,0.395
103505,0.14
103506,0.025
103507,0.17
103508,0.5
103509,0.035
103510,0.35
103511,0.365
103512,0.005
103513,0.25
103514,0.71
103515,0.2
103516,0.145
103517,0.045
103518,0.175
103519,0.725
103520,0.14
103521,0.17
103522,0.555
103523,0.235
103524,0.3
103525,0.16
103526,0.015
103527,0.095
103528,0.09
103529,0.125
103530,0.22
103531,0.08
103532,0.33
103533,0.285
103534,0.05
103535,0.135
103536,0.11
103537,0.03
103538,0.085
103539,0.085
103540,0.735
103541,0.035
103542,0.26
103543,0.085
103544,0.015
103545,0.09
103546,0.075
103547,0.145
103548,0.395
103549,0.135
103550,0.03
103551,0.175
103552,0.09
103553,0.055
103554,0.235
103555,0.275
103556,0.215
103557,0.105
103558,0.065
103559,0.095
103560,0.725
103561,0.06
103562,0.07
103563,0.04
103564,0.13
103565,0.465
103566,0.155
103567,0.165
103568,0.41
103569,0.05
103570,0.09
103571,0.12
103572,0.355
103573,0.02
103574,0.125
103575,0.075
103576,0.125
103577,0.27
103578,0.345
103579,0.495
103580,0.045
103581,0.03
103582,0.22
103583,0.08
103584,0.24
103585,0.23
103586,0.21
103587,0.02
103588,0.675
103589,0.175
103590,0.115
103591,0.16
103592,0.0
103593,0.2
103594,0.27
103595,0.05
103596,0.125
103597,0.065
103598,0.05
103599,0.2
103600,0.08
103601,0.495
103602,0.085
103603,0.53
103604,0.07
103605,0.36
103606,0.035
103607,0.395
103608,0.22
103609,0.365
103610,0.795
103611,0.07
103612,0.01
103613,0.095
103614,0.52
103615,0.2
103616,0.345
103617,0.31
103618,0.05
103619,0.34
103620,0.025
103621,0.035
103622,0.435
103623,0.15
103624,0.05
103625,0.87
103626,0.2
103627,0.07
103628,0.235
103629,0.205
103630,0.51
103631,0.05
103632,0.585
103633,0.845
103634,0.23
103635,0.065
103636,0.09
103637,0.325
103638,0.06
103639,0.73
103640,0.205
103641,0.09
103642,0.06
103643,0.255
103644,0.105
103645,0.15
103646,0.09
103647,0.09
103648,0.065
103649,0.01
103650,0.335
103651,0.725
103652,0.04
103653,0.165
103654,0.03
103655,0.235
103656,0.155
103657,0.1
103658,0.13
103659,0.275
103660,0.025
103661,0.195
103662,0.14
103663,0.105
103664,0.045
103665,0.11
103666,0.07
103667,0.2
103668,0.165
103669,0.165
103670,0.385
103671,0.02
103672,0.14
103673,0.105
103674,0.135
103675,0.045
103676,0.145
103677,0.4
103678,0.105
103679,0.165
103680,0.49
103681,0.225
103682,0.26
103683,0.0
103684,0.365
103685,0.12
103686,0.335
103687,0.02
103688,0.465
103689,0.065
103690,0.745
103691,0.135
103692,0.435
103693,0.005
103694,0.03
103695,0.125
103696,0.095
103697,0.43
103698,0.01
103699,0.71
103700,0.08
103701,0.07
103702,0.17
103703,0.155
103704,0.07
103705,0.035
103706,0.61
103707,0.385
103708,0.5
103709,0.08
103710,0.115
103711,0.155
103712,0.115
103713,0.47
103714,0.045
103715,0.085
103716,0.375
103717,0.07
103718,0.225
103719,0.25
103720,0.06
103721,0.54
103722,0.365
103723,0.18
103724,0.095
103725,0.12
103726,0.0
103727,0.03
103728,0.18
103729,0.24
103730,0.13
103731,0.105
103732,0.545
103733,0.025
103734,0.055
103735,0.42
103736,0.58
103737,0.2
103738,0.07
103739,0.125
103740,0.54
103741,0.03
103742,0.815
103743,0.22
103744,0.025
103745,0.335
103746,0.13
103747,0.36
103748,0.16
103749,0.61
103750,0.26
103751,0.89
103752,0.15
103753,0.12
103754,0.185
103755,0.23
103756,0.015
103757,0.125
103758,0.145
103759,0.675
103760,0.095
103761,0.21
103762,0.185
103763,0.01
103764,0.665
103765,0.005
103766,0.03
103767,0.31
103768,0.07
103769,0.15
103770,0.145
103771,0.135
103772,0.02
103773,0.125
103774,0.455
103775,0.31
103776,0.18
103777,0.135
103778,0.13
103779,0.015
103780,0.28
103781,0.145
103782,0.025
103783,0.065
103784,0.055
103785,0.055
103786,0.19
103787,0.22
103788,0.595
103789,0.19
103790,0.32
103791,0.565
103792,0.23
103793,0.23
103794,0.305
103795,0.045
103796,0.29
103797,0.315
103798,0.185
103799,0.025
103800,0.24
103801,0.18
103802,0.265
103803,0.155
103804,0.125
103805,0.04
103806,0.04
103807,0.085
103808,0.035
103809,0.075
103810,0.09
103811,0.055
103812,0.035
103813,0.22
103814,0.58
103815,0.35
103816,0.415
103817,0.135
103818,0.08
103819,0.21
103820,0.045
103821,0.4
103822,0.18
103823,0.085
103824,0.125
103825,0.3
103826,0.05
103827,0.51
103828,0.05
103829,0.125
103830,0.115
103831,0.01
103832,0.17
103833,0.085
103834,0.14
103835,0.135
103836,0.115
103837,0.03
103838,0.075
103839,0.135
103840,0.22
103841,0.65
103842,0.06
103843,0.855
103844,0.035
103845,0.07
103846,0.73
103847,0.11
103848,0.19
103849,0.235
103850,0.045
103851,0.1
103852,0.87
103853,0.075
103854,0.05
103855,0.14
103856,0.125
103857,0.055
103858,0.07
103859,0.075
103860,0.27
103861,0.155
103862,0.035
103863,0.09
103864,0.16
103865,0.15
103866,0.08
103867,0.23
103868,0.18
103869,0.105
103870,0.075
103871,0.45
103872,0.05
103873,0.885
103874,0.18
103875,0.68
103876,0.005
103877,0.14
103878,0.14
103879,0.11
103880,0.6
103881,0.215
103882,0.205
103883,0.09
103884,0.13
103885,0.17
103886,0.2
103887,0.29
103888,0.34
103889,0.115
103890,0.1
103891,0.295
103892,0.56
103893,0.175
103894,0.07
103895,0.29
103896,0.095
103897,0.345
103898,0.405
103899,0.12
103900,0.44
103901,0.335
103902,0.115
103903,0.285
103904,0.19
103905,0.165
103906,0.18
103907,0.28
103908,0.545
103909,0.06
103910,0.17
103911,0.265
103912,0.855
103913,0.275
103914,0.115
103915,0.895
103916,0.125
103917,0.005
103918,0.105
103919,0.43
103920,0.5
103921,0.425
103922,0.195
103923,0.25
103924,0.42
103925,0.195
103926,0.22
103927,0.655
103928,0.37
103929,0.35
103930,0.24
103931,0.395
103932,0.28
103933,0.085
103934,0.235
103935,0.075
103936,0.06
103937,0.1
103938,0.61
103939,0.81
103940,0.08
103941,0.13
103942,0.03
103943,0.485
103944,0.04
103945,0.475
103946,0.065
103947,0.09
103948,0.085
103949,0.315
103950,0.03
103951,0.26
103952,0.615
103953,0.08
103954,0.3
103955,0.375
103956,0.85
103957,0.11
103958,0.11
103959,0.355
103960,0.775
103961,0.065
103962,0.11
103963,0.2
103964,0.355
103965,0.16
103966,0.03
103967,0.105
103968,0.275
103969,0.175
103970,0.24
103971,0.15
103972,0.575
103973,0.01
103974,0.05
103975,0.165
103976,0.08
103977,0.24
103978,0.535
103979,0.18
103980,0.27
103981,0.435
103982,0.14
103983,0.315
103984,0.795
103985,0.035
103986,0.135
103987,0.095
103988,0.355
103989,0.3
103990,0.005
103991,0.78
103992,0.085
103993,0.2
103994,0.265
103995,0.37
103996,0.415
103997,0.055
103998,0.2
103999,0.215
104000,0.165
104001,0.045
104002,0.645
104003,0.21
104004,0.14
104005,0.295
104006,0.345
104007,0.25
104008,0.24
104009,0.095
104010,0.11
104011,0.08
104012,0.095
104013,0.16
104014,0.855
104015,0.63
104016,0.27
104017,0.14
104018,0.015
104019,0.16
104020,0.19
104021,0.04
104022,0.085
104023,0.72
104024,0.15
104025,0.51
104026,0.4
104027,0.04
104028,0.52
104029,0.235
104030,0.13
104031,0.73
104032,0.7
104033,0.165
104034,0.265
104035,0.275
104036,0.15
104037,0.225
104038,0.045
104039,0.12
104040,0.605
104041,0.09
104042,0.64
104043,0.34
104044,0.16
104045,0.61
104046,0.85
104047,0.175
104048,0.09
104049,0.115
104050,0.53
104051,0.05
104052,0.055
104053,0.025
104054,0.14
104055,0.725
104056,0.56
104057,0.17
104058,0.15
104059,0.53
104060,0.17
104061,0.075
104062,0.13
104063,0.115
104064,0.055
104065,0.95
104066,0.14
104067,0.07
104068,0.105
104069,0.08
104070,0.31
104071,0.01
104072,0.095
104073,0.005
104074,0.095
104075,0.125
104076,0.1
104077,0.05
104078,0.365
104079,0.245
104080,0.055
104081,0.14
104082,0.075
104083,0.23
104084,0.08
104085,0.12
104086,0.03
104087,0.035
104088,0.05
104089,0.225
104090,0.395
104091,0.125
104092,0.77
104093,0.025
104094,0.405
104095,0.755
104096,0.895
104097,0.085
104098,0.31
104099,0.165
104100,0.26
104101,0.68
104102,0.165
104103,0.13
104104,0.295
104105,0.03
104106,0.085
104107,0.015
104108,0.345
104109,0.11
104110,0.185
104111,0.22
104112,0.22
104113,0.225
104114,0.18
104115,0.06
104116,0.175
104117,0.5
104118,0.195
104119,0.33
104120,0.01
104121,0.13
104122,0.095
104123,0.19
104124,0.155
104125,0.035
104126,0.25
104127,0.18
104128,0.355
104129,0.1
104130,0.15
104131,0.3
104132,0.005
104133,0.175
104134,0.53
104135,0.265
104136,0.09
104137,0.095
104138,0.135
104139,0.005
104140,0.06
104141,0.555
104142,0.205
104143,0.015
104144,0.04
104145,0.025
104146,0.045
104147,0.12
104148,0.445
104149,0.2
104150,0.01
104151,0.075
104152,0.38
104153,0.185
104154,0.575
104155,0.155
104156,0.21
104157,0.065
104158,0.22
104159,0.265
104160,0.05
104161,0.11
104162,0.46
104163,0.12
104164,0.14
104165,0.105
104166,0.47
104167,0.28
104168,0.025
104169,0.055
104170,0.36
104171,0.425
104172,0.37
104173,0.54
104174,0.11
104175,0.215
104176,0.075
104177,0.65
104178,0.41
104179,0.2
104180,0.055
104181,0.805
104182,0.49
104183,0.115
104184,0.075
104185,0.195
104186,0.135
104187,0.13
104188,0.085
104189,0.23
104190,0.075
104191,0.18
104192,0.0
104193,0.175
104194,0.155
104195,0.16
104196,0.02
104197,0.035
104198,0.125
104199,0.045
104200,0.185
104201,0.675
104202,0.365
104203,0.3
104204,0.32
104205,0.115
104206,0.26
104207,0.105
104208,0.885
104209,0.04
104210,0.485
104211,0.66
104212,0.51
104213,0.335
104214,0.12
104215,0.745
104216,0.17
104217,0.075
104218,0.09
104219,0.37
104220,0.18
104221,0.11
104222,0.15
104223,0.72
104224,0.055
104225,0.215
104226,0.045
104227,0.7
104228,0.47
104229,0.095
104230,0.25
104231,0.115
104232,0.08
104233,0.295
104234,0.055
104235,0.035
104236,0.55
104237,0.135
104238,0.03
104239,0.2
104240,0.29
104241,0.105
104242,0.115
104243,0.77
104244,0.005
104245,0.015
104246,0.1
104247,0.21
104248,0.16
104249,0.08
104250,0.02
104251,0.005
104252,0.035
104253,0.28
104254,0.22
104255,0.105
104256,0.19
104257,0.46
104258,0.03
104259,0.915
104260,0.64
104261,0.435
104262,0.105
104263,0.135
104264,0.09
104265,0.04
104266,0.6
104267,0.16
104268,0.075
104269,0.135
104270,0.15
104271,0.035
104272,0.055
104273,0.09
104274,0.185
104275,0.015
104276,0.16
104277,0.52
104278,0.21
104279,0.015
104280,0.24
104281,0.2
104282,0.08
104283,0.11
104284,0.17
104285,0.31
104286,0.15
104287,0.065
104288,0.17
104289,0.1
104290,0.17
104291,0.76
104292,0.45
104293,0.08
104294,0.19
104295,0.135
104296,0.355
104297,0.095
104298,0.155
104299,0.275
104300,0.17
104301,0.445
104302,0.14
104303,0.125
104304,0.32
104305,0.58
104306,0.195
104307,0.63
104308,0.04
104309,0.085
104310,0.05
104311,0.12
104312,0.015
104313,0.21
104314,0.25
104315,0.0
104316,0.145
104317,0.07
104318,0.81
104319,0.04
104320,0.19
104321,0.055
104322,0.33
104323,0.005
104324,0.17
104325,0.415
104326,0.15
104327,0.16
104328,0.215
104329,0.395
104330,0.14
104331,0.13
104332,0.035
104333,0.135
104334,0.09
104335,0.06
104336,0.26
104337,0.03
104338,0.095
104339,0.315
104340,0.09
104341,0.245
104342,0.0
104343,0.085
104344,0.075
104345,0.205
104346,0.065
104347,0.735
104348,0.155
104349,0.015
104350,0.2
104351,0.075
104352,0.025
104353,0.835
104354,0.29
104355,0.125
104356,0.34
104357,0.23
104358,0.26
104359,0.18
104360,0.07
104361,0.325
104362,0.715
104363,0.37
104364,0.055
104365,0.05
104366,0.395
104367,0.115
104368,0.535
104369,0.01
104370,0.09
104371,0.085
104372,0.035
104373,0.34
104374,0.055
104375,0.065
104376,0.15
104377,0.21
104378,0.0
104379,0.865
104380,0.09
104381,0.08
104382,0.315
104383,0.36
104384,0.08
104385,0.305
104386,0.14
104387,0.095
104388,0.64
104389,0.18
104390,0.255
104391,0.305
104392,0.205
104393,0.555
104394,0.155
104395,0.09
104396,0.175
104397,0.245
104398,0.11
104399,0.25
104400,0.065
104401,0.17
104402,0.36
104403,0.265
104404,0.2
104405,0.12
104406,0.06
104407,0.215
104408,0.305
104409,0.19
104410,0.085
104411,0.305
104412,0.0
104413,0.06
104414,0.395
104415,0.635
104416,0.625
104417,0.85
104418,0.665
104419,0.43
104420,0.07
104421,0.05
104422,0.63
104423,0.055
104424,0.225
104425,0.05
104426,0.53
104427,0.16
104428,0.225
104429,0.055
104430,0.355
104431,0.725
104432,0.68
104433,0.19
104434,0.35
104435,0.095
104436,0.01
104437,0.16
104438,0.065
104439,0.31
104440,0.59
104441,0.21
104442,0.045
104443,0.955
104444,0.055
104445,0.275
104446,0.25
104447,0.345
104448,0.675
104449,0.28
104450,0.02
104451,0.255
104452,0.04
104453,0.35
104454,0.19
104455,0.17
104456,0.105
104457,0.31
104458,0.145
104459,0.16
104460,0.04
104461,0.3
104462,0.015
104463,0.25
104464,0.035
104465,0.07
104466,0.115
104467,0.025
104468,0.02
104469,0.07
104470,0.5
104471,0.14
104472,0.125
104473,0.155
104474,0.205
104475,0.16
104476,0.01
104477,0.06
104478,0.12
104479,0.385
104480,0.495
104481,0.37
104482,0.25
104483,0.285
104484,0.02
104485,0.0
104486,0.14
104487,0.14
104488,0.375
104489,0.15
104490,0.28
104491,0.155
104492,0.275
104493,0.33
104494,0.02
104495,0.57
104496,0.1
104497,0.15
104498,0.1
104499,0.12
104500,0.28
104501,0.165
104502,0.06
104503,0.26
104504,0.15
104505,0.16
104506,0.235
104507,0.595
104508,0.095
104509,0.065
104510,0.88
104511,0.07
104512,0.0
104513,0.015
104514,0.12
104515,0.16
104516,0.0
104517,0.96
104518,0.03
104519,0.26
104520,0.46
104521,0.61
104522,0.185
104523,0.205
104524,0.105
104525,0.26
104526,0.285
104527,0.045
104528,0.135
104529,0.185
104530,0.11
104531,0.13
104532,0.105
104533,0.235
104534,0.09
104535,0.365
104536,0.205
104537,0.025
104538,0.22
104539,0.12
104540,0.445
104541,0.015
104542,0.335
104543,0.0
104544,0.34
104545,0.305
104546,0.11
104547,0.28
104548,0.02
104549,0.06
104550,0.04
104551,0.025
104552,0.29
104553,0.21
104554,0.125
104555,0.055
104556,0.215
104557,0.01
104558,0.105
104559,0.48
104560,0.06
104561,0.83
104562,0.07
104563,0.015
104564,0.05
104565,0.065
104566,0.29
104567,0.485
104568,0.495
104569,0.58
104570,0.095
104571,0.23
104572,0.145
104573,0.015
104574,0.535
104575,0.05
104576,0.195
104577,0.06
104578,0.43
104579,0.105
104580,0.04
104581,0.225
104582,0.18
104583,0.255
104584,0.895
104585,0.075
104586,0.035
104587,0.415
104588,0.37
104589,0.185
104590,0.39
104591,0.25
104592,0.035
104593,0.185
104594,0.74
104595,0.095
104596,0.1
104597,0.89
104598,0.455
104599,0.265
104600,0.375
104601,0.145
104602,0.185
104603,0.56
104604,0.12
104605,0.29
104606,0.065
104607,0.105
104608,0.135
104609,0.045
104610,0.245
104611,0.24
104612,0.035
104613,0.355
104614,0.28
104615,0.07
104616,0.205
104617,0.12
104618,0.335
104619,0.43
104620,0.06
104621,0.36
104622,0.075
104623,0.3
104624,0.075
104625,0.18
104626,0.09
104627,0.195
104628,0.29
104629,0.03
104630,0.075
104631,0.435
104632,0.28
104633,0.135
104634,0.055
104635,0.05
104636,0.14
104637,0.14
104638,0.07
104639,0.23
104640,0.09
104641,0.125
104642,0.05
104643,0.215
104644,0.075
104645,0.055
104646,0.045
104647,0.065
104648,0.06
104649,0.065
104650,0.125
104651,0.045
104652,0.44
104653,0.225
104654,0.325
104655,0.295
104656,0.305
104657,0.115
104658,0.435
104659,0.185
104660,0.22
104661,0.14
104662,0.005
104663,0.13
104664,0.125
104665,0.46
104666,0.105
104667,0.1
104668,0.055
104669,0.165
104670,0.065
104671,0.52
104672,0.125
104673,0.57
104674,0.08
104675,0.22
104676,0.005
104677,0.26
104678,0.065
104679,0.05
104680,0.315
104681,0.655
104682,0.005
104683,0.415
104684,0.125
104685,0.045
104686,0.18
104687,0.305
104688,0.18
104689,0.71
104690,0.19
104691,0.03
104692,0.145
104693,0.155
104694,0.2
104695,0.14
104696,0.04
104697,0.125
104698,0.065
104699,0.11
104700,0.76
104701,0.295
104702,0.345
104703,0.345
104704,0.04
104705,0.135
104706,0.58
104707,0.2
104708,0.245
104709,0.23
104710,0.295
104711,0.075
104712,0.19
104713,0.325
104714,0.055
104715,0.315
104716,0.235
104717,0.07
104718,0.135
104719,0.46
104720,0.135
104721,0.265
104722,0.27
104723,0.895
104724,0.075
104725,0.435
104726,0.125
104727,0.085
104728,0.26
104729,0.18
104730,0.375
104731,0.26
104732,0.275
104733,0.3
104734,0.03
104735,0.02
104736,0.38
104737,0.175
104738,0.115
104739,0.025
104740,0.04
104741,0.725
104742,0.49
104743,0.11
104744,0.0
104745,0.45
104746,0.365
104747,0.115
104748,0.065
104749,0.075
104750,0.095
104751,0.345
104752,0.035
104753,0.145
104754,0.18
104755,0.005
104756,0.22
104757,0.17
104758,0.18
104759,0.24
104760,0.405
104761,0.055
104762,0.09
104763,0.13
104764,0.44
104765,0.125
104766,0.87
104767,0.135
104768,0.92
104769,0.065
104770,0.16
104771,0.625
104772,0.025
104773,0.315
104774,0.235
104775,0.065
104776,0.135
104777,0.06
104778,0.08
104779,0.18
104780,0.135
104781,0.035
104782,0.085
104783,0.03
104784,0.215
104785,0.05
104786,0.045
104787,0.12
104788,0.375
104789,0.12
104790,0.73
104791,0.04
104792,0.435
104793,0.02
104794,0.025
104795,0.685
104796,0.11
104797,0.09
104798,0.215
104799,0.205
104800,0.01
104801,0.025
104802,0.14
104803,0.385
104804,0.0
104805,0.63
104806,0.085
104807,0.565
104808,0.18
104809,0.575
104810,0.37
104811,0.46
104812,0.115
104813,0.25
104814,0.105
104815,0.745
104816,0.42
104817,0.075
104818,0.4
104819,0.63
104820,0.73
104821,0.065
104822,0.095
104823,0.075
104824,0.22
104825,0.06
104826,0.3
104827,0.26
104828,0.58
104829,0.455
104830,0.71
104831,0.11
104832,0.71
104833,0.32
104834,0.58
104835,0.105
104836,0.225
104837,0.21
104838,0.07
104839,0.43
104840,0.265
104841,0.12
104842,0.84
104843,0.275
104844,0.04
104845,0.07
104846,0.1
104847,0.015
104848,0.595
104849,0.09
104850,0.445
104851,0.16
104852,0.065
104853,0.635
104854,0.085
104855,0.065
104856,0.665
104857,0.125
104858,0.405
104859,0.155
104860,0.35
104861,0.765
104862,0.225
104863,0.075
104864,0.14
104865,0.045
104866,0.12
104867,0.21
104868,0.1
104869,0.065
104870,0.63
104871,0.1
104872,0.165
104873,0.355
104874,0.015
104875,0.35
104876,0.125
104877,0.265
104878,0.04
104879,0.75
104880,0.475
104881,0.76
104882,0.62
104883,0.16
104884,0.145
104885,0.025
104886,0.06
104887,0.11
104888,0.0
104889,0.08
104890,0.155
104891,0.045
104892,0.035
104893,0.165
104894,0.425
104895,0.32
104896,0.46
104897,0.29
104898,0.115
104899,0.165
104900,0.08
104901,0.09
104902,0.21
104903,0.315
104904,0.18
104905,0.045
104906,0.09
104907,0.21
104908,0.06
104909,0.46
104910,0.07
104911,0.0
104912,0.28
104913,0.22
104914,0.03
104915,0.5
104916,0.445
104917,0.155
104918,0.695
104919,0.03
104920,0.445
104921,0.07
104922,0.03
104923,0.655
104924,0.775
104925,0.335
104926,0.25
104927,0.015
104928,0.095
104929,0.08
104930,0.85
104931,0.06
104932,0.02
104933,0.03
104934,0.07
104935,0.35
104936,0.125
104937,0.245
104938,0.09
104939,0.08
104940,0.355
104941,0.47
104942,0.045
104943,0.34
104944,0.08
104945,0.045
104946,0.305
104947,0.16
104948,0.135
104949,0.16
104950,0.12
104951,0.39
104952,0.38
104953,0.18
104954,0.155
104955,0.295
104956,0.33
104957,0.125
104958,0.19
104959,0.235
104960,0.615
104961,0.03
104962,0.63
104963,0.255
104964,0.035
104965,0.105
104966,0.555
104967,0.125
104968,0.235
104969,0.145
104970,0.08
104971,0.145
104972,0.275
104973,0.0
104974,0.39
104975,0.665
104976,0.12
104977,0.07
104978,0.23
104979,0.085
104980,0.015
104981,0.19
104982,0.0
104983,0.73
104984,0.12
104985,0.02
104986,0.27
104987,0.675
104988,0.27
104989,0.55
104990,0.01
104991,0.025
104992,0.19
104993,0.095
104994,0.225
104995,0.595
104996,0.065
104997,0.365
104998,0.45
104999,0.355
105000,0.04
105001,0.48
105002,0.385
105003,0.175
105004,0.495
105005,0.095
105006,0.025
105007,0.065
105008,0.44
105009,0.815
105010,0.04
105011,0.08
105012,0.23
105013,0.49
105014,0.145
105015,0.08
105016,0.28
105017,0.035
105018,0.2
105019,0.14
105020,0.155
105021,0.11
105022,0.365
105023,0.32
105024,0.655
105025,0.355
105026,0.305
105027,0.105
105028,0.1
105029,0.21
105030,0.04
105031,0.18
105032,0.01
105033,0.015
105034,0.675
105035,0.14
105036,0.355
105037,0.42
105038,0.17
105039,0.035
105040,0.35
105041,0.225
105042,0.44
105043,0.215
105044,0.435
105045,0.015
105046,0.095
105047,0.12
105048,0.645
105049,0.055
105050,0.34
105051,0.635
105052,0.145
105053,0.32
105054,0.21
105055,0.755
105056,0.145
105057,0.26
105058,0.26
105059,0.155
105060,0.855
105061,0.01
105062,0.14
105063,0.03
105064,0.03
105065,0.2
105066,0.47
105067,0.005
105068,0.745
105069,0.065
105070,0.525
105071,0.265
105072,0.755
105073,0.11
105074,0.05
105075,0.21
105076,0.665
105077,0.065
105078,0.065
105079,0.135
105080,0.15
105081,0.38
105082,0.09
105083,0.075
105084,0.105
105085,0.045
105086,0.74
105087,0.535
105088,0.42
105089,0.0
105090,0.16
105091,0.0
105092,0.125
105093,0.635
105094,0.01
105095,0.02
105096,0.015
105097,0.365
105098,0.06
105099,0.26
105100,0.07
105101,0.295
105102,0.225
105103,0.03
105104,0.415
105105,0.035
105106,0.105
105107,0.015
105108,0.145
105109,0.555
105110,0.07
105111,0.685
105112,0.32
105113,0.215
105114,0.08
105115,0.155
105116,0.1
105117,0.135
105118,0.13
105119,0.31
105120,0.55
105121,0.42
105122,0.33
105123,0.54
105124,0.0
105125,0.37
105126,0.13
105127,0.01
105128,0.07
105129,0.73
105130,0.06
105131,0.195
105132,0.075
105133,0.305
105134,0.135
105135,0.18
105136,0.105
105137,0.27
105138,0.0
105139,0.145
105140,0.19
105141,0.065
105142,0.835
105143,0.18
105144,0.82
105145,0.19
105146,0.0
105147,0.06
105148,0.125
105149,0.605
105150,0.335
105151,0.01
105152,0.095
105153,0.28
105154,0.09
105155,0.015
105156,0.35
105157,0.01
105158,0.125
105159,0.415
105160,0.23
105161,0.2
105162,0.24
105163,0.1
105164,0.15
105165,0.005
105166,0.11
105167,0.245
105168,0.68
105169,0.08
105170,0.035
105171,0.335
105172,0.43
105173,0.14
105174,0.07
105175,0.42
105176,0.82
105177,0.235
105178,0.095
105179,0.16
105180,0.045
105181,0.18
105182,0.135
105183,0.105
105184,0.09
105185,0.71
105186,0.115
105187,0.335
105188,0.22
105189,0.165
105190,0.025
105191,0.06
105192,0.135
105193,0.425
105194,0.24
105195,0.225
105196,0.32
105197,0.065
105198,0.275
105199,0.6
105200,0.18
105201,0.045
105202,0.82
105203,0.195
105204,0.37
105205,0.53
105206,0.07
105207,0.105
105208,0.175
105209,0.115
105210,0.015
105211,0.05
105212,0.11
105213,0.085
105214,0.405
105215,0.69
105216,0.075
105217,0.05
105218,0.115
105219,0.025
105220,0.165
105221,0.24
105222,0.03
105223,0.105
105224,0.735
105225,0.03
105226,0.305
105227,0.115
105228,0.845
105229,0.075
105230,0.2
105231,0.12
105232,0.33
105233,0.045
105234,0.42
105235,0.19
105236,0.09
105237,0.56
105238,0.43
105239,0.01
105240,0.125
105241,0.305
105242,0.145
105243,0.13
105244,0.465
105245,0.035
105246,0.405
105247,0.165
105248,0.06
105249,0.31
105250,0.105
105251,0.595
105252,0.765
105253,0.025
105254,0.07
105255,0.04
105256,0.39
105257,0.065
105258,0.05
105259,0.165
105260,0.09
105261,0.165
105262,0.145
105263,0.285
105264,0.06
105265,0.11
105266,0.105
105267,0.01
105268,0.155
105269,0.22
105270,0.16
105271,0.12
105272,0.14
105273,0.165
105274,0.045
105275,0.41
105276,0.18
105277,0.195
105278,0.185
105279,0.16
105280,0.09
105281,0.375
105282,0.11
105283,0.175
105284,0.07
105285,0.04
105286,0.45
105287,0.175
105288,0.16
105289,0.415
105290,0.1
105291,0.065
105292,0.11
105293,0.22
105294,0.375
105295,0.08
105296,0.315
105297,0.24
105298,0.015
105299,0.345
105300,0.085
105301,0.065
105302,0.145
105303,0.195
105304,0.055
105305,0.04
105306,0.675
105307,0.525
105308,0.12
105309,0.08
105310,0.04
105311,0.225
105312,0.045
105313,0.29
105314,0.725
105315,0.125
105316,0.365
105317,0.33
105318,0.045
105319,0.485
105320,0.105
105321,0.26
105322,0.54
105323,0.355
105324,0.075
105325,0.02
105326,0.09
105327,0.49
105328,0.115
105329,0.085
105330,0.1
105331,0.045
105332,0.37
105333,0.25
105334,0.04
105335,0.06
105336,0.98
105337,0.1
105338,0.19
105339,0.655
105340,0.085
105341,0.04
105342,0.005
105343,0.07
105344,0.175
105345,0.055
105346,0.13
105347,0.07
105348,0.005
105349,0.125
105350,0.01
105351,0.105
105352,0.155
105353,0.11
105354,0.745
105355,0.045
105356,0.16
105357,0.18
105358,0.115
105359,0.825
105360,0.115
105361,0.35
105362,0.365
105363,0.36
105364,0.81
105365,0.025
105366,0.22
105367,0.385
105368,0.105
105369,0.13
105370,0.145
105371,0.15
105372,0.175
105373,0.23
105374,0.195
105375,0.115
105376,0.14
105377,0.48
105378,0.07
105379,0.12
105380,0.145
105381,0.49
105382,0.195
105383,0.575
105384,0.19
105385,0.01
105386,0.32
105387,0.215
105388,0.33
105389,0.265
105390,0.315
105391,0.32
105392,0.715
105393,0.11
105394,0.055
105395,0.035
105396,0.075
105397,0.01
105398,0.47
105399,0.08
105400,0.1
105401,0.785
105402,0.04
105403,0.075
105404,0.415
105405,0.0
105406,0.575
105407,0.55
105408,0.14
105409,0.075
105410,0.2
105411,0.15
105412,0.045
105413,0.66
105414,0.035
105415,0.115
105416,0.51
105417,0.185
105418,0.065
105419,0.03
105420,0.16
105421,0.155
105422,0.16
105423,0.405
105424,0.095
105425,0.19
105426,0.01
105427,0.36
105428,0.04
105429,0.005
105430,0.625
105431,0.425
105432,0.025
105433,0.325
105434,0.77
105435,0.015
105436,0.22
105437,0.26
105438,0.52
105439,0.025
105440,0.48
105441,0.01
105442,0.185
105443,0.075
105444,0.115
105445,0.29
105446,0.065
105447,0.055
105448,0.18
105449,0.84
105450,0.115
105451,0.035
105452,0.13
105453,0.285
105454,0.05
105455,0.03
105456,0.11
105457,0.03
105458,0.11
105459,0.115
105460,0.32
105461,0.01
105462,0.17
105463,0.22
105464,0.2
105465,0.11
105466,0.175
105467,0.16
105468,0.235
105469,0.07
105470,0.115
105471,0.205
105472,0.215
105473,0.045
105474,0.375
105475,0.115
105476,0.505
105477,0.205
105478,0.145
105479,0.365
105480,0.18
105481,0.12
105482,0.005
105483,0.435
105484,0.27
105485,0.065
105486,0.15
105487,0.23
105488,0.68
105489,0.075
105490,0.135
105491,0.045
105492,0.26
105493,0.245
105494,0.24
105495,0.225
105496,0.0
105497,0.215
105498,0.05
105499,0.14
105500,0.155
105501,0.35
105502,0.335
105503,0.065
105504,0.06
105505,0.02
105506,0.255
105507,0.32
105508,0.245
105509,0.065
105510,0.175
105511,0.085
105512,0.62
105513,0.245
105514,0.1
105515,0.43
105516,0.47
105517,0.265
105518,0.115
105519,0.54
105520,0.31
105521,0.03
105522,0.055
105523,0.215
105524,0.015
105525,0.27
105526,0.24
105527,0.095
105528,0.26
105529,0.085
105530,0.215
105531,0.085
105532,0.43
105533,0.14
105534,0.855
105535,0.365
105536,0.085
105537,0.01
105538,0.27
105539,0.405
105540,0.38
105541,0.225
105542,0.23
105543,0.61
105544,0.19
105545,0.01
105546,0.75
105547,0.13
105548,0.23
105549,0.6
105550,0.09
105551,0.275
105552,0.215
105553,0.16
105554,0.06
105555,0.55
105556,0.155
105557,0.24
105558,0.035
105559,0.045
105560,0.38
105561,0.77
105562,0.255
105563,0.12
105564,0.11
105565,0.19
105566,0.32
105567,0.43
105568,0.365
105569,0.135
105570,0.315
105571,0.075
105572,0.1
105573,0.035
105574,0.05
105575,0.52
105576,0.685
105577,0.525
105578,0.175
105579,0.13
105580,0.225
105581,0.2
105582,0.0
105583,0.035
105584,0.49
105585,0.32
105586,0.08
105587,0.15
105588,0.075
105589,0.075
105590,0.075
105591,0.725
105592,0.205
105593,0.06
105594,0.04
105595,0.31
105596,0.515
105597,0.225
105598,0.435
105599,0.19
105600,0.015
105601,0.345
105602,0.43
105603,0.12
105604,0.11
105605,0.045
105606,0.025
105607,0.15
105608,0.035
105609,0.44
105610,0.17
105611,0.075
105612,0.185
105613,0.045
105614,0.14
105615,0.065
105616,0.18
105617,0.44
105618,0.16
105619,0.155
105620,0.65
105621,0.855
105622,0.155
105623,0.19
105624,0.03
105625,0.27
105626,0.14
105627,0.11
105628,0.175
105629,0.21
105630,0.065
105631,0.42
105632,0.075
105633,0.025
105634,0.065
105635,0.01
105636,0.075
105637,0.085
105638,0.425
105639,0.18
105640,0.33
105641,0.195
105642,0.205
105643,0.26
105644,0.925
105645,0.02
105646,0.04
105647,0.19
105648,0.855
105649,0.015
105650,0.05
105651,0.495
105652,0.505
105653,0.115
105654,0.12
105655,0.265
105656,0.08
105657,0.14
105658,0.055
105659,0.02
105660,0.555
105661,0.225
105662,0.155
105663,0.01
105664,0.02
105665,0.53
105666,0.03
105667,0.09
105668,0.69
105669,0.095
105670,0.325
105671,0.085
105672,0.065
105673,0.1
105674,0.205
105675,0.02
105676,0.135
105677,0.07
105678,0.14
105679,0.595
105680,0.8
105681,0.695
105682,0.08
105683,0.16
105684,0.285
105685,0.055
105686,0.04
105687,0.075
105688,0.46
105689,0.015
105690,0.785
105691,0.25
105692,0.04
105693,0.595
105694,0.07
105695,0.275
105696,0.12
105697,0.175
105698,0.185
105699,0.475
105700,0.265
105701,0.52
105702,0.18
105703,0.18
105704,0.22
105705,0.145
105706,0.055
105707,0.12
105708,0.005
105709,0.07
105710,0.525
105711,0.05
105712,0.315
105713,0.105
105714,0.115
105715,0.44
105716,0.035
105717,0.12
105718,0.135
105719,0.42
105720,0.135
105721,0.245
105722,0.205
105723,0.035
105724,0.125
105725,0.655
105726,0.055
105727,0.225
105728,0.085
105729,0.25
105730,0.1
105731,0.485
105732,0.215
105733,0.505
105734,0.145
105735,0.04
105736,0.005
105737,0.135
105738,0.07
105739,0.025
105740,0.08
105741,0.245
105742,0.05
105743,0.035
105744,0.21
105745,0.72
105746,0.3
105747,0.23
105748,0.255
105749,0.07
105750,0.085
105751,0.575
105752,0.28
105753,0.295
105754,0.03
105755,0.2
105756,0.21
105757,0.165
105758,0.05
105759,0.85
105760,0.31
105761,0.125
105762,0.38
105763,0.345
105764,0.105
105765,0.22
105766,0.015
105767,0.095
105768,0.39
105769,0.38
105770,0.755
105771,0.43
105772,0.045
105773,0.535
105774,0.04
105775,0.02
105776,0.14
105777,0.07
105778,0.075
105779,0.14
105780,0.175
105781,0.135
105782,0.005
105783,0.215
105784,0.045
105785,0.55
105786,0.05
105787,0.065
105788,0.295
105789,0.12
105790,0.325
105791,0.23
105792,0.75
105793,0.065
105794,0.015
105795,0.13
105796,0.44
105797,0.515
105798,0.03
105799,0.535
105800,0.465
105801,0.24
105802,0.69
105803,0.33
105804,0.715
105805,0.05
105806,0.12
105807,0.28
105808,0.635
105809,0.155
105810,0.08
105811,0.485
105812,0.025
105813,0.155
105814,0.03
105815,0.045
105816,0.24
105817,0.14
105818,0.46
105819,0.05
105820,0.175
105821,0.115
105822,0.22
105823,0.285
105824,0.04
105825,0.155
105826,0.03
105827,0.28
105828,0.13
105829,0.135
105830,0.115
105831,0.02
105832,0.21
105833,0.295
105834,0.035
105835,0.275
105836,0.065
105837,0.12
105838,0.47
105839,0.17
105840,0.035
105841,0.0
105842,0.245
105843,0.07
105844,0.29
105845,0.68
105846,0.475
105847,0.215
105848,0.03
105849,0.185
105850,0.115
105851,0.025
105852,0.79
105853,0.08
105854,0.595
105855,0.16
105856,0.46
105857,0.06
105858,0.09
105859,0.165
105860,0.255
105861,0.085
105862,0.15
105863,0.525
105864,0.255
105865,0.07
105866,0.135
105867,0.67
105868,0.13
105869,0.195
105870,0.08
105871,0.12
105872,0.27
105873,0.14
105874,0.185
105875,0.445
105876,0.075
105877,0.005
105878,0.065
105879,0.01
105880,0.45
105881,0.1
105882,0.64
105883,0.11
105884,0.075
105885,0.51
105886,0.49
105887,0.14
105888,0.24
105889,0.25
105890,0.13
105891,0.055
105892,0.395
105893,0.085
105894,0.04
105895,0.73
105896,0.145
105897,0.12
105898,0.07
105899,0.235
105900,0.65
105901,0.1
105902,0.11
105903,0.06
105904,0.115
105905,0.285
105906,0.455
105907,0.31
105908,0.135
105909,0.065
105910,0.735
105911,0.59
105912,0.15
105913,0.645
105914,0.105
105915,0.08
105916,0.06
105917,0.16
105918,0.245
105919,0.825
105920,0.145
105921,0.025
105922,0.04
105923,0.125
105924,0.25
105925,0.575
105926,0.075
105927,0.05
105928,0.485
105929,0.005
105930,0.115
105931,0.165
105932,0.525
105933,0.035
105934,0.245
105935,0.02
105936,0.195
105937,0.19
105938,0.43
105939,0.14
105940,0.335
105941,0.11
105942,0.08
105943,0.0
105944,0.045
105945,0.115
105946,0.76
105947,0.845
105948,0.04
105949,0.425
105950,0.365
105951,0.54
105952,0.26
105953,0.075
105954,0.145
105955,0.075
105956,0.19
105957,0.03
105958,0.005
105959,0.135
105960,0.115
105961,0.375
105962,0.89
105963,0.04
105964,0.05
105965,0.685
105966,0.145
105967,0.035
105968,0.02
105969,0.2
105970,0.1
105971,0.11
105972,0.54
105973,0.305
105974,0.14
105975,0.275
105976,0.155
105977,0.245
105978,0.265
105979,0.095
105980,0.0
105981,0.51
105982,0.27
105983,0.005
105984,0.115
105985,0.0
105986,0.205
105987,0.155
105988,0.485
105989,0.585
105990,0.165
105991,0.68
105992,0.675
105993,0.145
105994,0.115
105995,0.09
105996,0.705
105997,0.105
105998,0.435
105999,0.02
106000,0.225
106001,0.18
106002,0.29
106003,0.05
106004,0.095
106005,0.095
106006,0.045
106007,0.285
106008,0.035
106009,0.185
106010,0.215
106011,0.12
106012,0.26
106013,0.055
106014,0.085
106015,0.01
106016,0.125
106017,0.095
106018,0.2
106019,0.66
106020,0.415
106021,0.085
106022,0.415
106023,0.09
106024,0.675
106025,0.445
106026,0.3
106027,0.94
106028,0.025
106029,0.165
106030,0.1
106031,0.025
106032,0.0
106033,0.23
106034,0.725
106035,0.11
106036,0.12
106037,0.295
106038,0.185
106039,0.72
106040,0.53
106041,0.07
106042,0.16
106043,0.15
106044,0.02
106045,0.1
106046,0.625
106047,0.11
106048,0.15
106049,0.12
106050,0.15
106051,0.095
106052,0.15
106053,0.275
106054,0.005
106055,0.12
106056,0.075
106057,0.76
106058,0.105
106059,0.09
106060,0.37
106061,0.17
106062,0.09
106063,0.075
106064,0.235
106065,0.11
106066,0.07
106067,0.795
106068,0.005
106069,0.235
106070,0.21
106071,0.38
106072,0.27
106073,0.265
106074,0.02
106075,0.64
106076,0.465
106077,0.225
106078,0.445
106079,0.075
106080,0.06
106081,0.03
106082,0.065
106083,0.3
106084,0.07
106085,0.415
106086,0.105
106087,0.12
106088,0.01
106089,0.035
106090,0.365
106091,0.175
106092,0.2
106093,0.145
106094,0.635
106095,0.285
106096,0.885
106097,0.025
106098,0.32
106099,0.1
106100,0.08
106101,0.15
106102,0.07
106103,0.125
106104,0.03
106105,0.13
106106,0.525
106107,0.175
106108,0.055
106109,0.265
106110,0.07
106111,0.11
106112,0.385
106113,0.115
106114,0.055
106115,0.12
106116,0.135
106117,0.155
106118,0.01
106119,0.15
106120,0.52
106121,0.185
106122,0.055
106123,0.14
106124,0.23
106125,0.33
106126,0.125
106127,0.34
106128,0.395
106129,0.27
106130,0.4
106131,0.07
106132,0.02
106133,0.025
106134,0.315
106135,0.45
106136,0.055
106137,0.095
106138,0.175
106139,0.165
106140,0.08
106141,0.155
106142,0.55
106143,0.535
106144,0.135
106145,0.025
106146,0.015
106147,0.305
106148,0.07
106149,0.035
106150,0.005
106151,0.195
106152,0.03
106153,0.17
106154,0.785
106155,0.09
106156,0.3
106157,0.13
106158,0.275
106159,0.185
106160,0.24
106161,0.075
106162,0.135
106163,0.365
106164,0.525
106165,0.39
106166,0.125
106167,0.31
106168,0.23
106169,0.365
106170,0.03
106171,0.185
106172,0.05
106173,0.555
106174,0.035
106175,0.045
106176,0.07
106177,0.035
106178,0.3
106179,0.01
106180,0.095
106181,0.43
106182,0.34
106183,0.25
106184,0.27
106185,0.3
106186,0.605
106187,0.115
106188,0.05
106189,0.59
106190,0.05
106191,0.04
106192,0.24
106193,0.115
106194,0.29
106195,0.02
106196,0.205
106197,0.085
106198,0.96
106199,0.005
106200,0.5
106201,0.05
106202,0.235
106203,0.305
106204,0.085
106205,0.77
106206,0.025
106207,0.04
106208,0.04
106209,0.0
106210,0.23
106211,0.825
106212,0.095
106213,0.22
106214,0.07
106215,0.305
106216,0.18
106217,0.18
106218,0.2
106219,0.325
106220,0.06
106221,0.14
106222,0.055
106223,0.115
106224,0.09
106225,0.17
106226,0.19
106227,0.255
106228,0.05
106229,0.09
106230,0.14
106231,0.135
106232,0.3
106233,0.475
106234,0.345
106235,0.01
106236,0.2
106237,0.08
106238,0.165
106239,0.125
106240,0.075
106241,0.555
106242,0.135
106243,0.105
106244,0.195
106245,0.33
106246,0.42
106247,0.02
106248,0.05
106249,0.225
106250,0.25
106251,0.23
106252,0.24
106253,0.26
106254,0.2
106255,0.02
106256,0.225
106257,0.235
106258,0.4
106259,0.015
106260,0.365
106261,0.27
106262,0.235
106263,0.065
106264,0.19
106265,0.01
106266,0.265
106267,0.065
106268,0.075
106269,0.02
106270,0.245
106271,0.225
106272,0.165
106273,0.045
106274,0.13
106275,0.11
106276,0.255
106277,0.005
106278,0.085
106279,0.295
106280,0.075
106281,0.265
106282,0.645
106283,0.04
106284,0.215
106285,0.115
106286,0.795
106287,0.15
106288,0.48
106289,0.11
106290,0.46
106291,0.105
106292,0.895
106293,0.175
106294,0.025
106295,0.415
106296,0.01
106297,0.08
106298,0.255
106299,0.075
106300,0.695
106301,0.375
106302,0.07
106303,0.095
106304,0.005
106305,0.2
106306,0.21
106307,0.395
106308,0.42
106309,0.3
106310,0.205
106311,0.065
106312,0.035
106313,0.39
106314,0.535
106315,0.225
106316,0.16
106317,0.325
106318,0.26
106319,0.005
106320,0.145
106321,0.145
106322,0.175
106323,0.215
106324,0.075
106325,0.46
106326,0.71
106327,0.205
106328,0.24
106329,0.36
106330,0.01
106331,0.075
106332,0.035
106333,0.02
106334,0.45
106335,0.47
106336,0.145
106337,0.44
106338,0.445
106339,0.15
106340,0.705
106341,0.085
106342,0.665
106343,0.015
106344,0.685
106345,0.08
106346,0.075
106347,0.195
106348,0.53
106349,0.015
106350,0.58
106351,0.19
106352,0.77
106353,0.03
106354,0.365
106355,0.065
106356,0.285
106357,0.235
106358,0.045
106359,0.465
106360,0.19
106361,0.085
106362,0.4
106363,0.01
106364,0.29
106365,0.145
106366,0.22
106367,0.115
106368,0.12
106369,0.495
106370,0.42
106371,0.1
106372,0.215
106373,0.19
106374,0.06
106375,0.185
106376,0.465
106377,0.845
106378,0.1
106379,0.305
106380,0.57
106381,0.07
106382,0.575
106383,0.115
106384,0.095
106385,0.1
106386,0.145
106387,0.155
106388,0.2
106389,0.27
106390,0.21
106391,0.03
106392,0.165
106393,0.21
106394,0.245
106395,0.015
106396,0.105
106397,0.635
106398,0.265
106399,0.235
106400,0.4
106401,0.83
106402,0.445
106403,0.15
106404,0.31
106405,0.055
106406,0.63
106407,0.035
106408,0.655
106409,0.025
106410,0.085
106411,0.075
106412,0.695
106413,0.67
106414,0.405
106415,0.21
106416,0.19
106417,0.24
106418,0.03
106419,0.125
106420,0.21
106421,0.14
106422,0.135
106423,0.165
106424,0.365
106425,0.085
106426,0.065
106427,0.04
106428,0.04
106429,0.18
106430,0.165
106431,0.04
106432,0.105
106433,0.18
106434,0.0
106435,0.63
106436,0.125
106437,0.41
106438,0.145
106439,0.065
106440,0.26
106441,0.27
106442,0.14
106443,0.06
106444,0.04
106445,0.075
106446,0.4
106447,0.295
106448,0.005
106449,0.08
106450,0.64
106451,0.345
106452,0.36
106453,0.045
106454,0.065
106455,0.045
106456,0.745
106457,0.09
106458,0.37
106459,0.04
106460,0.2
106461,0.345
106462,0.4
106463,0.175
106464,0.06
106465,0.055
106466,0.13
106467,0.09
106468,0.095
106469,0.29
106470,0.11
106471,0.125
106472,0.235
106473,0.205
106474,0.06
106475,0.05
106476,0.525
106477,0.085
106478,0.015
106479,0.265
106480,0.11
106481,0.14
106482,0.03
106483,0.29
106484,0.29
106485,0.23
106486,0.22
106487,0.24
106488,0.17
106489,0.04
106490,0.51
106491,0.345
106492,0.275
106493,0.065
106494,0.145
106495,0.065
106496,0.165
106497,0.175
106498,0.225
106499,0.005
106500,0.47
106501,0.08
106502,0.54
106503,0.175
106504,0.29
106505,0.075
106506,0.26
106507,0.285
106508,0.25
106509,0.035
106510,0.015
106511,0.1
106512,0.2
106513,0.09
106514,0.05
106515,0.29
106516,0.09
106517,0.0
106518,0.055
106519,0.205
106520,0.15
106521,0.675
106522,0.265
106523,0.76
106524,0.205
106525,0.38
106526,0.17
106527,0.38
106528,0.23
106529,0.05
106530,0.92
106531,0.08
106532,0.16
106533,0.185
106534,0.11
106535,0.105
106536,0.48
106537,0.11
106538,0.045
106539,0.06
106540,0.51
106541,0.04
106542,0.205
106543,0.22
106544,0.21
106545,0.15
106546,0.125
106547,0.525
106548,0.09
106549,0.7
106550,0.295
106551,0.135
106552,0.545
106553,0.535
106554,0.01
106555,0.18
106556,0.18
106557,0.135
106558,0.18
106559,0.04
106560,0.03
106561,0.085
106562,0.07
106563,0.135
106564,0.1
106565,0.41
106566,0.085
106567,0.09
106568,0.56
106569,0.255
106570,0.055
106571,0.065
106572,0.15
106573,0.225
106574,0.07
106575,0.075
106576,0.955
106577,0.03
106578,0.06
106579,0.075
106580,0.11
106581,0.275
106582,0.105
106583,0.045
106584,0.08
106585,0.27
106586,0.3
106587,0.035
106588,0.39
106589,0.07
106590,0.205
106591,0.03
106592,0.165
106593,0.015
106594,0.075
106595,0.2
106596,0.12
106597,0.055
106598,0.005
106599,0.275
106600,0.14
106601,0.2
106602,0.315
106603,0.54
106604,0.525
106605,0.09
106606,0.045
106607,0.365
106608,0.035
106609,0.075
106610,0.125
106611,0.165
106612,0.28
106613,0.375
106614,0.095
106615,0.25
106616,0.17
106617,0.085
106618,0.14
106619,0.265
106620,0.115
106621,0.63
106622,0.29
106623,0.205
106624,0.28
106625,0.105
106626,0.345
106627,0.085
106628,0.085
106629,0.405
106630,0.155
106631,0.05
106632,0.19
106633,0.065
106634,0.43
106635,0.025
106636,0.735
106637,0.15
106638,0.51
106639,0.07
106640,0.1
106641,0.075
106642,0.1
106643,0.1
106644,0.74
106645,0.205
106646,0.22
106647,0.42
106648,0.195
106649,0.025
106650,0.015
106651,0.245
106652,0.285
106653,0.1
106654,0.035
106655,0.125
106656,0.145
106657,0.22
106658,0.165
106659,0.395
106660,0.14
106661,0.23
106662,0.04
106663,0.505
106664,0.445
106665,0.2
106666,0.58
106667,0.035
106668,0.02
106669,0.35
106670,0.31
106671,0.075
106672,0.015
106673,0.145
106674,0.715
106675,0.035
106676,0.275
106677,0.16
106678,0.06
106679,0.3
106680,0.05
106681,0.03
106682,0.085
106683,0.1
106684,0.23
106685,0.665
106686,0.12
106687,0.28
106688,0.17
106689,0.055
106690,0.065
106691,0.36
106692,0.945
106693,0.01
106694,0.585
106695,0.43
106696,0.32
106697,0.05
106698,0.035
106699,0.1
106700,0.17
106701,0.35
106702,0.105
106703,0.03
106704,0.28
106705,0.065
106706,0.185
106707,0.035
106708,0.01
106709,0.07
106710,0.02
106711,0.11
106712,0.12
106713,0.02
106714,0.045
106715,0.35
106716,0.51
106717,0.055
106718,0.29
106719,0.11
106720,0.05
106721,0.105
106722,0.06
106723,0.175
106724,0.375
106725,0.77
106726,0.015
106727,0.14
106728,0.055
106729,0.11
106730,0.2
106731,0.475
106732,0.12
106733,0.05
106734,0.045
106735,0.17
106736,0.57
106737,0.535
106738,0.07
106739,0.375
106740,0.51
106741,0.085
106742,0.015
106743,0.115
106744,0.95
106745,0.1
106746,0.065
106747,0.385
106748,0.12
106749,0.08
106750,0.52
106751,0.075
106752,0.195
106753,0.115
106754,0.11
106755,0.335
106756,0.075
106757,0.27
106758,0.25
106759,0.06
106760,0.365
106761,0.09
106762,0.21
106763,0.305
106764,0.37
106765,0.41
106766,0.395
106767,0.235
106768,0.42
106769,0.12
106770,0.225
106771,0.005
106772,0.055
106773,0.085
106774,0.115
106775,0.185
106776,0.18
106777,0.69
106778,0.25
106779,0.23
106780,0.105
106781,0.16
106782,0.145
106783,0.09
106784,0.895
106785,0.04
106786,0.72
106787,0.07
106788,0.16
106789,0.095
106790,0.07
106791,0.12
106792,0.76
106793,0.095
106794,0.23
106795,0.3
106796,0.02
106797,0.245
106798,0.145
106799,0.09
106800,0.24
106801,0.18
106802,0.115
106803,0.265
106804,0.1
106805,0.295
106806,0.02
106807,0.135
106808,0.005
106809,0.225
106810,0.11
106811,0.235
106812,0.205
106813,0.125
106814,0.495
106815,0.21
106816,0.335
106817,0.03
106818,0.12
106819,0.23
106820,0.405
106821,0.125
106822,0.025
106823,0.01
106824,0.145
106825,0.145
106826,0.22
106827,0.0
106828,0.39
106829,0.395
106830,0.19
106831,0.625
106832,0.815
106833,0.325
106834,0.11
106835,0.235
106836,0.055
106837,0.47
106838,0.38
106839,0.22
106840,0.04
106841,0.61
106842,0.555
106843,0.295
106844,0.59
106845,0.715
106846,0.24
106847,0.125
106848,0.315
106849,0.27
106850,0.325
106851,0.6
106852,0.28
106853,0.46
106854,0.375
106855,0.5
106856,0.13
106857,0.045
106858,0.675
106859,0.345
106860,0.8
106861,0.32
106862,0.065
106863,0.46
106864,0.505
106865,0.26
106866,0.0
106867,0.21
106868,0.375
106869,0.105
106870,0.05
106871,0.315
106872,0.12
106873,0.93
106874,0.125
106875,0.15
106876,0.205
106877,0.745
106878,0.245
106879,0.055
106880,0.05
106881,0.265
106882,0.64
106883,0.345
106884,0.285
106885,0.25
106886,0.005
106887,0.47
106888,0.075
106889,0.165
106890,0.035
106891,0.195
106892,0.12
106893,0.175
106894,0.125
106895,0.195
106896,0.24
106897,0.135
106898,0.07
106899,0.015
106900,0.1
106901,0.18
106902,0.845
106903,0.535
106904,0.515
106905,0.055
106906,0.115
106907,0.18
106908,0.34
106909,0.11
106910,0.09
106911,0.275
106912,0.065
106913,0.315
106914,0.075
106915,0.025
106916,0.55
106917,0.17
106918,0.03
106919,0.365
106920,0.155
106921,0.25
106922,0.28
106923,0.43
106924,0.44
106925,0.18
106926,0.1
106927,0.31
106928,0.17
106929,0.03
106930,0.505
106931,0.23
106932,0.61
106933,0.06
106934,0.13
106935,0.295
106936,0.015
106937,0.185
106938,0.325
106939,0.11
106940,0.7
106941,0.04
106942,0.115
106943,0.015
106944,0.155
106945,0.28
106946,0.185
106947,0.09
106948,0.11
106949,0.57
106950,0.11
106951,0.0
106952,0.08
106953,0.195
106954,0.36
106955,0.12
106956,0.625
106957,0.05
106958,0.11
106959,0.02
106960,0.115
106961,0.07
106962,0.16
106963,0.05
106964,0.085
106965,0.07
106966,0.205
106967,0.335
106968,0.23
106969,0.08
106970,0.07
106971,0.045
106972,0.135
106973,0.7
106974,0.42
106975,0.015
106976,0.29
106977,0.22
106978,0.59
106979,0.285
106980,0.07
106981,0.145
106982,0.14
106983,0.03
106984,0.46
106985,0.775
106986,0.135
106987,0.68
106988,0.765
106989,0.225
106990,0.09
106991,0.14
106992,0.74
106993,0.005
106994,0.06
106995,0.955
106996,0.095
106997,0.34
106998,0.645
106999,0.255
107000,0.025
107001,0.195
107002,0.14
107003,0.19
107004,0.09
107005,0.13
107006,0.065
107007,0.015
107008,0.385
107009,0.06
107010,0.095
107011,0.055
107012,0.09
107013,0.855
107014,0.55
107015,0.05
107016,0.1
107017,0.27
107018,0.61
107019,0.13
107020,0.555
107021,0.08
107022,0.255
107023,0.36
107024,0.255
107025,0.02
107026,0.1
107027,0.525
107028,0.065
107029,0.38
107030,0.245
107031,0.14
107032,0.16
107033,0.09
107034,0.01
107035,0.13
107036,0.2
107037,0.05
107038,0.115
107039,0.185
107040,0.525
107041,0.3
107042,0.38
107043,0.03
107044,0.24
107045,0.14
107046,0.75
107047,0.17
107048,0.105
107049,0.3
107050,0.0
107051,0.025
107052,0.305
107053,0.03
107054,0.025
107055,0.11
107056,0.305
107057,0.145
107058,0.23
107059,0.53
107060,0.12
107061,0.655
107062,0.665
107063,0.005
107064,0.02
107065,0.055
107066,0.1
107067,0.175
107068,0.09
107069,0.605
107070,0.155
107071,0.115
107072,0.15
107073,0.065
107074,0.005
107075,0.255
107076,0.565
107077,0.08
107078,0.095
107079,0.075
107080,0.28
107081,0.24
107082,0.43
107083,0.37
107084,0.805
107085,0.32
107086,0.06
107087,0.545
107088,0.015
107089,0.13
107090,0.055
107091,0.185
107092,0.22
107093,0.17
107094,0.095
107095,0.595
107096,0.095
107097,0.225
107098,0.555
107099,0.16
107100,0.025
107101,0.565
107102,0.495
107103,0.25
107104,0.69
107105,0.0
107106,0.555
107107,0.0
107108,0.085
107109,0.035
107110,0.17
107111,0.055
107112,0.15
107113,0.255
107114,0.3
107115,0.135
107116,0.115
107117,0.14
107118,0.875
107119,0.25
107120,0.185
107121,0.005
107122,0.485
107123,0.045
107124,0.245
107125,0.06
107126,0.075
107127,0.09
107128,0.375
107129,0.05
107130,0.165
107131,0.285
107132,0.59
107133,0.105
107134,0.07
107135,0.535
107136,0.225
107137,0.445
107138,0.175
107139,0.25
107140,0.085
107141,0.555
107142,0.1
107143,0.045
107144,0.045
107145,0.325
107146,0.765
107147,0.1
107148,0.12
107149,0.32
107150,0.285
107151,0.12
107152,0.1
107153,0.35
107154,0.18
107155,0.36
107156,0.27
107157,0.07
107158,0.295
107159,0.15
107160,0.305
107161,0.29
107162,0.095
107163,0.595
107164,0.155
107165,0.1
107166,0.795
107167,0.04
107168,0.03
107169,0.305
107170,0.27
107171,0.14
107172,0.275
107173,0.01
107174,0.145
107175,0.04
107176,0.13
107177,0.13
107178,0.025
107179,0.09
107180,0.065
107181,0.14
107182,0.145
107183,0.355
107184,0.12
107185,0.025
107186,0.03
107187,0.06
107188,0.54
107189,0.09
107190,0.175
107191,0.455
107192,0.09
107193,0.41
107194,0.285
107195,0.03
107196,0.155
107197,0.79
107198,0.1
107199,0.03
107200,0.225
107201,0.25
107202,0.07
107203,0.08
107204,0.295
107205,0.455
107206,0.735
107207,0.475
107208,0.255
107209,0.185
107210,0.185
107211,0.11
107212,0.05
107213,0.045
107214,0.22
107215,0.04
107216,0.23
107217,0.07
107218,0.1
107219,0.12
107220,0.1
107221,0.04
107222,0.215
107223,0.26
107224,0.13
107225,0.355
107226,0.11
107227,0.195
107228,0.195
107229,0.335
107230,0.155
107231,0.235
107232,0.15
107233,0.42
107234,0.1
107235,0.335
107236,0.165
107237,0.05
107238,0.385
107239,0.085
107240,0.0
107241,0.53
107242,0.145
107243,0.05
107244,0.465
107245,0.31
107246,0.295
107247,0.255
107248,0.495
107249,0.045
107250,0.1
107251,0.005
107252,0.34
107253,0.13
107254,0.04
107255,0.0
107256,0.505
107257,0.55
107258,0.515
107259,0.09
107260,0.16
107261,0.625
107262,0.305
107263,0.245
107264,0.16
107265,0.035
107266,0.2
107267,0.22
107268,0.25
107269,0.06
107270,0.14
107271,0.045
107272,0.35
107273,0.875
107274,0.225
107275,0.125
107276,0.015
107277,0.1
107278,0.21
107279,0.03
107280,0.08
107281,0.51
107282,0.05
107283,0.535
107284,0.16
107285,0.105
107286,0.015
107287,0.075
107288,0.28
107289,0.105
107290,0.195
107291,0.145
107292,0.055
107293,0.17
107294,0.035
107295,0.14
107296,0.29
107297,0.125
107298,0.34
107299,0.155
107300,0.145
107301,0.07
107302,0.11
107303,0.045
107304,0.095
107305,0.1
107306,0.06
107307,0.255
107308,0.355
107309,0.05
107310,0.085
107311,0.135
107312,0.21
107313,0.295
107314,0.125
107315,0.125
107316,0.125
107317,0.295
107318,0.585
107319,0.68
107320,0.02
107321,0.425
107322,0.01
107323,0.165
107324,0.335
107325,0.035
107326,0.09
107327,0.27
107328,0.15
107329,0.125
107330,0.24
107331,0.105
107332,0.25
107333,0.155
107334,0.12
107335,0.05
107336,0.185
107337,0.78
107338,0.225
107339,0.065
107340,0.26
107341,0.02
107342,0.08
107343,0.1
107344,0.335
107345,0.8
107346,0.1
107347,0.18
107348,0.05
107349,0.245
107350,0.035
107351,0.13
107352,0.145
107353,0.055
107354,0.115
107355,0.155
107356,0.615
107357,0.415
107358,0.085
107359,0.205
107360,0.08
107361,0.01
107362,0.26
107363,0.05
107364,0.17
107365,0.16
107366,0.03
107367,0.04
107368,0.065
107369,0.195
107370,0.74
107371,0.58
107372,0.035
107373,0.455
107374,0.075
107375,0.255
107376,0.03
107377,0.115
107378,0.03
107379,0.325
107380,0.165
107381,0.12
107382,0.245
107383,0.065
107384,0.1
107385,0.115
107386,0.205
107387,0.29
107388,0.43
107389,0.175
107390,0.255
107391,0.245
107392,0.035
107393,0.17
107394,0.15
107395,0.195
107396,0.145
107397,0.14
107398,0.27
107399,0.405
107400,0.75
107401,0.255
107402,0.01
107403,0.11
107404,0.315
107405,0.065
107406,0.35
107407,0.275
107408,0.125
107409,0.275
107410,0.205
107411,0.41
107412,0.57
107413,0.125
107414,0.32
107415,0.45
107416,0.085
107417,0.28
107418,0.195
107419,0.245
107420,0.88
107421,0.355
107422,0.095
107423,0.2
107424,0.105
107425,0.04
107426,0.255
107427,0.445
107428,0.06
107429,0.075
107430,0.665
107431,0.1
107432,0.315
107433,0.345
107434,0.02
107435,0.02
107436,0.215
107437,0.73
107438,0.21
107439,0.075
107440,0.195
107441,0.675
107442,0.815
107443,0.055
107444,0.89
107445,0.26
107446,0.28
107447,0.14
107448,0.1
107449,0.02
107450,0.16
107451,0.135
107452,0.135
107453,0.18
107454,0.68
107455,0.17
107456,0.125
107457,0.625
107458,0.04
107459,0.045
107460,0.24
107461,0.055
107462,0.05
107463,0.105
107464,0.07
107465,0.045
107466,0.025
107467,0.58
107468,0.05
107469,0.25
107470,0.46
107471,0.405
107472,0.1
107473,0.665
107474,0.03
107475,0.43
107476,0.025
107477,0.275
107478,0.15
107479,0.13
107480,0.04
107481,0.12
107482,0.285
107483,0.085
107484,0.225
107485,0.2
107486,0.96
107487,0.13
107488,0.245
107489,0.765
107490,0.075
107491,0.635
107492,0.31
107493,0.605
107494,0.12
107495,0.325
107496,0.145
107497,0.1
107498,0.635
107499,0.38
107500,0.13
107501,0.08
107502,0.06
107503,0.175
107504,0.79
107505,0.27
107506,0.23
107507,0.725
107508,0.17
107509,0.245
107510,0.525
107511,0.145
107512,0.26
107513,0.21
107514,0.11
107515,0.145
107516,0.09
107517,0.04
107518,0.15
107519,0.145
107520,0.01
107521,0.095
107522,0.275
107523,0.12
107524,0.12
107525,0.045
107526,0.39
107527,0.465
107528,0.105
107529,0.085
107530,0.44
107531,0.04
107532,0.465
107533,0.62
107534,0.4
107535,0.15
107536,0.25
107537,0.13
107538,0.145
107539,0.025
107540,0.175
107541,0.525
107542,0.15
107543,0.155
107544,0.09
107545,0.125
107546,0.085
107547,0.05
107548,0.055
107549,0.07
107550,0.07
107551,0.43
107552,0.02
107553,0.11
107554,0.53
107555,0.725
107556,0.25
107557,0.125
107558,0.02
107559,0.665
107560,0.03
107561,0.335
107562,0.57
107563,0.28
107564,0.23
107565,0.26
107566,0.09
107567,0.325
107568,0.415
107569,0.63
107570,0.14
107571,0.1
107572,0.075
107573,0.18
107574,0.055
107575,0.245
107576,0.185
107577,0.035
107578,0.33
107579,0.07
107580,0.03
107581,0.615
107582,0.09
107583,0.08
107584,0.185
107585,0.045
107586,0.26
107587,0.045
107588,0.075
107589,0.14
107590,0.085
107591,0.285
107592,0.04
107593,0.15
107594,0.14
107595,0.33
107596,0.305
107597,0.155
107598,0.255
107599,0.385
107600,0.03
107601,0.14
107602,0.92
107603,0.21
107604,0.105
107605,0.025
107606,0.1
107607,0.06
107608,0.215
107609,0.18
107610,0.22
107611,0.09
107612,0.105
107613,0.075
107614,0.035
107615,0.115
107616,0.14
107617,0.255
107618,0.165
107619,0.035
107620,0.185
107621,0.61
107622,0.73
107623,0.1
107624,0.11
107625,0.315
107626,0.32
107627,0.495
107628,0.155
107629,0.015
107630,0.265
107631,0.015
107632,0.21
107633,0.04
107634,0.05
107635,0.315
107636,0.265
107637,0.285
107638,0.11
107639,0.755
107640,0.05
107641,0.055
107642,0.275
107643,0.06
107644,0.76
107645,0.05
107646,0.465
107647,0.09
107648,0.045
107649,0.15
107650,0.205
107651,0.26
107652,0.375
107653,0.165
107654,0.215
107655,0.11
107656,0.015
107657,0.26
107658,0.23
107659,0.145
107660,0.33
107661,0.18
107662,0.545
107663,0.15
107664,0.5
107665,0.57
107666,0.555
107667,0.075
107668,0.01
107669,0.365
107670,0.135
107671,0.09
107672,0.065
107673,0.14
107674,0.01
107675,0.03
107676,0.275
107677,0.255
107678,0.045
107679,0.06
107680,0.055
107681,0.44
107682,0.025
107683,0.055
107684,0.13
107685,0.005
107686,0.11
107687,0.095
107688,0.16
107689,0.71
107690,0.035
107691,0.06
107692,0.055
107693,0.12
107694,0.085
107695,0.645
107696,0.225
107697,0.18
107698,0.005
107699,0.315
107700,0.17
107701,0.53
107702,0.0
107703,0.05
107704,0.185
107705,0.085
107706,0.055
107707,0.2
107708,0.185
107709,0.41
107710,0.12
107711,0.055
107712,0.645
107713,0.04
107714,0.11
107715,0.085
107716,0.13
107717,0.415
107718,0.55
107719,0.14
107720,0.03
107721,0.05
107722,0.17
107723,0.19
107724,0.215
107725,0.25
107726,0.225
107727,0.32
107728,0.025
107729,0.145
107730,0.09
107731,0.335
107732,0.05
107733,0.23
107734,0.44
107735,0.07
107736,0.335
107737,0.135
107738,0.05
107739,0.54
107740,0.125
107741,0.145
107742,0.19
107743,0.115
107744,0.115
107745,0.05
107746,0.57
107747,0.305
107748,0.21
107749,0.11
107750,0.0
107751,0.035
107752,0.875
107753,0.115
107754,0.575
107755,0.48
107756,0.155
107757,0.175
107758,0.825
107759,0.4
107760,0.085
107761,0.23
107762,0.37
107763,0.01
107764,0.115
107765,0.175
107766,0.67
107767,0.31
107768,0.29
107769,0.1
107770,0.3
107771,0.335
107772,0.06
107773,0.095
107774,0.385
107775,0.44
107776,0.735
107777,0.09
107778,0.325
107779,0.115
107780,0.03
107781,0.21
107782,0.295
107783,0.045
107784,0.22
107785,0.135
107786,0.075
107787,0.26
107788,0.115
107789,0.21
107790,0.08
107791,0.33
107792,0.09
107793,0.95
107794,0.21
107795,0.15
107796,0.055
107797,0.71
107798,0.13
107799,0.075
107800,0.285
107801,0.04
107802,0.08
107803,0.42
107804,0.245
107805,0.06
107806,0.035
107807,0.475
107808,0.03
107809,0.36
107810,0.12
107811,0.285
107812,0.465
107813,0.57
107814,0.27
107815,0.11
107816,0.155
107817,0.07
107818,0.09
107819,0.115
107820,0.455
107821,0.145
107822,0.03
107823,0.23
107824,0.05
107825,0.15
107826,0.07
107827,0.03
107828,0.62
107829,0.61
107830,0.285
107831,0.205
107832,0.08
107833,0.635
107834,0.495
107835,0.285
107836,0.595
107837,0.07
107838,0.07
107839,0.165
107840,0.075
107841,0.09
107842,0.04
107843,0.31
107844,0.02
107845,0.585
107846,0.055
107847,0.145
107848,0.19
107849,0.055
107850,0.47
107851,0.145
107852,0.025
107853,0.125
107854,0.205
107855,0.115
107856,0.28
107857,0.085
107858,0.04
107859,0.12
107860,0.015
107861,0.25
107862,0.055
107863,0.02
107864,0.07
107865,0.18
107866,0.12
107867,0.08
107868,0.175
107869,0.2
107870,0.12
107871,0.11
107872,0.015
107873,0.05
107874,0.165
107875,0.195
107876,0.06
107877,0.11
107878,0.05
107879,0.13
107880,0.13
107881,0.035
107882,0.015
107883,0.035
107884,0.31
107885,0.045
107886,0.155
107887,0.38
107888,0.055
107889,0.175
107890,0.115
107891,0.215
107892,0.14
107893,0.055
107894,0.04
107895,0.325
107896,0.125
107897,0.525
107898,0.185
107899,0.27
107900,0.05
107901,0.435
107902,0.055
107903,0.055
107904,0.48
107905,0.9
107906,0.1
107907,0.155
107908,0.325
107909,0.165
107910,0.705
107911,0.045
107912,0.115
107913,0.23
107914,0.155
107915,0.125
107916,0.25
107917,0.7
107918,0.085
107919,0.035
107920,0.655
107921,0.225
107922,0.37
107923,0.125
107924,0.175
107925,0.07
107926,0.315
107927,0.055
107928,0.85
107929,0.11
107930,0.105
107931,0.0
107932,0.1
107933,0.19
107934,0.15
107935,0.135
107936,0.065
107937,0.2
107938,0.075
107939,0.07
107940,0.065
107941,0.035
107942,0.045
107943,0.015
107944,0.795
107945,0.245
107946,0.16
107947,0.15
107948,0.925
107949,0.4
107950,0.665
107951,0.015
107952,0.465
107953,0.015
107954,0.06
107955,0.22
107956,0.155
107957,0.135
107958,0.395
107959,0.745
107960,0.35
107961,0.26
107962,0.12
107963,0.785
107964,0.395
107965,0.13
107966,0.22
107967,0.04
107968,0.17
107969,0.185
107970,0.795
107971,0.535
107972,0.125
107973,0.08
107974,0.205
107975,0.35
107976,0.13
107977,0.06
107978,0.11
107979,0.095
107980,0.025
107981,0.015
107982,0.335
107983,0.065
107984,0.025
107985,0.015
107986,0.085
107987,0.1
107988,0.155
107989,0.34
107990,0.755
107991,0.755
107992,0.19
107993,0.62
107994,0.17
107995,0.145
107996,0.17
107997,0.055
107998,0.14
107999,0.2
108000,0.055
108001,0.28
108002,0.29
108003,0.095
108004,0.11
108005,0.07
108006,0.335
108007,0.275
108008,0.045
108009,0.185
108010,0.095
108011,0.545
108012,0.04
108013,0.67
108014,0.18
108015,0.3
108016,0.91
108017,0.11
108018,0.52
108019,0.355
108020,0.215
108021,0.135
108022,0.425
108023,0.255
108024,0.165
108025,0.505
108026,0.105
108027,0.845
108028,0.0
108029,0.34
108030,0.09
108031,0.285
108032,0.44
108033,0.065
108034,0.145
108035,0.56
108036,0.665
108037,0.05
108038,0.09
108039,0.395
108040,0.185
108041,0.065
108042,0.24
108043,0.18
108044,0.025
108045,0.08
108046,0.095
108047,0.08
108048,0.0
108049,0.15
108050,0.675
108051,0.275
108052,0.23
108053,0.09
108054,0.05
108055,0.095
108056,0.265
108057,0.025
108058,0.945
108059,0.11
108060,0.425
108061,0.095
108062,0.03
108063,0.62
108064,0.055
108065,0.04
108066,0.495
108067,0.045
108068,0.08
108069,0.495
108070,0.215
108071,0.055
108072,0.825
108073,0.07
108074,0.44
108075,0.205
108076,0.055
108077,0.445
108078,0.8
108079,0.405
108080,0.17
108081,0.375
108082,0.44
108083,0.045
108084,0.045
108085,0.555
108086,0.115
108087,0.565
108088,0.1
108089,0.19
108090,0.37
108091,0.09
108092,0.17
108093,0.03
108094,0.08
108095,0.5
108096,0.155
108097,0.475
108098,0.115
108099,0.165
108100,0.21
108101,0.055
108102,0.55
108103,0.095
108104,0.5
108105,0.225
108106,0.005
108107,0.195
108108,0.4
108109,0.115
108110,0.185
108111,0.105
108112,0.615
108113,0.065
108114,0.39
108115,0.05
108116,0.075
108117,0.15
108118,0.17
108119,0.72
108120,0.135
108121,0.03
108122,0.25
108123,0.15
108124,0.675
108125,0.095
108126,0.025
108127,0.2
108128,0.65
108129,0.065
108130,0.07
108131,0.205
108132,0.17
108133,0.125
108134,0.135
108135,0.075
108136,0.62
108137,0.195
108138,0.28
108139,0.055
108140,0.08
108141,0.13
108142,0.685
108143,0.255
108144,0.455
108145,0.355
108146,0.605
108147,0.095
108148,0.015
108149,0.11
108150,0.07
108151,0.06
108152,0.355
108153,0.185
108154,0.48
108155,0.205
108156,0.085
108157,0.215
108158,0.07
108159,0.065
108160,0.395
108161,0.07
108162,0.035
108163,0.005
108164,0.25
108165,0.055
108166,0.075
108167,0.11
108168,0.005
108169,0.3
108170,0.03
108171,0.135
108172,0.15
108173,0.04
108174,0.23
108175,0.425
108176,0.15
108177,0.03
108178,0.005
108179,0.055
108180,0.09
108181,0.105
108182,0.14
108183,0.23
108184,0.01
108185,0.005
108186,0.355
108187,0.09
108188,0.055
108189,0.745
108190,0.405
108191,0.045
108192,0.07
108193,0.22
108194,0.36
108195,0.05
108196,0.34
108197,0.845
108198,0.145
108199,0.23
108200,0.08
108201,0.465
108202,0.38
108203,0.115
108204,0.195
108205,0.595
108206,0.335
108207,0.21
108208,0.21
108209,0.15
108210,0.055
108211,0.29
108212,0.405
108213,0.23
108214,0.28
108215,0.21
108216,0.145
108217,0.205
108218,0.06
108219,0.32
108220,0.005
108221,0.25
108222,0.575
108223,0.325
108224,0.285
108225,0.345
108226,0.36
108227,0.59
108228,0.04
108229,0.235
108230,0.885
108231,0.555
108232,0.735
108233,0.13
108234,0.865
108235,0.12
108236,0.05
108237,0.125
108238,0.125
108239,0.065
108240,0.47
108241,0.32
108242,0.07
108243,0.015
108244,0.27
108245,0.725
108246,0.31
108247,0.215
108248,0.035
108249,0.075
108250,0.07
108251,0.025
108252,0.065
108253,0.01
108254,0.055
108255,0.075
108256,0.195
108257,0.055
108258,0.435
108259,0.27
108260,0.165
108261,0.01
108262,0.325
108263,0.615
108264,0.125
108265,0.415
108266,0.05
108267,0.48
108268,0.02
108269,0.0
108270,0.29
108271,0.025
108272,0.04
108273,0.24
108274,0.35
108275,0.19
108276,0.045
108277,0.11
108278,0.07
108279,0.19
108280,0.095
108281,0.615
108282,0.115
108283,0.22
108284,0.06
108285,0.19
108286,0.165
108287,0.12
108288,0.15
108289,0.125
108290,0.325
108291,0.145
108292,0.51
108293,0.025
108294,0.255
108295,0.31
108296,0.01
108297,0.405
108298,0.035
108299,0.095
108300,0.115
108301,0.02
108302,0.07
108303,0.08
108304,0.425
108305,0.7
108306,0.01
108307,0.505
108308,0.1
108309,0.075
108310,0.455
108311,0.715
108312,0.505
108313,0.015
108314,0.03
108315,0.325
108316,0.135
108317,0.16
108318,0.105
108319,0.075
108320,0.09
108321,0.08
108322,0.13
108323,0.155
108324,0.45
108325,0.11
108326,0.14
108327,0.155
108328,0.995
108329,0.02
108330,0.32
108331,0.01
108332,0.215
108333,0.095
108334,0.1
108335,0.395
108336,0.06
108337,0.03
108338,0.02
108339,0.52
108340,0.17
108341,0.275
108342,0.15
108343,0.2
108344,0.06
108345,0.245
108346,0.97
108347,0.735
108348,0.33
108349,0.09
108350,0.18
108351,0.06
108352,0.11
108353,0.21
108354,0.365
108355,0.04
108356,0.755
108357,0.24
108358,0.235
108359,0.17
108360,0.05
108361,0.05
108362,0.04
108363,0.26
108364,0.095
108365,0.06
108366,0.465
108367,0.105
108368,0.0
108369,0.125
108370,0.05
108371,0.11
108372,0.3
108373,0.215
108374,0.08
108375,0.185
108376,0.135
108377,0.09
108378,0.2
108379,0.585
108380,0.035
108381,0.155
108382,0.06
108383,0.03
108384,0.035
108385,0.105
108386,0.12
108387,0.23
108388,0.08
108389,0.1
108390,0.82
108391,0.3
108392,0.39
108393,0.02
108394,0.255
108395,0.46
108396,0.265
108397,0.25
108398,0.59
108399,0.925
108400,0.775
108401,0.06
108402,0.025
108403,0.105
108404,0.22
108405,0.1
108406,0.045
108407,0.075
108408,0.01
108409,0.175
108410,0.49
108411,0.145
108412,0.195
108413,0.135
108414,0.31
108415,0.105
108416,0.32
108417,0.27
108418,0.18
108419,0.55
108420,0.5
108421,0.05
108422,0.035
108423,0.08
108424,0.675
108425,0.69
108426,0.495
108427,0.035
108428,0.535
108429,0.21
108430,0.06
108431,0.145
108432,0.195
108433,0.045
108434,0.065
108435,0.04
108436,0.635
108437,0.18
108438,0.13
108439,0.1
108440,0.09
108441,0.835
108442,0.175
108443,0.34
108444,0.5
108445,0.035
108446,0.33
108447,0.245
108448,0.26
108449,0.17
108450,0.335
108451,0.025
108452,0.115
108453,0.5
108454,0.035
108455,0.19
108456,0.07
108457,0.165
108458,0.01
108459,0.055
108460,0.75
108461,0.14
108462,0.105
108463,0.025
108464,0.155
108465,0.155
108466,0.605
108467,0.06
108468,0.12
108469,0.525
108470,0.28
108471,0.06
108472,0.13
108473,0.1
108474,0.29
108475,0.195
108476,0.16
108477,0.095
108478,0.18
108479,0.545
108480,0.105
108481,0.14
108482,0.085
108483,0.385
108484,0.235
108485,0.005
108486,0.085
108487,0.085
108488,0.035
108489,0.62
108490,0.045
108491,0.18
108492,0.175
108493,0.5
108494,0.55
108495,0.34
108496,0.045
108497,0.26
108498,0.11
108499,0.12
108500,0.15
108501,0.855
108502,0.11
108503,0.16
108504,0.11
108505,0.875
108506,0.025
108507,0.0
108508,0.48
108509,0.675
108510,0.33
108511,0.045
108512,0.32
108513,0.265
108514,0.105
108515,0.37
108516,0.205
108517,0.0
108518,0.48
108519,0.14
108520,0.07
108521,0.875
108522,0.46
108523,0.135
108524,0.46
108525,0.155
108526,0.05
108527,0.35
108528,0.08
108529,0.31
108530,0.835
108531,0.065
108532,0.65
108533,0.095
108534,0.075
108535,0.125
108536,0.475
108537,0.06
108538,0.33
108539,0.285
108540,0.455
108541,0.115
108542,0.015
108543,0.16
108544,0.305
108545,0.075
108546,0.54
108547,0.42
108548,0.21
108549,0.085
108550,0.025
108551,0.255
108552,0.06
108553,0.28
108554,0.62
108555,0.265
108556,0.2
108557,0.055
108558,0.22
108559,0.185
108560,0.34
108561,0.05
108562,0.07
108563,0.075
108564,0.05
108565,0.595
108566,0.075
108567,0.19
108568,0.055
108569,0.285
108570,0.39
108571,0.1
108572,0.13
108573,0.365
108574,0.185
108575,0.125
108576,0.805
108577,0.115
108578,0.09
108579,0.09
108580,0.065
108581,0.02
108582,0.83
108583,0.085
108584,0.23
108585,0.46
108586,0.155
108587,0.065
108588,0.78
108589,0.35
108590,0.7
108591,0.4
108592,0.235
108593,0.2
108594,0.225
108595,0.225
108596,0.155
108597,0.295
108598,0.05
108599,0.255
108600,0.235
108601,0.075
108602,0.33
108603,0.16
108604,0.175
108605,0.185
108606,0.45
108607,0.345
108608,0.47
108609,0.09
108610,0.245
108611,0.37
108612,0.1
108613,0.235
108614,0.195
108615,0.235
108616,0.055
108617,0.365
108618,0.07
108619,0.105
108620,0.18
108621,0.665
108622,0.145
108623,0.23
108624,0.72
108625,0.25
108626,0.14
108627,0.04
108628,0.325
108629,0.195
108630,0.5
108631,0.185
108632,0.14
108633,0.11
108634,0.02
108635,0.165
108636,0.59
108637,0.495
108638,0.0
108639,0.56
108640,0.115
108641,0.19
108642,0.105
108643,0.15
108644,0.125
108645,0.485
108646,0.03
108647,0.065
108648,0.59
108649,0.355
108650,0.305
108651,0.74
108652,0.64
108653,0.13
108654,0.14
108655,0.095
108656,0.09
108657,0.205
108658,0.21
108659,0.17
108660,0.19
108661,0.115
108662,0.25
108663,0.54
108664,0.125
108665,0.045
108666,0.145
108667,0.08
108668,0.01
108669,0.02
108670,0.075
108671,0.615
108672,0.615
108673,0.435
108674,0.25
108675,0.745
108676,0.03
108677,0.47
108678,0.415
108679,0.335
108680,0.135
108681,0.02
108682,0.245
108683,0.015
108684,0.155
108685,0.67
108686,0.09
108687,0.145
108688,0.1
108689,0.105
108690,0.005
108691,0.27
108692,0.04
108693,0.11
108694,0.025
108695,0.21
108696,0.955
108697,0.07
108698,0.05
108699,0.66
108700,0.11
108701,0.195
108702,0.105
108703,0.145
108704,0.01
108705,0.28
108706,0.9
108707,0.145
108708,0.045
108709,0.285
108710,0.125
108711,0.565
108712,0.08
108713,0.03
108714,0.015
108715,0.18
108716,0.275
108717,0.76
108718,0.21
108719,0.085
108720,0.115
108721,0.875
108722,0.71
108723,0.23
108724,0.125
108725,0.58
108726,0.395
108727,0.54
108728,0.535
108729,0.045
108730,0.08
108731,0.57
108732,0.135
108733,0.045
108734,0.865
108735,0.275
108736,0.12
108737,0.41
108738,0.69
108739,0.67
108740,0.03
108741,0.47
108742,0.11
108743,0.54
108744,0.065
108745,0.045
108746,0.15
108747,0.345
108748,0.065
108749,0.215
108750,0.59
108751,0.38
108752,0.35
108753,0.135
108754,0.03
108755,0.215
108756,0.365
108757,0.005
108758,0.065
108759,0.105
108760,0.04
108761,0.305
108762,0.025
108763,0.185
108764,0.075
108765,0.69
108766,0.32
108767,0.0
108768,0.05
108769,0.25
108770,0.095
108771,0.705
108772,0.015
108773,0.06
108774,0.02
108775,0.29
108776,0.275
108777,0.18
108778,0.02
108779,0.035
108780,0.02
108781,0.04
108782,0.465
108783,0.355
108784,0.07
108785,0.295
108786,0.125
108787,0.155
108788,0.15
108789,0.035
108790,0.395
108791,0.255
108792,0.21
108793,0.405
108794,0.465
108795,0.2
108796,0.115
108797,0.01
108798,0.145
108799,0.715
108800,0.235
108801,0.16
108802,0.065
108803,0.4
108804,0.005
108805,0.265
108806,0.125
108807,0.05
108808,0.255
108809,0.025
108810,0.66
108811,0.0
108812,0.305
108813,0.085
108814,0.065
108815,0.03
108816,0.16
108817,0.29
108818,0.505
108819,0.305
108820,0.485
108821,0.44
108822,0.92
108823,0.125
108824,0.095
108825,0.69
108826,0.055
108827,0.18
108828,0.125
108829,0.225
108830,0.14
108831,0.245
108832,0.185
108833,0.775
108834,0.065
108835,0.075
108836,0.6
108837,0.625
108838,0.17
108839,0.165
108840,0.39
108841,0.135
108842,0.815
108843,0.055
108844,0.26
108845,0.185
108846,0.015
108847,0.71
108848,0.095
108849,0.78
108850,0.165
108851,0.08
108852,0.06
108853,0.395
108854,0.47
108855,0.53
108856,0.985
108857,0.555
108858,0.125
108859,0.175
108860,0.61
108861,0.285
108862,0.6
108863,0.075
108864,0.155
108865,0.555
108866,0.645
108867,0.37
108868,0.025
108869,0.075
108870,0.295
108871,0.69
108872,0.055
108873,0.255
108874,0.5
108875,0.41
108876,0.175
108877,0.075
108878,0.195
108879,0.38
108880,0.08
108881,0.175
108882,0.675
108883,0.17
108884,0.815
108885,0.145
108886,0.245
108887,0.095
108888,0.135
108889,0.72
108890,0.04
108891,0.305
108892,0.135
108893,0.58
108894,0.045
108895,0.13
108896,0.055
108897,0.33
108898,0.03
108899,0.0
108900,0.17
108901,0.465
108902,0.09
108903,0.11
108904,0.04
108905,0.465
108906,0.105
108907,0.07
108908,0.085
108909,0.1
108910,0.245
108911,0.225
108912,0.1
108913,0.045
108914,0.3
108915,0.145
108916,0.235
108917,0.275
108918,0.365
108919,0.02
108920,0.455
108921,0.21
108922,0.455
108923,0.365
108924,0.51
108925,0.16
108926,0.135
108927,0.05
108928,0.05
108929,0.39
108930,0.465
108931,0.095
108932,0.51
108933,0.23
108934,0.11
108935,0.11
108936,0.115
108937,0.095
108938,0.85
108939,0.76
108940,0.395
108941,0.11
108942,0.05
108943,0.495
108944,0.11
108945,0.03
108946,0.195
108947,0.11
108948,0.01
108949,0.64
108950,0.03
108951,0.265
108952,0.13
108953,0.16
108954,0.005
108955,0.25
108956,0.315
108957,0.13
108958,0.645
108959,0.33
108960,0.185
108961,0.045
108962,0.04
108963,0.035
108964,0.365
108965,0.025
108966,0.285
108967,0.33
108968,0.08
108969,0.405
108970,0.015
108971,0.22
108972,0.265
108973,0.015
108974,0.045
108975,0.135
108976,0.21
108977,0.12
108978,0.14
108979,0.675
108980,0.18
108981,0.03
108982,0.065
108983,0.39
108984,0.23
108985,0.025
108986,0.25
108987,0.1
108988,0.35
108989,0.005
108990,0.155
108991,0.13
108992,0.05
108993,0.065
108994,0.08
108995,0.605
108996,0.19
108997,0.29
108998,0.36
108999,0.105
109000,0.245
109001,0.105
109002,0.765
109003,0.085
109004,0.065
109005,0.74
109006,0.36
109007,0.435
109008,0.225
109009,0.415
109010,0.245
109011,0.07
109012,0.24
109013,0.31
109014,0.015
109015,0.415
109016,0.125
109017,0.11
109018,0.535
109019,0.165
109020,0.145
109021,0.285
109022,0.055
109023,0.19
109024,0.015
109025,0.115
109026,0.05
109027,0.655
109028,0.1
109029,0.03
109030,0.13
109031,0.115
109032,0.075
109033,0.025
109034,0.09
109035,0.62
109036,0.035
109037,0.08
109038,0.035
109039,0.065
109040,0.1
109041,0.24
109042,0.06
109043,0.16
109044,0.44
109045,0.11
109046,0.145
109047,0.195
109048,0.065
109049,0.23
109050,0.12
109051,0.24
109052,0.025
109053,0.055
109054,0.585
109055,0.09
109056,0.365
109057,0.025
109058,0.035
109059,0.37
109060,0.115
109061,0.275
109062,0.105
109063,0.65
109064,0.235
109065,0.405
109066,0.16
109067,0.06
109068,0.08
109069,0.025
109070,0.115
109071,0.07
109072,0.535
109073,0.17
109074,0.385
109075,0.19
109076,0.255
109077,0.365
109078,0.46
109079,0.09
109080,0.12
109081,0.12
109082,0.07
109083,0.59
109084,0.13
109085,0.025
109086,0.065
109087,0.73
109088,0.39
109089,0.27
109090,0.17
109091,0.285
109092,0.21
109093,0.19
109094,0.1
109095,0.06
109096,0.1
109097,0.3
109098,0.41
109099,0.055
109100,0.355
109101,0.7
109102,0.205
109103,0.035
109104,0.235
109105,0.195
109106,0.32
109107,0.365
109108,0.09
109109,0.06
109110,0.01
109111,0.13
109112,0.71
109113,0.4
109114,0.545
109115,0.33
109116,0.17
109117,0.085
109118,0.195
109119,0.03
109120,0.025
109121,0.125
109122,0.025
109123,0.44
109124,0.11
109125,0.195
109126,0.015
109127,0.605
109128,0.28
109129,0.08
109130,0.39
109131,0.03
109132,0.125
109133,0.165
109134,0.115
109135,0.105
109136,0.005
109137,0.195
109138,0.215
109139,0.11
109140,0.075
109141,0.135
109142,0.11
109143,0.945
109144,0.22
109145,0.105
109146,0.095
109147,0.485
109148,0.195
109149,0.205
109150,0.305
109151,0.045
109152,0.585
109153,0.095
109154,0.64
109155,0.82
109156,0.16
109157,0.04
109158,0.155
109159,0.19
109160,0.55
109161,0.285
109162,0.05
109163,0.015
109164,0.14
109165,0.31
109166,0.04
109167,0.03
109168,0.135
109169,0.245
109170,0.11
109171,0.205
109172,0.13
109173,0.08
109174,0.015
109175,0.255
109176,0.09
109177,0.095
109178,0.195
109179,0.245
109180,0.205
109181,0.165
109182,0.23
109183,0.325
109184,0.045
109185,0.3
109186,0.055
109187,0.045
109188,0.015
109189,0.53
109190,0.205
109191,0.285
109192,0.08
109193,0.35
109194,0.095
109195,0.605
109196,0.395
109197,0.245
109198,0.145
109199,0.345
109200,0.73
109201,0.1
109202,0.265
109203,0.235
109204,0.235
109205,0.15
109206,0.075
109207,0.075
109208,0.515
109209,0.23
109210,0.405
109211,0.33
109212,0.585
109213,0.45
109214,0.025
109215,0.165
109216,0.205
109217,0.265
109218,0.065
109219,0.01
109220,0.015
109221,0.055
109222,0.145
109223,0.045
109224,0.105
109225,0.095
109226,0.355
109227,0.165
109228,0.155
109229,0.235
109230,0.11
109231,0.09
109232,0.105
109233,0.01
109234,0.205
109235,0.285
109236,0.0
109237,0.035
109238,0.385
109239,0.635
109240,0.285
109241,0.045
109242,0.605
109243,0.43
109244,0.075
109245,0.47
109246,0.72
109247,0.04
109248,0.055
109249,0.24
109250,0.085
109251,0.17
109252,0.235
109253,0.335
109254,0.705
109255,0.12
109256,0.045
109257,0.11
109258,0.1
109259,0.2
109260,0.16
109261,0.45
109262,0.385
109263,0.705
109264,0.49
109265,0.055
109266,0.025
109267,0.115
109268,0.54
109269,0.53
109270,0.37
109271,0.16
109272,0.13
109273,0.015
109274,0.715
109275,0.01
109276,0.29
109277,0.22
109278,0.31
109279,0.93
109280,0.465
109281,0.255
109282,0.105
109283,0.05
109284,0.105
109285,0.16
109286,0.465
109287,0.33
109288,0.075
109289,0.23
109290,0.115
109291,0.075
109292,0.12
109293,0.195
109294,0.715
109295,0.04
109296,0.28
109297,0.02
109298,0.175
109299,0.06
109300,0.06
109301,0.06
109302,0.01
109303,0.49
109304,0.07
109305,0.915
109306,0.15
109307,0.06
109308,0.055
109309,0.34
109310,0.83
109311,0.115
109312,0.095
109313,0.145
109314,0.215
109315,0.63
109316,0.065
109317,0.075
109318,0.355
109319,0.115
109320,0.165
109321,0.265
109322,0.055
109323,0.075
109324,0.04
109325,0.25
109326,0.39
109327,0.45
109328,0.21
109329,0.515
109330,0.555
109331,0.495
109332,0.46
109333,0.32
109334,0.045
109335,0.16
109336,0.19
109337,0.28
109338,0.135
109339,0.015
109340,0.585
109341,0.25
109342,0.125
109343,0.105
109344,0.5
109345,0.125
109346,0.295
109347,0.05
109348,0.225
109349,0.115
109350,0.08
109351,0.35
109352,0.29
109353,0.055
109354,0.375
109355,0.33
109356,0.525
109357,0.67
109358,0.47
109359,0.385
109360,0.18
109361,0.28
109362,0.1
109363,0.045
109364,0.64
109365,0.115
109366,0.08
109367,0.475
109368,0.32
109369,0.05
109370,0.03
109371,0.09
109372,0.07
109373,0.0
109374,0.81
109375,0.03
109376,0.255
109377,0.215
109378,0.365
109379,0.665
109380,0.115
109381,0.57
109382,0.0
109383,0.21
109384,0.11
109385,0.19
109386,0.14
109387,0.255
109388,0.07
109389,0.085
109390,0.205
109391,0.055
109392,0.125
109393,0.055
109394,0.06
109395,0.53
109396,0.765
109397,0.085
109398,0.3
109399,0.895
109400,0.105
109401,0.01
109402,0.18
109403,0.205
109404,0.235
109405,0.125
109406,0.145
109407,0.125
109408,0.01
109409,0.095
109410,0.435
109411,0.335
109412,0.035
109413,0.39
109414,0.395
109415,0.01
109416,0.04
109417,0.085
109418,0.165
109419,0.005
109420,0.385
109421,0.155
109422,0.02
109423,0.185
109424,0.045
109425,0.135
109426,0.125
109427,0.61
109428,0.525
109429,0.055
109430,0.22
109431,0.145
109432,0.58
109433,0.055
109434,0.18
109435,0.265
109436,0.52
109437,0.73
109438,0.45
109439,0.405
109440,0.235
109441,0.095
109442,0.46
109443,0.15
109444,0.075
109445,0.32
109446,0.105
109447,0.19
109448,0.065
109449,0.07
109450,0.09
109451,0.435
109452,0.57
109453,0.645
109454,0.395
109455,0.065
109456,0.05
109457,0.88
109458,0.335
109459,0.19
109460,0.06
109461,0.075
109462,0.35
109463,0.12
109464,0.33
109465,0.035
109466,0.03
109467,0.64
109468,0.335
109469,0.075
109470,0.455
109471,0.16
109472,0.615
109473,0.08
109474,0.175
109475,0.105
109476,0.205
109477,0.165
109478,0.68
109479,0.08
109480,0.265
109481,0.505
109482,0.2
109483,0.075
109484,0.04
109485,0.625
109486,0.085
109487,0.44
109488,0.215
109489,0.095
109490,0.055
109491,0.105
109492,0.145
109493,0.15
109494,0.135
109495,0.12
109496,0.105
109497,0.735
109498,0.14
109499,0.3
109500,0.85
109501,0.07
109502,0.135
109503,0.345
109504,0.07
109505,0.125
109506,0.04
109507,0.105
109508,0.025
109509,0.17
109510,0.05
109511,0.62
109512,0.085
109513,0.175
109514,0.105
109515,0.19
109516,0.325
109517,0.225
109518,0.11
109519,0.065
109520,0.045
109521,0.345
109522,0.2
109523,0.22
109524,0.115
109525,0.06
109526,0.035
109527,0.44
109528,0.06
109529,0.155
109530,0.13
109531,0.025
109532,0.07
109533,0.01
109534,0.115
109535,0.2
109536,0.125
109537,0.155
109538,0.205
109539,0.145
109540,0.29
109541,0.255
109542,0.62
109543,0.15
109544,0.0
109545,0.365
109546,0.485
109547,0.045
109548,0.285
109549,0.47
109550,0.335
109551,0.045
109552,0.095
109553,0.175
109554,0.265
109555,0.055
109556,0.27
109557,0.07
109558,0.085
109559,0.095
109560,0.115
109561,0.12
109562,0.005
109563,0.135
109564,0.365
109565,0.24
109566,0.025
109567,0.125
109568,0.18
109569,0.075
109570,0.65
109571,0.09
109572,0.03
109573,0.155
109574,0.105
109575,0.03
109576,0.035
109577,0.355
109578,0.505
109579,0.055
109580,0.65
109581,0.605
109582,0.145
109583,0.02
109584,0.01
109585,0.025
109586,0.24
109587,0.175
109588,0.23
109589,0.16
109590,0.23
109591,0.075
109592,0.11
109593,0.08
109594,0.365
109595,0.875
109596,0.165
109597,0.225
109598,0.08
109599,0.055
109600,0.11
109601,0.045
109602,0.39
109603,0.19
109604,0.645
109605,0.615
109606,0.585
109607,0.055
109608,0.13
109609,0.055
109610,0.145
109611,0.055
109612,0.06
109613,0.135
109614,0.15
109615,0.08
109616,0.3
109617,0.05
109618,0.14
109619,0.155
109620,0.035
109621,0.115
109622,0.24
109623,0.765
109624,0.065
109625,0.24
109626,0.1
109627,0.19
109628,0.005
109629,0.26
109630,0.8
109631,0.985
109632,0.125
109633,0.31
109634,0.665
109635,0.065
109636,0.71
109637,0.735
109638,0.11
109639,0.095
109640,0.765
109641,0.07
109642,0.02
109643,0.02
109644,0.44
109645,0.24
109646,0.185
109647,0.045
109648,0.03
109649,0.13
109650,0.04
109651,0.58
109652,0.09
109653,0.27
109654,0.225
109655,0.08
109656,0.195
109657,0.11
109658,0.05
109659,0.215
109660,0.185
109661,0.01
109662,0.13
109663,0.925
109664,0.02
109665,0.65
109666,0.0
109667,0.12
109668,0.51
109669,0.73
109670,0.15
109671,0.495
109672,0.05
109673,0.585
109674,0.15
109675,0.07
109676,0.34
109677,0.105
109678,0.78
109679,0.105
109680,0.36
109681,0.04
109682,0.24
109683,0.43
109684,0.225
109685,0.34
109686,0.635
109687,0.76
109688,0.175
109689,0.105
109690,0.535
109691,0.125
109692,0.0
109693,0.86
109694,0.05
109695,0.06
109696,0.085
109697,0.045
109698,0.63
109699,0.08
109700,0.155
109701,0.145
109702,0.005
109703,0.215
109704,0.035
109705,0.52
109706,0.295
109707,0.145
109708,0.05
109709,0.02
109710,0.21
109711,0.025
109712,0.985
109713,0.1
109714,0.295
109715,0.155
109716,0.21
109717,0.07
109718,0.115
109719,0.23
109720,0.12
109721,0.145
109722,0.235
109723,0.685
109724,0.065
109725,0.125
109726,0.135
109727,0.42
109728,0.425
109729,0.065
109730,0.585
109731,0.55
109732,0.05
109733,0.01
109734,0.155
109735,0.17
109736,0.235
109737,0.625
109738,0.29
109739,0.26
109740,0.285
109741,0.09
109742,0.04
109743,0.4
109744,0.17
109745,0.545
109746,0.46
109747,0.08
109748,0.1
109749,0.29
109750,0.015
109751,0.54
109752,0.755
109753,0.415
109754,0.1
109755,0.075
109756,0.085
109757,0.255
109758,0.195
109759,0.095
109760,0.295
109761,0.06
109762,0.905
109763,0.05
109764,0.165
109765,0.225
109766,0.37
109767,0.41
109768,0.165
109769,0.01
109770,0.425
109771,0.275
109772,0.17
109773,0.315
109774,0.06
109775,0.045
109776,0.04
109777,0.13
109778,0.05
109779,0.06
109780,0.12
109781,0.2
109782,0.625
109783,0.125
109784,0.445
109785,0.625
109786,0.175
109787,0.825
109788,0.12
109789,0.42
109790,0.06
109791,0.24
109792,0.02
109793,0.12
109794,0.25
109795,0.66
109796,0.275
109797,0.71
109798,0.085
109799,0.105
109800,0.175
109801,0.1
109802,0.185
109803,0.205
109804,0.41
109805,0.115
109806,0.27
109807,0.175
109808,0.125
109809,0.32
109810,0.08
109811,0.175
109812,0.005
109813,0.41
109814,0.11
109815,0.04
109816,0.27
109817,0.125
109818,0.47
109819,0.04
109820,0.34
109821,0.085
109822,0.41
109823,0.065
109824,0.16
109825,0.33
109826,0.03
109827,0.01
109828,0.1
109829,0.425
109830,0.445
109831,0.03
109832,0.125
109833,0.255
109834,0.195
109835,0.5
109836,0.205
109837,0.11
109838,0.05
109839,0.03
109840,0.105
109841,0.16
109842,0.155
109843,0.365
109844,0.01
109845,0.055
109846,0.205
109847,0.32
109848,0.19
109849,0.165
109850,0.185
109851,0.105
109852,0.195
109853,0.225
109854,0.075
109855,0.175
109856,0.05
109857,0.31
109858,0.285
109859,0.135
109860,0.69
109861,0.05
109862,0.265
109863,0.545
109864,0.055
109865,0.235
109866,0.08
109867,0.055
109868,0.15
109869,0.035
109870,0.025
109871,0.425
109872,0.565
109873,0.3
109874,0.145
109875,0.05
109876,0.03
109877,0.66
109878,0.225
109879,0.06
109880,0.25
109881,0.065
109882,0.06
109883,0.345
109884,0.28
109885,0.385
109886,0.09
109887,0.215
109888,0.105
109889,0.015
109890,0.14
109891,0.52
109892,0.135
109893,0.145
109894,0.075
109895,0.38
109896,0.22
109897,0.21
109898,0.125
109899,0.08
109900,0.265
109901,0.315
109902,0.315
109903,0.085
109904,0.11
109905,0.2
109906,0.115
109907,0.1
109908,0.195
109909,0.095
109910,0.295
109911,0.12
109912,0.06
109913,0.075
109914,0.38
109915,0.415
109916,0.31
109917,0.19
109918,0.16
109919,0.44
109920,0.065
109921,0.125
109922,0.095
109923,0.695
109924,0.125
109925,0.315
109926,0.3
109927,0.245
109928,0.545
109929,0.625
109930,0.52
109931,0.105
109932,0.08
109933,0.045
109934,0.42
109935,0.425
109936,0.14
109937,0.15
109938,0.04
109939,0.52
109940,0.025
109941,0.15
109942,0.175
109943,0.28
109944,0.575
109945,0.095
109946,0.225
109947,0.11
109948,0.22
109949,0.015
109950,0.09
109951,0.135
109952,0.415
109953,0.205
109954,0.42
109955,0.4
109956,0.32
109957,0.13
109958,0.0
109959,0.74
109960,0.525
109961,0.09
109962,0.64
109963,0.14
109964,0.46
109965,0.415
109966,0.075
109967,0.065
109968,0.06
109969,0.13
109970,0.43
109971,0.095
109972,0.15
109973,0.085
109974,0.77
109975,0.135
109976,0.36
109977,0.27
109978,0.07
109979,0.31
109980,0.325
109981,0.085
109982,0.14
109983,0.11
109984,0.03
109985,0.065
109986,0.175
109987,0.18
109988,0.63
109989,0.17
109990,0.355
109991,0.59
109992,0.215
109993,0.74
109994,0.365
109995,0.605
109996,0.285
109997,0.215
109998,0.005
109999,0.1
110000,0.355
110001,0.275
110002,0.025
110003,0.195
110004,0.005
110005,0.445
110006,0.035
110007,0.135
110008,0.1
110009,0.405
110010,0.105
110011,0.1
110012,0.04
110013,0.145
110014,0.175
110015,0.045
110016,0.135
110017,0.01
110018,0.46
110019,0.225
110020,0.09
110021,0.34
110022,0.36
110023,0.315
110024,0.2
110025,0.18
110026,0.755
110027,0.205
110028,0.515
110029,0.165
110030,0.175
110031,0.03
110032,0.035
110033,0.32
110034,0.63
110035,0.16
110036,0.705
110037,0.065
110038,0.2
110039,0.305
110040,0.15
110041,0.28
110042,0.05
110043,0.185
110044,0.775
110045,0.235
110046,0.115
110047,0.455
110048,0.17
110049,0.14
110050,0.085
110051,0.205
110052,0.2
110053,0.25
110054,0.925
110055,0.03
110056,0.335
110057,0.175
110058,0.05
110059,0.02
110060,0.005
110061,0.085
110062,0.88
110063,0.085
110064,0.385
110065,0.435
110066,0.025
110067,0.12
110068,0.29
110069,0.15
110070,0.17
110071,0.13
110072,0.26
110073,0.19
110074,0.545
110075,0.34
110076,0.31
110077,0.085
110078,0.32
110079,0.21
110080,0.05
110081,0.73
110082,0.07
110083,0.185
110084,0.19
110085,0.495
110086,0.135
110087,0.865
110088,0.02
110089,0.08
110090,0.445
110091,0.03
110092,0.505
110093,0.235
110094,0.345
110095,0.085
110096,0.115
110097,0.455
110098,0.055
110099,0.02
110100,0.035
110101,0.21
110102,0.065
110103,0.12
110104,0.19
110105,0.245
110106,0.865
110107,0.115
110108,0.245
110109,0.2
110110,0.085
110111,0.6
110112,0.045
110113,0.155
110114,0.47
110115,0.245
110116,0.48
110117,0.165
110118,0.025
110119,0.27
110120,0.325
110121,0.07
110122,0.705
110123,0.405
110124,0.11
110125,0.07
110126,0.185
110127,0.79
110128,0.68
110129,0.225
110130,0.055
110131,0.65
110132,0.16
110133,0.135
110134,0.085
110135,0.08
110136,0.09
110137,0.03
110138,0.095
110139,0.175
110140,0.11
110141,0.035
110142,0.57
110143,0.36
110144,0.135
110145,0.785
110146,0.085
110147,0.075
110148,0.375
110149,0.04
110150,0.035
110151,0.04
110152,0.05
110153,0.445
110154,0.13
110155,0.07
110156,0.21
110157,0.435
110158,0.045
110159,0.115
110160,0.19
110161,0.77
110162,0.055
110163,0.055
110164,0.12
110165,0.07
110166,0.885
110167,0.01
110168,0.015
110169,0.07
110170,0.065
110171,0.295
110172,0.48
110173,0.305
110174,0.065
110175,0.08
110176,0.02
110177,0.255
110178,0.035
110179,0.065
110180,0.03
110181,0.165
110182,0.19
110183,0.59
110184,0.135
110185,0.49
110186,0.47
110187,0.62
110188,0.0
110189,0.365
110190,0.23
110191,0.08
110192,0.07
110193,0.09
110194,0.14
110195,0.065
110196,0.635
110197,0.005
110198,0.06
110199,0.42
110200,0.05
110201,0.31
110202,0.0
110203,0.09
110204,0.76
110205,0.23
110206,0.755
110207,0.12
110208,0.34
110209,0.13
110210,0.23
110211,0.075
110212,0.07
110213,0.705
110214,0.555
110215,0.03
110216,0.275
110217,0.07
110218,0.11
110219,0.15
110220,0.015
110221,0.115
110222,0.165
110223,0.255
110224,0.395
110225,0.53
110226,0.025
110227,0.175
110228,0.485
110229,0.115
110230,0.485
110231,0.795
110232,0.025
110233,0.73
110234,0.615
110235,0.07
110236,0.65
110237,0.035
110238,0.15
110239,0.145
110240,0.685
110241,0.04
110242,0.035
110243,0.505
110244,0.155
110245,0.07
110246,0.235
110247,0.245
110248,0.13
110249,0.005
110250,0.015
110251,0.055
110252,0.005
110253,0.11
110254,0.155
110255,0.37
110256,0.235
110257,0.005
110258,0.025
110259,0.06
110260,0.16
110261,0.205
110262,0.225
110263,0.035
110264,0.155
110265,0.04
110266,0.16
110267,0.355
110268,0.07
110269,0.085
110270,0.08
110271,0.025
110272,0.13
110273,0.155
110274,0.29
110275,0.04
110276,0.36
110277,0.39
110278,0.08
110279,0.37
110280,0.17
110281,0.055
110282,0.22
110283,0.16
110284,0.69
110285,0.005
110286,0.04
110287,0.03
110288,0.04
110289,0.165
110290,0.455
110291,0.215
110292,0.215
110293,0.105
110294,0.1
110295,0.125
110296,0.495
110297,0.345
110298,0.19
110299,0.82
110300,0.235
110301,0.625
110302,0.345
110303,0.305
110304,0.825
110305,0.06
110306,0.41
110307,0.57
110308,0.88
110309,0.74
110310,0.545
110311,0.105
110312,0.125
110313,0.01
110314,0.335
110315,0.14
110316,0.015
110317,0.095
110318,0.045
110319,0.03
110320,0.095
110321,0.055
110322,0.08
110323,0.36
110324,0.665
110325,0.645
110326,0.08
110327,0.135
110328,0.09
110329,0.17
110330,0.1
110331,0.04
110332,0.125
110333,0.065
110334,0.07
110335,0.34
110336,0.37
110337,0.075
110338,0.095
110339,0.145
110340,0.135
110341,0.775
110342,0.31
110343,0.015
110344,0.085
110345,0.11
110346,0.155
110347,0.21
110348,0.345
110349,0.12
110350,0.13
110351,0.16
110352,0.095
110353,0.215
110354,0.405
110355,0.03
110356,0.04
110357,0.035
110358,0.365
110359,0.07
110360,0.125
110361,0.14
110362,0.255
110363,0.055
110364,0.015
110365,0.5
110366,0.065
110367,0.03
110368,0.15
110369,0.865
110370,0.45
110371,0.125
110372,0.105
110373,0.165
110374,0.22
110375,0.06
110376,0.155
110377,0.035
110378,0.105
110379,0.375
110380,0.1
110381,0.035
110382,0.08
110383,0.675
110384,0.06
110385,0.215
110386,0.905
110387,0.05
110388,0.275
110389,0.3
110390,0.6
110391,0.385
110392,0.675
110393,0.155
110394,0.07
110395,0.16
110396,0.07
110397,0.04
110398,0.755
110399,0.245
110400,0.165
110401,0.06
110402,0.115
110403,0.145
110404,0.08
110405,0.575
110406,0.095
110407,0.045
110408,0.73
110409,0.215
110410,0.34
110411,0.185
110412,0.13
110413,0.19
110414,0.215
110415,0.075
110416,0.07
110417,0.465
110418,0.745
110419,0.13
110420,0.125
110421,0.035
110422,0.16
110423,0.09
110424,0.07
110425,0.025
110426,0.08
110427,0.66
110428,0.125
110429,0.285
110430,0.31
110431,0.1
110432,0.78
110433,0.13
110434,0.21
110435,0.075
110436,0.005
110437,0.13
110438,0.615
110439,0.115
110440,0.055
110441,0.945
110442,0.04
110443,0.145
110444,0.035
110445,0.245
110446,0.78
110447,0.1
110448,0.035
110449,0.105
110450,0.015
110451,0.245
110452,0.625
110453,0.55
110454,0.22
110455,0.18
110456,0.48
110457,0.075
110458,0.06
110459,0.255
110460,0.32
110461,0.01
110462,0.025
110463,0.195
110464,0.68
110465,0.405
110466,0.86
110467,0.545
110468,0.34
110469,0.205
110470,0.15
110471,0.135
110472,0.595
110473,0.075
110474,0.155
110475,0.13
110476,0.03
110477,0.16
110478,0.16
110479,0.01
110480,0.505
110481,0.61
110482,0.045
110483,0.72
110484,0.21
110485,0.16
110486,0.19
110487,0.52
110488,0.2
110489,0.04
110490,0.825
110491,0.09
110492,0.105
110493,0.075
110494,0.145
110495,0.155
110496,0.43
110497,0.095
110498,0.285
110499,0.055
110500,0.04
110501,0.42
110502,0.28
110503,0.22
110504,0.035
110505,0.105
110506,0.835
110507,0.125
110508,0.085
110509,0.135
110510,0.16
110511,0.03
110512,0.085
110513,0.05
110514,0.0
110515,0.045
110516,0.005
110517,0.25
110518,0.205
110519,0.03
110520,0.215
110521,0.2
110522,0.365
110523,0.185
110524,0.06
110525,0.31
110526,0.93
110527,0.17
110528,0.945
110529,0.325
110530,0.2
110531,0.24
110532,0.39
110533,0.55
110534,0.07
110535,0.1
110536,0.08
110537,0.13
110538,0.23
110539,0.04
110540,0.52
110541,0.04
110542,0.14
110543,0.19
110544,0.415
110545,0.01
110546,0.075
110547,0.13
110548,0.02
110549,0.47
110550,0.315
110551,0.225
110552,0.205
110553,0.81
110554,0.09
110555,0.835
110556,0.49
110557,0.03
110558,0.115
110559,0.15
110560,0.05
110561,0.25
110562,0.065
110563,0.055
110564,0.275
110565,0.05
110566,0.165
110567,0.135
110568,0.025
110569,0.74
110570,0.16
110571,0.04
110572,0.185
110573,0.135
110574,0.255
110575,0.435
110576,0.75
110577,0.07
110578,0.055
110579,0.23
110580,0.175
110581,0.115
110582,0.135
110583,0.195
110584,0.065
110585,0.405
110586,0.39
110587,0.2
110588,0.345
110589,0.05
110590,0.1
110591,0.175
110592,0.92
110593,0.13
110594,0.185
110595,0.19
110596,0.125
110597,0.105
110598,0.17
110599,0.19
110600,0.14
110601,0.13
110602,0.07
110603,0.07
110604,0.345
110605,0.095
110606,0.035
110607,0.72
110608,0.545
110609,0.405
110610,0.275
110611,0.14
110612,0.425
110613,0.04
110614,0.22
110615,0.15
110616,0.315
110617,0.06
110618,0.225
110619,0.295
110620,0.155
110621,0.235
110622,0.18
110623,0.035
110624,0.2
110625,0.145
110626,0.165
110627,0.1
110628,0.185
110629,0.485
110630,0.265
110631,0.3
110632,0.055
110633,0.155
110634,0.435
110635,0.035
110636,0.075
110637,0.175
110638,0.155
110639,0.005
110640,0.025
110641,0.345
110642,0.125
110643,0.055
110644,0.03
110645,0.14
110646,0.245
110647,0.545
110648,0.215
110649,0.09
110650,0.72
110651,0.095
110652,0.31
110653,0.06
110654,0.84
110655,0.14
110656,0.88
110657,0.165
110658,0.515
110659,0.555
110660,0.175
110661,0.375
110662,0.35
110663,0.52
110664,0.25
110665,0.435
110666,0.26
110667,0.06
110668,0.035
110669,0.015
110670,0.08
110671,0.375
110672,0.07
110673,0.75
110674,0.1
110675,0.495
110676,0.405
110677,0.54
110678,0.08
110679,0.16
110680,0.43
110681,0.01
110682,0.045
110683,0.21
110684,0.155
110685,0.19
110686,0.01
110687,0.245
110688,0.01
110689,0.48
110690,0.11
110691,0.675
110692,0.565
110693,0.08
110694,0.05
110695,0.005
110696,0.45
110697,0.875
110698,0.055
110699,0.14
110700,0.145
110701,0.395
110702,0.395
110703,0.08
110704,0.295
110705,0.18
110706,0.065
110707,0.075
110708,0.06
110709,0.03
110710,0.935
110711,0.43
110712,0.02
110713,0.645
110714,0.095
110715,0.095
110716,0.41
110717,0.25
110718,0.02
110719,0.025
110720,0.08
110721,0.085
110722,0.105
110723,0.135
110724,0.39
110725,0.18
110726,0.105
110727,0.225
110728,0.0
110729,0.25
110730,0.48
110731,0.09
110732,0.29
110733,0.03
110734,0.085
110735,0.395
110736,0.515
110737,0.035
110738,0.245
110739,0.3
110740,0.13
110741,0.15
110742,0.82
110743,0.675
110744,0.145
110745,0.215
110746,0.185
110747,0.125
110748,0.13
110749,0.63
110750,0.68
110751,0.055
110752,0.025
110753,0.04
110754,0.13
110755,0.405
110756,0.025
110757,0.11
110758,0.17
110759,0.015
110760,0.025
110761,0.01
110762,0.61
110763,0.445
110764,0.71
110765,0.165
110766,0.03
110767,0.365
110768,0.605
110769,0.04
110770,0.08
110771,0.235
110772,0.035
110773,0.02
110774,0.14
110775,0.585
110776,0.255
110777,0.115
110778,0.035
110779,0.115
110780,0.6
110781,0.245
110782,0.045
110783,0.28
110784,0.115
110785,0.62
110786,0.27
110787,0.185
110788,0.32
110789,0.0
110790,0.165
110791,0.3
110792,0.205
110793,0.025
110794,0.325
110795,0.085
110796,0.015
110797,0.365
110798,0.085
110799,0.06
110800,1.0
110801,0.06
110802,0.64
110803,0.22
110804,0.25
110805,0.185
110806,0.775
110807,0.315
110808,0.115
110809,0.18
110810,0.295
110811,0.135
110812,0.13
110813,0.01
110814,0.41
110815,0.255
110816,0.235
110817,0.185
110818,0.1
110819,0.195
110820,0.095
110821,0.325
110822,0.035
110823,0.035
110824,0.53
110825,0.985
110826,0.075
110827,0.07
110828,0.665
110829,0.19
110830,0.5
110831,0.015
110832,0.14
110833,0.055
110834,0.455
110835,0.12
110836,0.035
110837,0.13
110838,0.06
110839,0.515
110840,0.515
110841,0.435
110842,0.275
110843,0.25
110844,0.02
110845,0.075
110846,0.245
110847,0.145
110848,0.08
110849,0.255
110850,0.14
110851,0.06
110852,0.07
110853,0.105
110854,0.01
110855,0.015
110856,0.035
110857,0.155
110858,0.09
110859,0.24
110860,0.305
110861,0.53
110862,0.155
110863,0.03
110864,0.05
110865,0.15
110866,0.2
110867,0.46
110868,0.035
110869,0.005
110870,0.205
110871,0.4
110872,0.275
110873,0.125
110874,0.08
110875,0.13
110876,0.095
110877,0.26
110878,0.145
110879,0.115
110880,0.035
110881,0.985
110882,0.165
110883,0.04
110884,0.08
110885,0.215
110886,0.475
110887,0.28
110888,0.28
110889,0.46
110890,0.045
110891,0.48
110892,0.2
110893,0.18
110894,0.225
110895,0.11
110896,0.175
110897,0.24
110898,0.04
110899,0.875
110900,0.065
110901,0.205
110902,0.21
110903,0.055
110904,0.095
110905,0.01
110906,0.765
110907,0.29
110908,0.22
110909,0.115
110910,0.095
110911,0.085
110912,0.3
110913,0.12
110914,0.87
110915,0.375
110916,0.065
110917,0.095
110918,0.025
110919,0.16
110920,0.395
110921,0.305
110922,0.135
110923,0.2
110924,0.055
110925,0.19
110926,0.215
110927,0.215
110928,0.235
110929,0.18
110930,0.03
110931,0.23
110932,0.23
110933,0.09
110934,0.01
110935,0.175
110936,0.12
110937,0.435
110938,0.61
110939,0.05
110940,0.205
110941,0.045
110942,0.095
110943,0.075
110944,0.39
110945,0.18
110946,0.105
110947,0.045
110948,0.45
110949,0.54
110950,0.12
110951,0.09
110952,0.39
110953,0.32
110954,0.595
110955,0.13
110956,0.06
110957,0.54
110958,0.14
110959,0.715
110960,0.28
110961,0.125
110962,0.045
110963,0.08
110964,0.085
110965,0.13
110966,0.045
110967,0.095
110968,0.01
110969,0.07
110970,0.36
110971,0.2
110972,0.08
110973,0.34
110974,0.37
110975,0.195
110976,0.005
110977,0.61
110978,0.025
110979,0.06
110980,0.045
110981,0.025
110982,0.065
110983,0.22
110984,0.11
110985,0.115
110986,0.065
110987,0.37
110988,0.025
110989,0.54
110990,0.19
110991,0.385
110992,0.11
110993,0.065
110994,0.1
110995,0.05
110996,0.52
110997,0.115
110998,0.12
110999,0.22
111000,0.285
111001,0.09
111002,0.03
111003,0.055
111004,0.06
111005,0.5
111006,0.6
111007,0.035
111008,0.445
111009,0.055
111010,0.22
111011,0.85
111012,0.025
111013,0.715
111014,0.005
111015,0.15
111016,0.825
111017,0.1
111018,0.15
111019,0.945
111020,0.325
111021,0.225
111022,0.255
111023,0.125
111024,0.105
111025,0.05
111026,0.07
111027,0.235
111028,0.11
111029,0.005
111030,0.115
111031,0.0
111032,0.185
111033,0.16
111034,0.68
111035,0.12
111036,0.065
111037,0.03
111038,0.79
111039,0.15
111040,0.155
111041,0.125
111042,0.065
111043,0.01
111044,0.075
111045,0.46
111046,0.18
111047,0.045
111048,0.22
111049,0.21
111050,0.13
111051,0.16
111052,0.225
111053,0.085
111054,0.74
111055,0.135
111056,0.675
111057,0.99
111058,0.275
111059,0.345
111060,0.645
111061,0.22
111062,0.26
111063,0.235
111064,0.235
111065,0.135
111066,0.135
111067,0.005
111068,0.06
111069,0.075
111070,0.1
111071,0.115
111072,0.315
111073,0.085
111074,0.755
111075,0.15
111076,0.46
111077,0.25
111078,0.435
111079,0.26
111080,0.17
111081,0.07
111082,0.21
111083,0.16
111084,0.17
111085,0.1
111086,0.315
111087,0.225
111088,0.035
111089,0.235
111090,0.02
111091,0.05
111092,0.05
111093,0.2
111094,0.24
111095,0.59
111096,0.03
111097,0.045
111098,0.435
111099,0.06
111100,0.13
111101,0.145
111102,0.16
111103,0.1
111104,0.745
111105,0.56
111106,0.005
111107,0.61
111108,0.97
111109,0.065
111110,0.115
111111,0.52
111112,0.26
111113,0.08
111114,0.02
111115,0.1
111116,0.845
111117,0.05
111118,0.17
111119,0.69
111120,0.15
111121,0.625
111122,0.035
111123,0.01
111124,0.15
111125,0.3
111126,0.09
111127,0.0
111128,0.02
111129,0.165
111130,0.18
111131,0.605
111132,0.61
111133,0.155
111134,0.445
111135,0.47
111136,0.265
111137,0.105
111138,0.07
111139,0.285
111140,0.625
111141,0.105
111142,0.005
111143,0.09
111144,0.09
111145,0.39
111146,0.07
111147,0.535
111148,0.78
111149,0.675
111150,0.29
111151,0.09
111152,0.78
111153,0.32
111154,0.045
111155,0.105
111156,0.03
111157,0.635
111158,0.355
111159,0.075
111160,0.145
111161,0.145
111162,0.125
111163,0.36
111164,0.065
111165,0.47
111166,0.255
111167,0.215
111168,0.195
111169,0.14
111170,0.975
111171,0.29
111172,0.235
111173,0.035
111174,0.08
111175,0.78
111176,0.55
111177,0.16
111178,0.09
111179,0.115
111180,0.02
111181,0.155
111182,0.175
111183,0.155
111184,0.18
111185,0.19
111186,0.09
111187,0.21
111188,0.055
111189,0.23
111190,0.075
111191,0.63
111192,0.075
111193,0.475
111194,0.19
111195,0.335
111196,0.065
111197,0.43
111198,0.175
111199,0.385
111200,0.01
111201,0.375
111202,0.055
111203,0.17
111204,0.35
111205,0.21
111206,0.055
111207,0.195
111208,0.19
111209,0.145
111210,0.045
111211,0.07
111212,0.095
111213,0.15
111214,0.19
111215,0.055
111216,0.13
111217,0.105
111218,0.315
111219,0.025
111220,0.065
111221,0.06
111222,0.055
111223,0.03
111224,0.035
111225,0.095
111226,0.145
111227,0.86
111228,0.275
111229,0.27
111230,0.135
111231,0.01
111232,0.46
111233,0.095
111234,0.07
111235,0.81
111236,0.195
111237,0.0
111238,0.625
111239,0.025
111240,0.05
111241,0.23
111242,0.16
111243,0.15
111244,0.04
111245,0.075
111246,0.025
111247,0.345
111248,0.02
111249,0.155
111250,0.1
111251,0.035
111252,0.735
111253,0.395
111254,0.295
111255,0.175
111256,0.48
111257,0.055
111258,0.1
111259,0.02
111260,0.285
111261,0.31
111262,0.645
111263,0.035
111264,0.24
111265,0.15
111266,0.215
111267,0.08
111268,0.055
111269,0.03
111270,0.935
111271,0.105
111272,0.04
111273,0.035
111274,0.23
111275,0.05
111276,0.435
111277,0.065
111278,0.16
111279,0.705
111280,0.17
111281,0.095
111282,0.455
111283,0.66
111284,0.18
111285,0.12
111286,0.29
111287,0.345
111288,0.31
111289,0.15
111290,0.01
111291,0.27
111292,0.08
111293,0.19
111294,0.11
111295,0.115
111296,0.12
111297,0.02
111298,0.05
111299,0.105
111300,0.095
111301,0.635
111302,0.48
111303,0.735
111304,0.11
111305,0.905
111306,0.205
111307,0.2
111308,0.745
111309,0.17
111310,0.195
111311,0.345
111312,0.165
111313,0.02
111314,0.37
111315,0.185
111316,0.115
111317,0.135
111318,0.055
111319,0.015
111320,0.24
111321,0.01
111322,0.03
111323,0.35
111324,0.455
111325,0.3
111326,0.835
111327,0.08
111328,0.775
111329,0.15
111330,0.245
111331,0.19
111332,0.1
111333,0.62
111334,0.165
111335,0.015
111336,0.08
111337,0.35
111338,0.155
111339,0.045
111340,0.065
111341,0.745
111342,0.785
111343,0.115
111344,0.075
111345,0.205
111346,0.125
111347,0.03
111348,0.055
111349,0.08
111350,0.14
111351,0.71
111352,0.09
111353,0.32
111354,0.16
111355,0.105
111356,0.12
111357,0.14
111358,0.865
111359,0.44
111360,0.105
111361,0.145
111362,0.045
111363,0.125
111364,0.12
111365,0.035
111366,0.36
111367,0.225
111368,0.175
111369,0.175
111370,0.155
111371,0.055
111372,0.615
111373,0.335
111374,0.405
111375,0.495
111376,0.07
111377,0.33
111378,0.045
111379,0.03
111380,0.44
111381,0.265
111382,0.46
111383,0.695
111384,0.19
111385,0.18
111386,0.08
111387,0.015
111388,0.39
111389,0.04
111390,0.05
111391,0.0
111392,0.31
111393,0.385
111394,0.015
111395,0.16
111396,0.22
111397,0.325
111398,0.295
111399,0.105
111400,0.175
111401,0.33
111402,0.36
111403,0.135
111404,0.145
111405,0.19
111406,0.025
111407,0.82
111408,0.425
111409,0.015
111410,0.525
111411,0.1
111412,0.195
111413,0.57
111414,0.12
111415,0.36
111416,0.145
111417,0.85
111418,0.815
111419,0.175
111420,0.735
111421,0.195
111422,0.385
111423,0.05
111424,0.105
111425,0.165
111426,0.1
111427,0.155
111428,0.03
111429,0.37
111430,0.115
111431,0.005
111432,0.05
111433,0.44
111434,0.1
111435,0.175
111436,0.205
111437,0.3
111438,0.08
111439,0.16
111440,0.445
111441,0.06
111442,0.225
111443,0.16
111444,0.2
111445,0.035
111446,0.11
111447,0.145
111448,0.21
111449,0.64
111450,0.23
111451,0.87
111452,0.065
111453,0.215
111454,0.24
111455,0.15
111456,0.17
111457,0.245
111458,0.575
111459,0.515
111460,0.115
111461,0.26
111462,0.13
111463,0.14
111464,0.89
111465,0.205
111466,0.14
111467,0.08
111468,0.055
111469,0.085
111470,0.09
111471,0.125
111472,0.58
111473,0.295
111474,0.21
111475,0.54
111476,0.19
111477,0.06
111478,0.03
111479,0.33
111480,0.105
111481,0.25
111482,0.18
111483,0.15
111484,0.0
111485,0.305
111486,0.125
111487,0.06
111488,0.055
111489,0.11
111490,0.095
111491,0.075
111492,0.085
111493,0.065
111494,0.125
111495,0.015
111496,0.435
111497,0.1
111498,0.085
111499,0.055
111500,0.13
111501,0.225
111502,0.53
111503,0.21
111504,0.15
111505,0.155
111506,0.64
111507,0.185
111508,0.245
111509,0.7
111510,0.025
111511,0.115
111512,0.05
111513,0.255
111514,0.27
111515,0.115
111516,0.025
111517,0.02
111518,0.06
111519,0.305
111520,0.33
111521,0.24
111522,0.185
111523,0.15
111524,0.19
111525,0.095
111526,0.28
111527,0.275
111528,0.04
111529,0.59
111530,0.135
111531,0.075
111532,0.695
111533,0.63
111534,0.07
111535,0.535
111536,0.26
111537,0.08
111538,0.195
111539,0.29
111540,0.47
111541,0.675
111542,0.17
111543,0.455
111544,0.17
111545,0.055
111546,0.12
111547,0.125
111548,0.065
111549,0.34
111550,0.47
111551,0.055
111552,0.02
111553,0.21
111554,0.0
111555,0.21
111556,0.1
111557,0.31
111558,0.705
111559,0.68
111560,0.01
111561,0.215
111562,0.015
111563,0.385
111564,0.02
111565,0.05
111566,0.025
111567,0.23
111568,0.015
111569,0.37
111570,0.145
111571,0.07
111572,0.14
111573,0.41
111574,0.2
111575,0.47
111576,0.08
111577,0.77
111578,0.095
111579,0.24
111580,0.765
111581,0.455
111582,0.195
111583,0.25
111584,0.56
111585,0.165
111586,0.03
111587,0.1
111588,0.42
111589,0.095
111590,0.07
111591,0.255
111592,0.285
111593,0.2
111594,0.24
111595,0.175
111596,0.155
111597,0.2
111598,0.615
111599,0.465
111600,0.0
111601,0.06
111602,0.32
111603,0.035
111604,0.03
111605,0.1
111606,0.055
111607,0.02
111608,0.1
111609,0.065
111610,0.245
111611,0.02
111612,0.345
111613,0.28
111614,0.33
111615,0.105
111616,0.125
111617,0.045
111618,0.435
111619,0.23
111620,0.255
111621,0.49
111622,0.805
111623,0.065
111624,0.06
111625,0.61
111626,0.26
111627,0.72
111628,0.3
111629,0.36
111630,0.105
111631,0.145
111632,0.575
111633,0.065
111634,0.225
111635,0.565
111636,0.925
111637,0.19
111638,0.515
111639,0.145
111640,0.335
111641,0.595
111642,0.465
111643,0.215
111644,0.165
111645,0.085
111646,0.015
111647,0.13
111648,0.52
111649,0.165
111650,0.06
111651,0.245
111652,0.455
111653,0.25
111654,0.025
111655,0.34
111656,0.055
111657,0.115
111658,0.245
111659,0.18
111660,0.115
111661,0.04
111662,0.055
111663,0.405
111664,0.04
111665,0.235
111666,0.18
111667,0.225
111668,0.085
111669,0.24
111670,0.125
111671,0.05
111672,0.125
111673,0.08
111674,0.17
111675,0.695
111676,0.275
111677,0.405
111678,0.575
111679,0.315
111680,0.08
111681,0.045
111682,0.41
111683,0.215
111684,0.15
111685,0.5
111686,0.31
111687,0.04
111688,0.215
111689,0.44
111690,0.0
111691,0.065
111692,0.035
111693,0.23
111694,0.315
111695,0.42
111696,0.03
111697,0.215
111698,0.155
111699,0.045
111700,0.075
111701,0.285
111702,0.25
111703,0.475
111704,0.14
111705,0.13
111706,0.205
111707,0.055
111708,0.475
111709,0.235
111710,0.425
111711,0.055
111712,0.05
111713,0.15
111714,0.13
111715,0.255
111716,0.67
111717,0.3
111718,0.08
111719,0.265
111720,0.145
111721,0.06
111722,0.08
111723,0.3
111724,0.2
111725,0.015
111726,0.185
111727,0.22
111728,0.085
111729,0.645
111730,0.09
111731,0.175
111732,0.48
111733,0.125
111734,0.83
111735,0.04
111736,0.09
111737,0.265
111738,0.06
111739,0.14
111740,0.08
111741,0.17
111742,0.055
111743,0.07
111744,0.14
111745,0.255
111746,0.085
111747,0.07
111748,0.31
111749,0.275
111750,0.08
111751,0.04
111752,0.055
111753,0.215
111754,0.185
111755,0.345
111756,0.415
111757,0.14
111758,0.44
111759,0.055
111760,0.35
111761,0.13
111762,0.16
111763,0.49
111764,0.385
111765,0.125
111766,0.27
111767,0.07
111768,0.12
111769,0.21
111770,0.82
111771,0.255
111772,0.39
111773,0.445
111774,0.035
111775,0.09
111776,0.435
111777,0.04
111778,0.125
111779,0.075
111780,0.355
111781,0.41
111782,0.0
111783,0.13
111784,0.23
111785,0.045
111786,0.05
111787,0.405
111788,0.125
111789,0.07
111790,0.1
111791,0.685
111792,0.045
111793,0.74
111794,0.195
111795,0.065
111796,0.025
111797,0.13
111798,0.055
111799,0.075
111800,0.045
111801,0.095
111802,0.005
111803,0.83
111804,0.405
111805,0.13
111806,0.07
111807,0.01
111808,0.05
111809,0.09
111810,0.18
111811,0.14
111812,0.47
111813,0.11
111814,0.305
111815,0.175
111816,0.265
111817,0.135
111818,0.19
111819,0.22
111820,0.065
111821,0.255
111822,0.43
111823,0.03
111824,0.09
111825,0.23
111826,0.05
111827,0.37
111828,0.055
111829,0.285
111830,0.225
111831,0.055
111832,0.25
111833,0.73
111834,0.225
111835,0.35
111836,0.17
111837,0.185
111838,0.12
111839,0.05
111840,0.185
111841,0.09
111842,0.295
111843,0.04
111844,0.22
111845,0.365
111846,0.03
111847,0.135
111848,0.21
111849,0.1
111850,0.065
111851,0.245
111852,0.25
111853,0.06
111854,0.615
111855,0.175
111856,0.025
111857,0.07
111858,0.03
111859,0.37
111860,0.16
111861,0.16
111862,0.14
111863,0.025
111864,0.385
111865,0.24
111866,0.065
111867,0.62
111868,0.17
111869,0.16
111870,0.105
111871,0.22
111872,0.26
111873,0.125
111874,0.3
111875,0.785
111876,0.605
111877,0.775
111878,0.325
111879,0.32
111880,0.335
111881,0.475
111882,0.28
111883,0.105
111884,0.445
111885,0.395
111886,0.125
111887,0.055
111888,0.37
111889,0.04
111890,0.36
111891,0.76
111892,0.59
111893,0.23
111894,0.14
111895,0.195
111896,0.465
111897,0.105
111898,0.14
111899,0.43
111900,0.12
111901,0.035
111902,0.115
111903,0.045
111904,0.075
111905,0.08
111906,0.105
111907,0.605
111908,0.265
111909,0.285
111910,0.655
111911,0.155
111912,0.27
111913,0.21
111914,0.195
111915,0.02
111916,0.14
111917,0.33
111918,0.19
111919,0.42
111920,0.045
111921,0.18
111922,0.58
111923,0.135
111924,0.255
111925,0.06
111926,0.6
111927,0.38
111928,0.72
111929,0.56
111930,0.37
111931,0.06
111932,0.4
111933,0.785
111934,0.01
111935,0.75
111936,0.015
111937,0.195
111938,0.25
111939,0.11
111940,0.2
111941,0.165
111942,0.1
111943,0.03
111944,0.685
111945,0.14
111946,0.13
111947,0.04
111948,0.64
111949,0.575
111950,0.685
111951,0.155
111952,0.115
111953,0.055
111954,0.09
111955,0.21
111956,0.12
111957,0.665
111958,0.7
111959,0.17
111960,0.04
111961,0.135
111962,0.23
111963,0.14
111964,0.125
111965,0.135
111966,0.78
111967,0.675
111968,0.1
111969,0.07
111970,0.09
111971,0.235
111972,0.18
111973,0.72
111974,0.195
111975,0.765
111976,0.025
111977,0.415
111978,0.105
111979,0.045
111980,0.09
111981,0.145
111982,0.12
111983,0.145
111984,0.155
111985,0.3
111986,0.32
111987,0.085
111988,0.26
111989,0.15
111990,0.025
111991,0.245
111992,0.255
111993,0.14
111994,0.55
111995,0.065
111996,0.09
111997,0.055
111998,0.37
111999,0.005
112000,0.12
112001,0.07
112002,0.625
112003,0.185
112004,0.14
112005,0.075
112006,0.1
112007,0.15
112008,0.02
112009,0.305
112010,0.12
112011,0.65
112012,0.185
112013,0.025
112014,0.145
112015,0.015
112016,0.125
112017,0.215
112018,0.075
112019,0.075
112020,0.16
112021,0.51
112022,0.22
112023,0.145
112024,0.335
112025,0.06
112026,0.165
112027,0.715
112028,0.43
112029,0.365
112030,0.08
112031,0.15
112032,0.1
112033,0.16
112034,0.055
112035,0.195
112036,0.09
112037,0.195
112038,0.035
112039,0.205
112040,0.12
112041,0.6
112042,0.185
112043,0.175
112044,0.01
112045,0.14
112046,0.205
112047,0.655
112048,0.115
112049,0.095
112050,0.585
112051,0.23
112052,0.605
112053,0.03
112054,0.055
112055,0.035
112056,0.115
112057,0.205
112058,0.04
112059,0.24
112060,0.085
112061,0.805
112062,0.03
112063,0.07
112064,0.01
112065,0.06
112066,0.21
112067,0.095
112068,0.58
112069,0.06
112070,0.13
112071,0.58
112072,0.06
112073,0.12
112074,0.035
112075,0.04
112076,0.125
112077,0.03
112078,0.08
112079,0.47
112080,0.46
112081,0.105
112082,0.165
112083,0.06
112084,0.005
112085,0.165
112086,0.08
112087,0.01
112088,0.195
112089,0.08
112090,0.085
112091,0.08
112092,0.22
112093,0.17
112094,0.04
112095,0.48
112096,0.09
112097,0.835
112098,0.065
112099,0.21
112100,0.505
112101,0.65
112102,0.095
112103,0.245
112104,0.185
112105,0.255
112106,0.265
112107,0.165
112108,0.34
112109,0.115
112110,0.435
112111,0.075
112112,0.84
112113,0.07
112114,0.405
112115,0.185
112116,0.3
112117,0.07
112118,0.07
112119,0.23
112120,0.045
112121,0.45
112122,0.05
112123,0.015
112124,0.11
112125,0.165
112126,0.11
112127,0.025
112128,0.19
112129,0.125
112130,0.39
112131,0.98
112132,0.3
112133,0.025
112134,0.0
112135,0.085
112136,0.37
112137,0.145
112138,0.87
112139,0.465
112140,0.315
112141,0.09
112142,0.04
112143,0.825
112144,0.115
112145,0.2
112146,0.17
112147,0.065
112148,0.235
112149,0.045
112150,0.175
112151,0.19
112152,0.035
112153,0.745
112154,0.42
112155,0.08
112156,0.04
112157,0.165
112158,0.0
112159,0.295
112160,0.125
112161,0.145
112162,0.145
112163,0.035
112164,0.07
112165,0.32
112166,0.135
112167,0.02
112168,0.075
112169,0.115
112170,0.14
112171,0.315
112172,0.205
112173,0.62
112174,0.21
112175,0.045
112176,0.07
112177,0.02
112178,0.04
112179,0.045
112180,0.215
112181,0.43
112182,0.085
112183,0.55
112184,0.12
112185,0.135
112186,0.16
112187,0.195
112188,0.45
112189,0.675
112190,0.015
112191,0.41
112192,0.515
112193,0.745
112194,0.165
112195,0.295
112196,0.435
112197,0.145
112198,0.065
112199,0.115
112200,0.035
112201,0.04
112202,0.04
112203,0.12
112204,0.125
112205,0.145
112206,0.02
112207,0.23
112208,0.06
112209,0.08
112210,0.07
112211,0.39
112212,0.275
112213,0.385
112214,0.155
112215,0.095
112216,0.08
112217,0.115
112218,0.525
112219,0.115
112220,0.11
112221,0.06
112222,0.28
112223,0.3
112224,0.225
112225,0.08
112226,0.055
112227,0.33
112228,0.42
112229,0.205
112230,0.1
112231,0.22
112232,0.095
112233,0.055
112234,0.18
112235,0.67
112236,0.22
112237,0.08
112238,0.205
112239,0.47
112240,0.645
112241,0.0
112242,0.54
112243,0.285
112244,0.605
112245,0.6
112246,0.085
112247,0.195
112248,0.09
112249,0.905
112250,0.015
112251,0.22
112252,0.05
112253,0.43
112254,0.055
112255,0.295
112256,0.305
112257,0.16
112258,0.325
112259,0.115
112260,0.09
112261,0.27
112262,0.025
112263,0.12
112264,0.45
112265,0.1
112266,0.01
112267,0.2
112268,0.17
112269,0.21
112270,0.045
112271,0.035
112272,0.72
112273,0.28
112274,0.22
112275,0.57
112276,0.19
112277,0.135
112278,0.915
112279,0.03
112280,0.075
112281,0.07
112282,0.095
112283,0.155
112284,0.665
112285,0.505
112286,0.425
112287,0.02
112288,0.3
112289,0.01
112290,0.58
112291,0.035
112292,0.18
112293,0.06
112294,0.285
112295,0.25
112296,0.1
112297,0.27
112298,0.755
112299,0.1
112300,0.06
112301,0.08
112302,0.255
112303,0.375
112304,0.365
112305,0.135
112306,0.185
112307,0.045
112308,0.115
112309,0.075
112310,0.015
112311,0.195
112312,0.295
112313,0.775
112314,0.05
112315,0.175
112316,0.17
112317,0.425
112318,0.3
112319,0.06
112320,0.03
112321,0.43
112322,0.085
112323,0.395
112324,0.455
112325,0.205
112326,0.13
112327,0.13
112328,0.91
112329,0.155
112330,0.225
112331,0.4
112332,0.225
112333,0.22
112334,0.155
112335,0.19
112336,0.115
112337,0.655
112338,0.41
112339,0.27
112340,0.065
112341,0.35
112342,0.29
112343,0.105
112344,0.045
112345,0.12
112346,0.215
112347,0.39
112348,0.075
112349,0.09
112350,0.19
112351,0.62
112352,0.555
112353,0.21
112354,0.225
112355,0.165
112356,0.655
112357,0.125
112358,0.42
112359,0.065
112360,0.14
112361,0.145
112362,0.07
112363,0.055
112364,0.38
112365,0.165
112366,0.045
112367,0.07
112368,0.23
112369,0.07
112370,0.34
112371,0.15
112372,0.355
112373,0.11
112374,0.105
112375,0.11
112376,0.03
112377,0.13
112378,0.18
112379,0.93
112380,0.07
112381,0.1
112382,0.39
112383,0.15
112384,0.225
112385,0.26
112386,0.055
112387,0.07
112388,0.07
112389,0.05
112390,0.05
112391,0.35
112392,0.025
112393,0.28
112394,0.295
112395,0.125
112396,0.675
112397,0.1
112398,0.01
112399,0.645
112400,0.17
112401,0.0
112402,0.04
112403,0.115
112404,0.22
112405,0.165
112406,0.27
112407,0.045
112408,0.07
112409,0.12
112410,0.1
112411,0.16
112412,0.305
112413,0.14
112414,0.045
112415,0.79
112416,0.24
112417,0.28
112418,0.1
112419,0.16
112420,0.04
112421,0.34
112422,0.54
112423,0.075
112424,0.14
112425,0.66
112426,0.465
112427,0.175
112428,0.09
112429,0.075
112430,0.09
112431,0.105
112432,0.08
112433,0.25
112434,0.175
112435,0.405
112436,0.1
112437,0.25
112438,0.01
112439,0.095
112440,0.19
112441,0.355
112442,0.11
112443,0.11
112444,0.115
112445,0.555
112446,0.02
112447,0.23
112448,0.095
112449,0.045
112450,0.33
112451,0.28
112452,0.35
112453,0.245
112454,0.055
112455,0.01
112456,0.1
112457,0.26
112458,0.08
112459,0.29
112460,0.445
112461,0.045
112462,0.135
112463,0.56
112464,0.99
112465,0.205
112466,0.41
112467,0.095
112468,0.17
112469,0.14
112470,0.06
112471,0.57
112472,0.18
112473,0.335
112474,0.03
112475,0.175
112476,0.87
112477,0.19
112478,0.055
112479,0.095
112480,0.33
112481,0.065
112482,0.22
112483,0.18
112484,0.07
112485,0.12
112486,0.1
112487,0.09
112488,0.18
112489,0.36
112490,0.025
112491,0.09
112492,0.23
112493,0.295
112494,0.33
112495,0.78
112496,0.015
112497,0.075
112498,0.14
112499,0.04
112500,0.2
112501,0.025
112502,0.895
112503,0.545
112504,0.035
112505,0.1
112506,0.11
112507,0.085
112508,0.12
112509,0.2
112510,0.155
112511,0.54
112512,0.205
112513,0.075
112514,0.185
112515,0.12
112516,0.055
112517,0.115
112518,0.38
112519,0.08
112520,0.295
112521,0.0
112522,0.16
112523,0.06
112524,0.055
112525,0.12
112526,0.29
112527,0.285
112528,0.26
112529,0.08
112530,0.255
112531,0.23
112532,0.45
112533,0.155
112534,0.095
112535,0.775
112536,0.245
112537,0.02
112538,0.165
112539,0.095
112540,0.255
112541,0.08
112542,0.09
112543,0.35
112544,0.14
112545,0.075
112546,0.35
112547,0.035
112548,0.24
112549,0.105
112550,0.385
112551,0.055
112552,0.1
112553,0.11
112554,0.15
112555,0.25
112556,0.935
112557,0.045
112558,0.025
112559,0.225
112560,0.19
112561,0.76
112562,0.74
112563,0.785
112564,0.345
112565,0.125
112566,0.1
112567,0.225
112568,0.21
112569,0.43
112570,0.07
112571,0.14
112572,0.705
112573,0.155
112574,0.24
112575,0.075
112576,0.285
112577,0.055
112578,0.085
112579,0.07
112580,0.08
112581,0.285
112582,0.49
112583,0.145
112584,0.025
112585,0.4
112586,0.585
112587,0.245
112588,0.19
112589,0.07
112590,0.42
112591,0.47
112592,0.64
112593,0.07
112594,0.08
112595,0.005
112596,0.095
112597,0.04
112598,0.11
112599,0.26
112600,0.0
112601,0.19
112602,0.075
112603,0.965
112604,0.075
112605,0.265
112606,0.02
112607,0.055
112608,0.025
112609,0.01
112610,0.04
112611,0.2
112612,0.25
112613,0.435
112614,0.22
112615,0.02
112616,0.16
112617,0.67
112618,0.145
112619,0.405
112620,0.085
112621,0.305
112622,0.095
112623,0.345
112624,0.11
112625,0.615
112626,0.08
112627,0.195
112628,0.23
112629,0.155
112630,0.275
112631,0.015
112632,0.05
112633,0.3
112634,0.075
112635,0.535
112636,0.17
112637,0.07
112638,0.825
112639,0.195
112640,0.18
112641,0.165
112642,0.15
112643,0.31
112644,0.33
112645,0.22
112646,0.055
112647,0.01
112648,0.375
112649,0.3
112650,0.21
112651,0.175
112652,0.03
112653,0.275
112654,0.215
112655,0.015
112656,0.01
112657,0.105
112658,0.1
112659,0.2
112660,0.5
112661,0.08
112662,0.12
112663,0.04
112664,0.235
112665,0.135
112666,0.095
112667,0.015
112668,0.135
112669,0.005
112670,0.05
112671,0.155
112672,0.045
112673,0.45
112674,0.73
112675,0.365
112676,0.295
112677,0.11
112678,0.125
112679,0.09
112680,0.03
112681,0.22
112682,0.03
112683,0.04
112684,0.22
112685,0.465
112686,0.095
112687,0.365
112688,0.105
112689,0.015
112690,0.1
112691,0.065
112692,0.145
112693,0.375
112694,0.105
112695,0.435
112696,0.145
112697,0.305
112698,0.045
112699,0.105
112700,0.11
112701,0.285
112702,0.085
112703,0.06
112704,0.415
112705,0.53
112706,0.025
112707,0.14
112708,0.665
112709,0.045
112710,0.115
112711,0.185
112712,0.21
112713,0.055
112714,0.06
112715,0.035
112716,0.195
112717,0.13
112718,0.115
112719,0.06
112720,0.17
112721,0.015
112722,0.155
112723,0.385
112724,0.05
112725,0.13
112726,0.48
112727,0.05
112728,0.165
112729,0.155
112730,0.12
112731,0.11
112732,0.095
112733,0.205
112734,0.485
112735,0.72
112736,0.08
112737,0.46
112738,0.13
112739,0.34
112740,0.165
112741,0.125
112742,0.045
112743,0.055
112744,0.14
112745,0.185
112746,0.025
112747,0.295
112748,0.1
112749,0.055
112750,0.125
112751,0.36
112752,0.085
112753,0.03
112754,0.0
112755,0.25
112756,0.02
112757,0.13
112758,0.18
112759,0.135
112760,0.045
112761,0.17
112762,0.34
112763,0.015
112764,0.135
112765,0.29
112766,0.3
112767,0.45
112768,0.2
112769,0.03
112770,0.795
112771,0.035
112772,0.005
112773,0.435
112774,0.245
112775,0.35
112776,0.355
112777,0.13
112778,0.73
112779,0.26
112780,0.05
112781,0.38
112782,0.06
112783,0.055
112784,0.09
112785,0.405
112786,0.635
112787,0.045
112788,0.015
112789,0.71
112790,0.585
112791,0.775
112792,0.18
112793,0.015
112794,0.455
112795,0.025
112796,0.145
112797,0.26
112798,0.07
112799,0.085
112800,0.035
112801,0.275
112802,0.145
112803,0.21
112804,0.4
112805,0.42
112806,0.14
112807,0.315
112808,0.305
112809,0.41
112810,0.495
112811,0.175
112812,0.1
112813,0.185
112814,0.03
112815,0.04
112816,0.24
112817,0.015
112818,0.15
112819,0.085
112820,0.075
112821,0.195
112822,0.015
112823,0.54
112824,0.1
112825,0.26
112826,0.705
112827,0.1
112828,0.615
112829,0.045
112830,0.045
112831,0.605
112832,0.045
112833,0.05
112834,0.265
112835,0.095
112836,0.115
112837,0.09
112838,0.16
112839,0.14
112840,0.23
112841,0.155
112842,0.38
112843,0.35
112844,0.04
112845,0.69
112846,0.005
112847,0.03
112848,0.14
112849,0.115
112850,0.505
112851,0.68
112852,0.045
112853,0.155
112854,0.085
112855,0.175
112856,0.045
112857,0.115
112858,0.08
112859,0.025
112860,0.045
112861,0.035
112862,0.195
112863,0.135
112864,0.555
112865,0.12
112866,0.22
112867,0.07
112868,0.515
112869,0.545
112870,0.06
112871,0.185
112872,0.1
112873,0.525
112874,0.11
112875,0.16
112876,0.69
112877,0.045
112878,0.465
112879,0.415
112880,0.17
112881,0.16
112882,0.21
112883,0.435
112884,0.01
112885,0.025
112886,0.045
112887,0.655
112888,0.2
112889,0.075
112890,0.205
112891,0.065
112892,0.085
112893,0.05
112894,0.115
112895,0.085
112896,0.105
112897,0.1
112898,0.49
112899,0.5
112900,0.13
112901,0.8
112902,0.0
112903,0.815
112904,0.17
112905,0.1
112906,0.31
112907,0.095
112908,0.045
112909,0.155
112910,0.515
112911,0.55
112912,0.25
112913,0.135
112914,0.18
112915,0.155
112916,0.085
112917,0.065
112918,0.08
112919,0.87
112920,0.8
112921,0.06
112922,0.05
112923,0.72
112924,0.125
112925,0.03
112926,0.945
112927,0.105
112928,0.115
112929,0.145
112930,0.22
112931,0.17
112932,0.075
112933,0.26
112934,0.64
112935,0.005
112936,0.045
112937,0.055
112938,0.035
112939,0.005
112940,0.07
112941,0.21
112942,0.19
112943,0.025
112944,0.71
112945,0.13
112946,0.7
112947,0.13
112948,0.35
112949,0.03
112950,0.38
112951,0.03
112952,0.73
112953,0.05
112954,0.145
112955,0.405
112956,0.305
112957,0.17
112958,0.19
112959,0.115
112960,0.335
112961,0.105
112962,0.24
112963,0.58
112964,0.785
112965,0.775
112966,0.035
112967,0.08
112968,0.095
112969,0.055
112970,0.175
112971,0.005
112972,0.15
112973,0.045
112974,0.03
112975,0.07
112976,0.045
112977,0.455
112978,0.075
112979,0.11
112980,0.015
112981,0.385
112982,0.135
112983,0.06
112984,0.115
112985,0.1
112986,0.125
112987,0.115
112988,0.22
112989,0.085
112990,0.61
112991,0.16
112992,0.685
112993,0.635
112994,0.765
112995,0.135
112996,0.275
112997,0.225
112998,0.05
112999,0.07
113000,0.63
113001,0.14
113002,0.07
113003,0.165
113004,0.215
113005,0.215
113006,0.485
113007,0.01
113008,0.085
113009,0.68
113010,0.54
113011,0.245
113012,0.0
113013,0.07
113014,0.355
113015,0.65
113016,0.25
113017,0.645
113018,0.005
113019,0.23
113020,0.215
113021,0.68
113022,0.205
113023,0.145
113024,0.2
113025,0.065
113026,0.14
113027,0.63
113028,0.75
113029,0.7
113030,0.305
113031,0.465
113032,0.07
113033,0.08
113034,0.61
113035,0.095
113036,0.155
113037,0.175
113038,0.5
113039,0.45
113040,0.07
113041,0.095
113042,0.015
113043,0.095
113044,0.12
113045,0.145
113046,0.005
113047,0.13
113048,0.425
113049,0.135
113050,0.1
113051,0.32
113052,0.13
113053,0.11
113054,0.05
113055,0.135
113056,0.435
113057,0.09
113058,0.165
113059,0.255
113060,0.11
113061,0.44
113062,0.105
113063,0.21
113064,0.215
113065,0.14
113066,0.05
113067,0.075
113068,0.32
113069,0.235
113070,0.02
113071,0.025
113072,0.29
113073,0.445
113074,0.535
113075,0.425
113076,0.365
113077,0.12
113078,0.755
113079,0.82
113080,0.175
113081,0.155
113082,0.26
113083,0.065
113084,0.72
113085,0.465
113086,0.08
113087,0.06
113088,0.375
113089,0.215
113090,0.105
113091,0.095
113092,0.11
113093,0.285
113094,0.63
113095,0.19
113096,0.325
113097,0.705
113098,0.385
113099,0.13
113100,0.065
113101,0.665
113102,0.295
113103,0.09
113104,0.72
113105,0.075
113106,0.035
113107,0.085
113108,0.115
113109,0.0
113110,0.12
113111,0.02
113112,0.05
113113,0.335
113114,0.01
113115,0.165
113116,0.055
113117,0.07
113118,0.66
113119,0.145
113120,0.285
113121,0.145
113122,0.235
113123,0.035
113124,0.14
113125,0.02
113126,0.18
113127,0.39
113128,0.08
113129,0.245
113130,0.28
113131,0.14
113132,0.385
113133,0.075
113134,0.015
113135,0.41
113136,0.23
113137,0.275
113138,0.02
113139,0.785
113140,0.055
113141,0.42
113142,0.025
113143,0.07
113144,0.225
113145,0.275
113146,0.015
113147,0.02
113148,0.05
113149,0.145
113150,0.055
113151,0.165
113152,0.035
113153,0.105
113154,0.09
113155,0.22
113156,0.19
113157,0.26
113158,0.195
113159,0.125
113160,0.045
113161,0.065
113162,0.26
113163,0.11
113164,0.125
113165,0.06
113166,0.035
113167,0.045
113168,0.235
113169,0.05
113170,0.285
113171,0.13
113172,0.65
113173,0.02
113174,0.56
113175,0.05
113176,0.155
113177,0.075
113178,0.005
113179,0.43
113180,0.735
113181,0.055
113182,0.11
113183,0.15
113184,0.165
113185,0.0
113186,0.21
113187,0.055
113188,0.515
113189,0.045
113190,0.275
113191,0.02
113192,0.535
113193,0.065
113194,0.23
113195,0.945
113196,0.295
113197,0.02
113198,0.645
113199,0.05
113200,0.07
113201,0.215
113202,0.46
113203,0.09
113204,0.11
113205,0.04
113206,0.165
113207,0.91
113208,0.08
113209,0.48
113210,0.025
113211,0.225
113212,0.115
113213,0.24
113214,0.385
113215,0.075
113216,0.385
113217,0.125
113218,0.125
113219,0.01
113220,0.45
113221,0.015
113222,0.105
113223,0.135
113224,0.11
113225,0.335
113226,0.02
113227,0.13
113228,0.27
113229,0.26
113230,0.13
113231,0.205
113232,0.225
113233,0.09
113234,0.105
113235,0.025
113236,0.105
113237,0.385
113238,0.185
113239,0.33
113240,0.1
113241,0.15
113242,0.46
113243,0.105
113244,0.145
113245,0.07
113246,0.015
113247,0.07
113248,0.075
113249,0.195
113250,0.045
113251,0.465
113252,0.235
113253,0.145
113254,0.13
113255,0.125
113256,0.175
113257,0.095
113258,0.06
113259,0.265
113260,0.56
113261,0.455
113262,0.13
113263,0.645
113264,0.185
113265,0.135
113266,0.215
113267,0.39
113268,0.3
113269,0.12
113270,0.07
113271,0.035
113272,0.04
113273,0.175
113274,0.245
113275,0.2
113276,0.335
113277,0.165
113278,0.13
113279,0.18
113280,0.865
113281,0.115
113282,0.19
113283,0.105
113284,0.745
113285,0.205
113286,0.225
113287,0.125
113288,0.83
113289,0.065
113290,0.06
113291,0.035
113292,0.065
113293,0.15
113294,0.445
113295,0.13
113296,0.19
113297,0.205
113298,0.435
113299,0.095
113300,0.08
113301,0.03
113302,0.09
113303,0.345
113304,0.135
113305,0.025
113306,0.015
113307,0.55
113308,0.035
113309,0.18
113310,0.12
113311,0.34
113312,0.0
113313,0.015
113314,0.43
113315,0.68
113316,0.155
113317,0.65
113318,0.035
113319,0.125
113320,0.05
113321,0.25
113322,0.105
113323,0.22
113324,0.075
113325,0.235
113326,0.085
113327,0.11
113328,0.1
113329,0.09
113330,0.24
113331,0.73
113332,0.39
113333,0.17
113334,0.17
113335,0.23
113336,0.17
113337,0.325
113338,0.115
113339,0.115
113340,0.08
113341,0.145
113342,0.115
113343,0.22
113344,0.085
113345,0.81
113346,0.16
113347,0.015
113348,0.155
113349,0.055
113350,0.11
113351,0.04
113352,0.25
113353,0.065
113354,0.085
113355,0.0
113356,0.255
113357,0.02
113358,0.08
113359,0.045
113360,0.075
113361,0.175
113362,0.095
113363,0.01
113364,0.15
113365,0.05
113366,0.085
113367,0.405
113368,0.015
113369,0.455
113370,0.56
113371,0.73
113372,0.355
113373,0.545
113374,0.275
113375,0.195
113376,0.025
113377,0.08
113378,0.27
113379,0.06
113380,0.0
113381,0.855
113382,0.055
113383,0.025
113384,0.13
113385,0.075
113386,0.735
113387,0.14
113388,0.07
113389,0.505
113390,0.685
113391,0.16
113392,0.065
113393,0.18
113394,0.24
113395,0.3
113396,0.225
113397,0.14
113398,0.03
113399,0.025
113400,0.145
113401,0.865
113402,0.11
113403,0.145
113404,0.0
113405,0.06
113406,0.11
113407,0.065
113408,0.15
113409,0.035
113410,0.105
113411,0.18
113412,0.16
113413,0.025
113414,0.145
113415,0.3
113416,0.195
113417,0.12
113418,0.3
113419,0.265
113420,0.17
113421,0.035
113422,0.495
113423,0.625
113424,0.085
113425,0.705
113426,0.53
113427,0.11
113428,0.145
113429,0.015
113430,0.095
113431,0.09
113432,0.04
113433,0.01
113434,0.265
113435,0.125
113436,0.15
113437,0.085
113438,0.07
113439,0.8
113440,0.045
113441,0.34
113442,0.11
113443,0.295
113444,0.06
113445,0.82
113446,0.015
113447,0.065
113448,0.07
113449,0.185
113450,0.29
113451,0.105
113452,0.115
113453,0.175
113454,0.13
113455,0.275
113456,0.39
113457,0.225
113458,0.06
113459,0.015
113460,0.365
113461,0.13
113462,0.285
113463,0.205
113464,0.93
113465,0.09
113466,0.06
113467,0.18
113468,0.63
113469,0.17
113470,0.7
113471,0.64
113472,0.105
113473,0.285
113474,0.175
113475,0.46
113476,0.015
113477,0.08
113478,0.185
113479,0.015
113480,0.085
113481,0.065
113482,0.1
113483,0.025
113484,0.435
113485,0.895
113486,0.71
113487,0.22
113488,0.69
113489,0.6
113490,0.235
113491,0.005
113492,0.49
113493,0.115
113494,0.125
113495,0.245
113496,0.265
113497,0.295
113498,0.125
113499,0.055
113500,0.24
113501,0.445
113502,0.265
113503,0.55
113504,0.09
113505,0.585
113506,0.225
113507,0.355
113508,0.135
113509,0.065
113510,0.05
113511,0.13
113512,0.785
113513,0.135
113514,0.09
113515,0.195
113516,0.72
113517,0.125
113518,0.255
113519,0.625
113520,0.075
113521,0.74
113522,0.04
113523,0.33
113524,0.89
113525,0.355
113526,0.39
113527,0.255
113528,0.13
113529,0.085
113530,0.075
113531,0.245
113532,0.015
113533,0.095
113534,0.22
113535,0.02
113536,0.02
113537,0.35
113538,0.005
113539,0.095
113540,0.105
113541,0.32
113542,0.31
113543,0.335
113544,0.08
113545,0.025
113546,0.025
113547,0.255
113548,0.24
113549,0.085
113550,0.36
113551,0.13
113552,0.09
113553,0.065
113554,0.165
113555,0.135
113556,0.08
113557,0.47
113558,0.06
113559,0.14
113560,0.245
113561,0.18
113562,0.145
113563,0.055
113564,0.175
113565,0.145
113566,0.07
113567,0.015
113568,0.08
113569,0.23
113570,0.19
113571,0.1
113572,0.11
113573,0.03
113574,0.13
113575,0.44
113576,0.085
113577,0.015
113578,0.69
113579,0.38
113580,0.02
113581,0.135
113582,0.285
113583,0.31
113584,0.115
113585,0.06
113586,0.05
113587,0.135
113588,0.23
113589,0.21
113590,0.145
113591,0.205
113592,0.035
113593,0.26
113594,0.02
113595,0.36
113596,0.42
113597,0.69
113598,0.16
113599,0.19
113600,0.69
113601,0.435
113602,0.215
113603,0.76
113604,0.065
113605,0.28
113606,0.045
113607,0.185
113608,0.095
113609,0.16
113610,0.125
113611,0.65
113612,0.145
113613,0.025
113614,0.225
113615,0.155
113616,0.44
113617,0.61
113618,0.315
113619,0.1
113620,0.67
113621,0.995
113622,0.11
113623,0.145
113624,0.045
113625,0.15
113626,0.015
113627,0.05
113628,0.02
113629,0.05
113630,0.065
113631,0.64
113632,0.08
113633,0.07
113634,0.045
113635,0.075
113636,0.27
113637,0.28
113638,0.115
113639,0.1
113640,0.385
113641,0.14
113642,0.04
113643,0.025
113644,0.13
113645,0.06
113646,0.035
113647,0.03
113648,0.08
113649,0.24
113650,0.285
113651,0.105
113652,0.185
113653,0.08
113654,0.22
113655,0.285
113656,0.33
113657,0.45
113658,0.09
113659,0.02
113660,0.085
113661,0.295
113662,0.16
113663,0.595
113664,0.36
113665,0.265
113666,0.025
113667,0.2
113668,0.17
113669,0.085
113670,0.11
113671,0.165
113672,0.27
113673,0.31
113674,0.455
113675,0.11
113676,0.17
113677,0.295
113678,0.23
113679,0.72
113680,0.09
113681,0.05
113682,0.21
113683,0.585
113684,0.43
113685,0.29
113686,0.02
113687,0.03
113688,0.11
113689,0.13
113690,0.215
113691,0.19
113692,0.185
113693,0.03
113694,0.23
113695,0.325
113696,0.26
113697,0.125
113698,0.1
113699,0.64
113700,0.01
113701,0.245
113702,0.06
113703,0.57
113704,0.03
113705,0.795
113706,0.435
113707,0.105
113708,0.28
113709,0.135
113710,0.635
113711,0.14
113712,0.04
113713,0.075
113714,0.66
113715,0.87
113716,0.58
113717,0.11
113718,0.0
113719,0.03
113720,0.21
113721,0.595
113722,0.16
113723,0.17
113724,0.165
113725,0.275
113726,0.63
113727,0.275
113728,0.125
113729,0.335
113730,0.21
113731,0.13
113732,0.035
113733,0.425
113734,0.255
113735,0.875
113736,0.095
113737,0.0
113738,0.17
113739,0.66
113740,0.68
113741,0.085
113742,0.045
113743,0.43
113744,0.945
113745,0.055
113746,0.33
113747,0.25
113748,0.065
113749,0.115
113750,0.03
113751,0.47
113752,0.275
113753,0.03
113754,0.085
113755,0.55
113756,0.44
113757,0.025
113758,0.045
113759,0.14
113760,0.85
113761,0.26
113762,0.645
113763,0.01
113764,0.65
113765,0.29
113766,0.05
113767,0.02
113768,0.17
113769,0.01
113770,0.535
113771,0.005
113772,0.895
113773,0.075
113774,0.215
113775,0.45
113776,0.325
113777,0.085
113778,0.14
113779,0.18
113780,0.8
113781,0.505
113782,0.06
113783,0.84
113784,0.115
113785,0.25
113786,0.175
113787,0.185
113788,0.045
113789,0.075
113790,0.465
113791,0.435
113792,0.67
113793,0.125
113794,0.12
113795,0.045
113796,0.505
113797,0.14
113798,0.125
113799,0.47
113800,0.215
113801,0.14
113802,0.13
113803,0.355
113804,0.82
113805,0.0
113806,0.2
113807,0.475
113808,0.255
113809,0.285
113810,0.23
113811,0.18
113812,0.02
113813,0.105
113814,0.33
113815,0.675
113816,0.165
113817,0.12
113818,0.11
113819,0.09
113820,0.06
113821,0.13
113822,0.525
113823,0.175
113824,0.66
113825,0.15
113826,0.12
113827,0.2
113828,0.79
113829,0.17
113830,0.06
113831,0.01
113832,0.15
113833,0.4
113834,0.175
113835,0.435
113836,0.165
113837,0.195
113838,0.2
113839,0.055
113840,0.15
113841,0.19
113842,0.03
113843,0.14
113844,0.03
113845,0.42
113846,0.085
113847,0.755
113848,0.795
113849,0.28
113850,0.065
113851,0.095
113852,0.115
113853,0.185
113854,0.115
113855,0.295
113856,0.3
113857,0.035
113858,0.095
113859,0.67
113860,0.045
113861,0.035
113862,0.275
113863,0.08
113864,0.135
113865,0.165
113866,0.06
113867,0.215
113868,0.04
113869,0.055
113870,0.23
113871,0.46
113872,0.11
113873,0.09
113874,0.02
113875,0.015
113876,0.265
113877,0.195
113878,0.735
113879,0.015
113880,0.085
113881,0.255
113882,0.27
113883,0.04
113884,0.05
113885,0.08
113886,0.015
113887,0.155
113888,0.12
113889,0.22
113890,0.12
113891,0.045
113892,0.775
113893,0.605
113894,0.01
113895,0.01
113896,0.06
113897,0.185
113898,0.09
113899,0.52
113900,0.09
113901,0.16
113902,0.305
113903,0.91
113904,0.03
113905,0.01
113906,0.355
113907,0.29
113908,0.14
113909,0.095
113910,0.1
113911,0.665
113912,0.295
113913,0.14
113914,0.24
113915,0.07
113916,0.565
113917,0.09
113918,0.02
113919,0.02
113920,0.345
113921,0.05
113922,0.32
113923,0.095
113924,0.105
113925,0.155
113926,0.26
113927,0.27
113928,0.08
113929,0.15
113930,0.165
113931,0.195
113932,0.65
113933,0.335
113934,0.065
113935,0.51
113936,0.37
113937,0.195
113938,0.335
113939,0.035
113940,0.645
113941,0.23
113942,0.22
113943,0.265
113944,0.28
113945,0.25
113946,0.165
113947,0.19
113948,0.085
113949,0.39
113950,0.155
113951,0.36
113952,0.425
113953,0.04
113954,0.545
113955,0.38
113956,0.01
113957,0.05
113958,0.07
113959,0.225
113960,0.53
113961,0.235
113962,0.245
113963,0.33
113964,0.1
113965,0.035
113966,0.585
113967,0.12
113968,0.26
113969,0.04
113970,0.605
113971,0.225
113972,0.03
113973,0.17
113974,0.075
113975,0.19
113976,0.335
113977,0.025
113978,0.29
113979,0.155
113980,0.285
113981,0.055
113982,0.36
113983,0.03
113984,0.405
113985,0.185
113986,0.315
113987,0.125
113988,0.12
113989,0.785
113990,0.12
113991,0.43
113992,0.405
113993,0.09
113994,0.175
113995,0.14
113996,0.3
113997,0.2
113998,0.15
113999,0.325
114000,0.035
114001,0.11
114002,0.09
114003,0.035
114004,0.075
114005,0.055
114006,0.11
114007,0.215
114008,0.02
114009,0.08
114010,0.345
114011,0.08
114012,0.585
114013,0.05
114014,0.495
114015,0.04
114016,0.17
114017,0.435
114018,0.02
114019,0.255
114020,0.415
114021,0.51
114022,0.53
114023,0.16
114024,0.27
114025,0.17
114026,0.07
114027,0.075
114028,0.185
114029,0.245
114030,0.12
114031,0.035
114032,0.19
114033,0.155
114034,0.38
114035,0.115
114036,0.555
114037,0.025
114038,0.07
114039,0.495
114040,0.12
114041,0.185
114042,0.355
114043,0.03
114044,0.585
114045,0.085
114046,0.75
114047,0.34
114048,0.06
114049,0.555
114050,0.135
114051,0.15
114052,0.62
114053,0.055
114054,0.23
114055,0.29
114056,0.04
114057,0.03
114058,0.095
114059,0.09
114060,0.05
114061,0.25
114062,0.045
114063,0.1
114064,0.095
114065,0.185
114066,0.15
114067,0.82
114068,0.07
114069,0.155
114070,0.99
114071,0.12
114072,0.045
114073,0.19
114074,0.125
114075,0.005
114076,0.035
114077,0.18
114078,0.095
114079,0.04
114080,0.705
114081,0.12
114082,0.26
114083,0.185
114084,0.47
114085,0.06
114086,0.355
114087,0.15
114088,0.365
114089,0.845
114090,0.07
114091,0.18
114092,0.415
114093,0.05
114094,0.24
114095,0.3
114096,0.255
114097,0.245
114098,0.765
114099,0.09
114100,0.055
114101,0.07
114102,0.165
114103,0.315
114104,0.06
114105,0.1
114106,0.13
114107,0.075
114108,0.37
114109,0.245
114110,0.505
114111,0.06
114112,0.005
114113,0.39
114114,0.035
114115,0.175
114116,0.64
114117,0.14
114118,0.025
114119,0.245
114120,0.09
114121,0.16
114122,0.01
114123,0.04
114124,0.305
114125,0.085
114126,0.01
114127,0.22
114128,0.22
114129,0.135
114130,0.23
114131,0.06
114132,0.115
114133,0.085
114134,0.24
114135,0.025
114136,0.135
114137,0.435
114138,0.72
114139,0.66
114140,0.045
114141,0.22
114142,0.12
114143,0.015
114144,0.06
114145,0.06
114146,0.075
114147,0.18
114148,0.155
114149,0.085
114150,0.1
114151,0.08
114152,0.08
114153,0.1
114154,0.09
114155,0.75
114156,0.135
114157,0.015
114158,0.055
114159,0.06
114160,0.715
114161,0.085
114162,0.085
114163,0.01
114164,0.725
114165,0.15
114166,0.485
114167,0.515
114168,0.17
114169,0.085
114170,0.015
114171,0.04
114172,0.085
114173,0.225
114174,0.155
114175,0.09
114176,0.12
114177,0.03
114178,0.715
114179,0.665
114180,0.08
114181,0.085
114182,0.045
114183,0.07
114184,0.025
114185,0.605
114186,0.66
114187,0.635
114188,0.395
114189,0.15
114190,0.065
114191,0.365
114192,0.015
114193,0.075
114194,0.22
114195,0.03
114196,0.625
114197,0.035
114198,0.36
114199,0.035
114200,0.67
114201,0.05
114202,0.045
114203,0.155
114204,0.105
114205,0.2
114206,0.085
114207,0.28
114208,0.04
114209,0.07
114210,0.055
114211,0.205
114212,0.42
114213,0.09
114214,0.09
114215,0.08
114216,0.04
114217,0.42
114218,0.055
114219,0.42
114220,0.065
114221,0.13
114222,0.13
114223,0.105
114224,0.5
114225,0.09
114226,0.165
114227,0.09
114228,0.55
114229,0.14
114230,0.175
114231,0.13
114232,0.165
114233,0.12
114234,0.02
114235,0.375
114236,0.085
114237,0.565
114238,0.13
114239,0.1
114240,0.29
114241,0.35
114242,0.065
114243,0.02
114244,0.115
114245,0.1
114246,0.16
114247,0.445
114248,0.03
114249,0.065
114250,0.015
114251,0.155
114252,0.08
114253,0.24
114254,0.035
114255,0.68
114256,0.025
114257,0.67
114258,0.08
114259,0.095
114260,0.235
114261,0.155
114262,0.18
114263,0.225
114264,0.305
114265,0.055
114266,0.16
114267,0.22
114268,0.43
114269,0.245
114270,0.1
114271,0.62
114272,0.46
114273,0.375
114274,0.13
114275,0.085
114276,0.14
114277,0.775
114278,0.165
114279,0.285
114280,0.105
114281,0.18
114282,0.01
114283,0.41
114284,0.12
114285,0.075
114286,0.15
114287,0.16
114288,0.59
114289,0.125
114290,0.095
114291,0.25
114292,0.115
114293,0.13
114294,0.11
114295,0.07
114296,0.065
114297,0.165
114298,0.085
114299,0.075
114300,0.05
114301,0.08
114302,0.76
114303,0.18
114304,0.71
114305,0.535
114306,0.125
114307,0.07
114308,0.205
114309,0.26
114310,0.025
114311,0.345
114312,0.425
114313,0.04
114314,0.01
114315,0.325
114316,0.58
114317,0.075
114318,0.305
114319,0.01
114320,0.055
114321,0.175
114322,0.085
114323,0.125
114324,0.1
114325,0.035
114326,0.055
114327,0.32
114328,0.26
114329,0.195
114330,0.06
114331,0.125
114332,0.105
114333,0.26
114334,0.435
114335,0.15
114336,0.19
114337,0.05
114338,0.045
114339,0.575
114340,0.205
114341,0.51
114342,0.165
114343,0.085
114344,0.42
114345,0.085
114346,0.72
114347,0.06
114348,0.25
114349,0.08
114350,0.075
114351,0.095
114352,0.41
114353,0.14
114354,0.14
114355,0.32
114356,0.18
114357,0.87
114358,0.055
114359,0.065
114360,0.065
114361,0.34
114362,0.375
114363,0.04
114364,0.37
114365,0.08
114366,0.485
114367,0.16
114368,0.245
114369,0.11
114370,0.205
114371,0.02
114372,0.13
114373,0.075
114374,0.16
114375,0.06
114376,0.2
114377,0.14
114378,0.025
114379,0.59
114380,0.18
114381,0.105
114382,0.42
114383,0.16
114384,0.535
114385,0.02
114386,0.05
114387,0.195
114388,0.075
114389,0.04
114390,0.1
114391,0.08
114392,0.185
114393,0.105
114394,0.11
114395,0.04
114396,0.09
114397,0.155
114398,0.015
114399,0.735
114400,0.175
114401,0.665
114402,0.155
114403,0.0
114404,0.135
114405,0.195
114406,0.37
114407,0.0
114408,0.485
114409,0.07
114410,0.455
114411,0.41
114412,0.385
114413,0.57
114414,0.005
114415,0.44
114416,0.155
114417,0.115
114418,0.195
114419,0.07
114420,0.005
114421,0.16
114422,0.21
114423,0.12
114424,0.075
114425,0.075
114426,0.105
114427,0.055
114428,0.78
114429,0.04
114430,0.745
114431,0.09
114432,0.65
114433,0.035
114434,0.1
114435,0.22
114436,0.065
114437,0.065
114438,0.235
114439,0.07
114440,0.05
114441,0.05
114442,0.495
114443,0.24
114444,0.5
114445,0.06
114446,0.08
114447,0.165
114448,0.185
114449,0.07
114450,0.13
114451,0.315
114452,0.035
114453,0.09
114454,0.095
114455,0.29
114456,0.135
114457,0.17
114458,0.085
114459,0.0
114460,0.165
114461,0.925
114462,0.205
114463,0.15
114464,0.35
114465,0.255
114466,0.075
114467,0.38
114468,0.055
114469,0.08
114470,0.165
114471,0.84
114472,0.13
114473,0.73
114474,0.09
114475,0.025
114476,0.155
114477,0.095
114478,0.125
114479,0.415
114480,0.245
114481,0.165
114482,0.145
114483,0.225
114484,0.36
114485,0.565
114486,0.1
114487,0.435
114488,0.18
114489,0.0
114490,0.03
114491,0.175
114492,0.055
114493,0.045
114494,0.08
114495,0.245
114496,0.115
114497,0.03
114498,0.195
114499,0.44
114500,0.305
114501,0.09
114502,0.035
114503,0.03
114504,0.145
114505,0.895
114506,0.015
114507,0.13
114508,0.275
114509,0.0
114510,0.27
114511,0.09
114512,0.425
114513,0.205
114514,0.105
114515,0.34
114516,0.07
114517,0.265
114518,0.215
114519,0.115
114520,0.375
114521,0.025
114522,0.18
114523,0.32
114524,0.205
114525,0.06
114526,0.455
114527,0.27
114528,0.1
114529,0.07
114530,0.175
114531,0.0
114532,0.205
114533,0.185
114534,0.04
114535,0.72
114536,0.525
114537,0.55
114538,0.07
114539,0.01
114540,0.065
114541,0.085
114542,0.19
114543,0.635
114544,0.17
114545,0.615
114546,0.075
114547,0.15
114548,0.16
114549,0.06
114550,0.075
114551,0.635
114552,0.555
114553,0.05
114554,0.185
114555,0.145
114556,0.2
114557,0.28
114558,0.33
114559,0.33
114560,0.415
114561,0.115
114562,0.02
114563,0.02
114564,0.075
114565,0.115
114566,0.135
114567,0.125
114568,0.975
114569,0.125
114570,0.045
114571,0.075
114572,0.195
114573,0.2
114574,0.19
114575,0.315
114576,0.42
114577,0.035
114578,0.235
114579,0.11
114580,0.84
114581,0.3
114582,0.165
114583,0.155
114584,0.225
114585,0.265
114586,0.235
114587,0.275
114588,0.1
114589,0.225
114590,0.155
114591,0.1
114592,0.06
114593,0.205
114594,0.54
114595,0.17
114596,0.045
114597,0.105
114598,0.12
114599,0.08
114600,0.2
114601,0.055
114602,0.55
114603,0.04
114604,0.195
114605,0.07
114606,0.56
114607,0.68
114608,0.215
114609,0.015
114610,0.205
114611,0.095
114612,0.095
114613,0.09
114614,0.075
114615,0.12
114616,0.125
114617,0.05
114618,0.24
114619,0.215
114620,0.29
114621,0.28
114622,0.34
114623,0.22
114624,0.19
114625,0.44
114626,0.125
114627,0.17
114628,0.105
114629,0.095
114630,0.095
114631,0.095
114632,0.01
114633,0.095
114634,0.005
114635,0.33
114636,0.71
114637,0.06
114638,0.005
114639,0.495
114640,0.2
114641,0.07
114642,0.035
114643,0.315
114644,0.475
114645,0.135
114646,0.29
114647,0.52
114648,0.28
114649,0.05
114650,0.305
114651,0.23
114652,0.27
114653,0.185
114654,0.235
114655,0.105
114656,0.19
114657,0.48
114658,0.075
114659,0.11
114660,0.77
114661,0.22
114662,0.18
114663,0.25
114664,0.115
114665,0.345
114666,0.48
114667,0.1
114668,0.195
114669,0.06
114670,0.56
114671,0.32
114672,0.03
114673,0.135
114674,0.3
114675,0.13
114676,0.215
114677,0.08
114678,0.005
114679,0.305
114680,0.665
114681,0.34
114682,0.205
114683,0.645
114684,0.305
114685,0.31
114686,0.195
114687,0.08
114688,0.115
114689,0.225
114690,0.065
114691,0.195
114692,0.705
114693,0.11
114694,0.125
114695,0.385
114696,0.585
114697,0.29
114698,0.025
114699,0.32
114700,0.215
114701,0.65
114702,0.035
114703,0.52
114704,0.395
114705,0.115
114706,0.01
114707,0.15
114708,0.74
114709,0.255
114710,0.005
114711,0.385
114712,0.495
114713,0.16
114714,0.26
114715,0.53
114716,0.085
114717,0.17
114718,0.17
114719,0.09
114720,0.7
114721,0.085
114722,0.02
114723,0.015
114724,0.515
114725,0.135
114726,0.385
114727,0.165
114728,0.055
114729,0.12
114730,0.325
114731,0.105
114732,0.195
114733,0.285
114734,0.085
114735,0.575
114736,0.085
114737,0.09
114738,0.7
114739,0.085
114740,0.08
114741,0.27
114742,0.21
114743,0.06
114744,0.095
114745,0.125
114746,0.34
114747,0.19
114748,0.105
114749,0.02
114750,0.12
114751,0.065
114752,0.37
114753,0.105
114754,0.36
114755,0.13
114756,0.845
114757,0.355
114758,0.32
114759,0.015
114760,0.46
114761,0.02
114762,0.345
114763,0.03
114764,0.24
114765,0.285
114766,0.195
114767,0.075
114768,0.07
114769,0.075
114770,0.075
114771,0.435
114772,0.35
114773,0.15
114774,0.11
114775,0.53
114776,0.19
114777,0.545
114778,0.51
114779,0.1
114780,0.0
114781,0.055
114782,0.37
114783,0.16
114784,0.185
114785,0.095
114786,0.075
114787,0.3
114788,0.01
114789,0.025
114790,0.045
114791,0.015
114792,0.045
114793,0.08
114794,0.085
114795,0.105
114796,0.105
114797,0.155
114798,0.04
114799,0.2
114800,0.355
114801,0.135
114802,0.015
114803,0.12
114804,0.815
114805,0.165
114806,0.115
114807,0.65
114808,0.29
114809,0.22
114810,0.49
114811,0.71
114812,0.055
114813,0.535
114814,0.01
114815,0.42
114816,0.255
114817,0.005
114818,0.1
114819,0.515
114820,0.22
114821,0.065
114822,0.115
114823,0.045
114824,0.185
114825,0.05
114826,0.825
114827,0.31
114828,0.815
114829,0.05
114830,0.115
114831,0.105
114832,0.05
114833,0.25
114834,0.59
114835,0.345
114836,0.225
114837,0.105
114838,0.875
114839,0.09
114840,0.785
114841,0.005
114842,0.265
114843,0.05
114844,0.065
114845,0.52
114846,0.055
114847,0.07
114848,0.06
114849,0.21
114850,0.14
114851,0.185
114852,0.07
114853,0.085
114854,0.2
114855,0.07
114856,0.07
114857,0.09
114858,0.395
114859,0.02
114860,0.345
114861,0.525
114862,0.16
114863,0.32
114864,0.115
114865,0.095
114866,0.075
114867,0.185
114868,0.895
114869,0.07
114870,0.375
114871,0.03
114872,0.11
114873,0.145
114874,0.005
114875,0.05
114876,0.245
114877,0.115
114878,0.045
114879,0.195
114880,0.495
114881,0.07
114882,0.645
114883,0.38
114884,0.5
114885,0.0
114886,0.145
114887,0.335
114888,0.455
114889,0.13
114890,0.015
114891,0.135
114892,0.645
114893,0.785
114894,0.675
114895,0.175
114896,0.16
114897,0.185
114898,0.18
114899,0.015
114900,0.08
114901,0.08
114902,0.075
114903,0.18
114904,0.38
114905,0.035
114906,0.32
114907,0.22
114908,0.035
114909,0.08
114910,0.115
114911,0.425
114912,0.055
114913,0.285
114914,0.135
114915,0.86
114916,0.12
114917,0.145
114918,0.625
114919,0.01
114920,0.09
114921,0.05
114922,0.085
114923,0.085
114924,0.03
114925,0.18
114926,0.165
114927,0.295
114928,0.04
114929,0.46
114930,0.205
114931,0.06
114932,0.265
114933,0.675
114934,0.03
114935,0.28
114936,0.08
114937,0.615
114938,0.365
114939,0.655
114940,0.175
114941,0.23
114942,0.195
114943,0.18
114944,0.41
114945,0.13
114946,0.055
114947,0.025
114948,0.155
114949,0.055
114950,0.345
114951,0.255
114952,0.08
114953,0.69
114954,0.16
114955,0.35
114956,0.245
114957,0.28
114958,0.24
114959,0.13
114960,0.055
114961,0.05
114962,0.115
114963,0.025
114964,0.545
114965,0.305
114966,0.14
114967,0.12
114968,0.13
114969,0.47
114970,0.2
114971,0.25
114972,0.125
114973,0.045
114974,0.005
114975,0.035
114976,0.39
114977,0.195
114978,0.12
114979,0.46
114980,0.04
114981,0.075
114982,0.155
114983,0.03
114984,0.74
114985,0.265
114986,0.11
114987,0.15
114988,0.55
114989,0.17
114990,0.1
114991,0.625
114992,0.05
114993,0.475
114994,0.175
114995,0.075
114996,0.425
114997,0.085
114998,0.08
114999,0.11
115000,0.6
115001,0.2
115002,0.495
115003,0.07
115004,0.42
115005,0.295
115006,0.05
115007,0.355
115008,0.195
115009,0.45
115010,0.09
115011,0.4
115012,0.04
115013,0.29
115014,0.005
115015,0.325
115016,0.18
115017,0.13
115018,0.11
115019,0.565
115020,0.475
115021,0.715
115022,0.21
115023,0.43
115024,0.555
115025,0.07
115026,0.1
115027,0.29
115028,0.72
115029,0.125
115030,0.195
115031,0.015
115032,0.25
115033,0.195
115034,0.38
115035,0.845
115036,0.82
115037,0.65
115038,0.1
115039,0.71
115040,0.485
115041,0.285
115042,0.2
115043,0.1
115044,0.13
115045,0.99
115046,0.075
115047,0.735
115048,0.075
115049,0.1
115050,0.18
115051,0.26
115052,0.22
115053,0.015
115054,0.52
115055,0.15
115056,0.0
115057,0.22
115058,0.06
115059,0.72
115060,0.115
115061,0.09
115062,0.275
115063,0.02
115064,0.485
115065,0.21
115066,0.085
115067,0.14
115068,0.445
115069,0.23
115070,0.035
115071,0.55
115072,0.345
115073,0.04
115074,0.1
115075,0.095
115076,0.6
115077,0.53
115078,0.16
115079,0.23
115080,0.185
115081,0.145
115082,0.075
115083,0.205
115084,0.02
115085,0.085
115086,0.025
115087,0.49
115088,0.405
115089,0.41
115090,0.305
115091,0.06
115092,0.29
115093,0.065
115094,0.005
115095,0.06
115096,0.4
115097,0.195
115098,0.02
115099,0.28
115100,0.03
115101,0.845
115102,0.085
115103,0.125
115104,0.19
115105,0.755
115106,0.135
115107,0.09
115108,0.545
115109,0.145
115110,0.06
115111,0.205
115112,0.115
115113,0.725
115114,0.17
115115,0.02
115116,0.11
115117,0.405
115118,0.81
115119,0.075
115120,0.14
115121,0.395
115122,0.65
115123,0.08
115124,0.205
115125,0.125
115126,0.08
115127,0.345
115128,0.095
115129,0.075
115130,0.41
115131,0.14
115132,0.06
115133,0.095
115134,0.67
115135,0.185
115136,0.145
115137,0.245
115138,0.155
115139,0.15
115140,0.17
115141,0.055
115142,0.295
115143,0.42
115144,0.125
115145,0.045
115146,0.62
115147,0.295
115148,0.295
115149,0.025
115150,0.12
115151,0.11
115152,0.405
115153,0.665
115154,0.04
115155,0.05
115156,0.0
115157,0.7
115158,0.14
115159,0.55
115160,0.1
115161,0.08
115162,0.29
115163,0.095
115164,0.115
115165,0.095
115166,0.15
115167,0.635
115168,0.105
115169,0.14
115170,0.425
115171,0.14
115172,0.135
115173,0.15
115174,0.295
115175,0.045
115176,0.145
115177,0.13
115178,0.065
115179,0.565
115180,0.03
115181,0.07
115182,0.02
115183,0.1
115184,0.005
115185,0.035
115186,0.665
115187,0.34
115188,0.405
115189,0.165
115190,0.02
115191,0.255
115192,0.065
115193,0.2
115194,0.02
115195,0.05
115196,0.05
115197,0.16
115198,0.025
115199,0.095
115200,0.05
115201,0.155
115202,0.23
115203,0.035
115204,0.575
115205,0.605
115206,0.05
115207,0.225
115208,0.12
115209,0.085
115210,0.105
115211,0.31
115212,0.275
115213,0.285
115214,0.05
115215,0.065
115216,0.075
115217,0.495
115218,0.225
115219,0.16
115220,0.205
115221,0.09
115222,0.075
115223,0.225
115224,0.295
115225,0.285
115226,0.115
115227,0.125
115228,0.48
115229,0.11
115230,0.05
115231,0.23
115232,0.29
115233,0.255
115234,0.08
115235,0.155
115236,0.185
115237,0.07
115238,0.85
115239,0.305
115240,0.11
115241,0.29
115242,0.19
115243,0.095
115244,0.91
115245,0.115
115246,0.29
115247,0.12
115248,0.155
115249,0.045
115250,0.025
115251,0.05
115252,0.785
115253,0.16
115254,0.07
115255,0.015
115256,0.195
115257,0.23
115258,0.07
115259,0.02
115260,0.15
115261,0.255
115262,0.73
115263,0.24
115264,0.095
115265,0.055
115266,0.285
115267,0.305
115268,0.055
115269,0.08
115270,0.01
115271,0.09
115272,0.525
115273,0.395
115274,0.63
115275,0.18
115276,0.215
115277,0.065
115278,0.15
115279,0.815
115280,0.825
115281,0.275
115282,0.185
115283,0.295
115284,0.09
115285,0.42
115286,0.225
115287,0.125
115288,0.275
115289,0.435
115290,0.26
115291,0.99
115292,0.635
115293,0.095
115294,0.84
115295,0.55
115296,0.83
115297,0.78
115298,0.04
115299,0.04
115300,0.32
115301,0.065
115302,0.38
115303,0.885
115304,0.22
115305,0.085
115306,0.22
115307,0.17
115308,0.195
115309,0.135
115310,0.05
115311,0.17
115312,0.21
115313,0.085
115314,0.36
115315,0.06
115316,0.395
115317,0.055
115318,0.25
115319,0.295
115320,0.185
115321,0.395
115322,0.155
115323,0.055
115324,0.15
115325,0.07
115326,0.115
115327,0.305
115328,0.04
115329,0.165
115330,0.515
115331,0.045
115332,0.11
115333,0.01
115334,0.24
115335,0.315
115336,0.035
115337,0.1
115338,0.44
115339,0.05
115340,0.025
115341,0.18
115342,0.21
115343,0.21
115344,0.085
115345,0.605
115346,0.09
115347,0.045
115348,0.075
115349,0.14
115350,0.365
115351,0.675
115352,0.135
115353,0.035
115354,0.335
115355,0.185
115356,0.035
115357,0.07
115358,0.055
115359,0.09
115360,0.255
115361,0.545
115362,0.285
115363,0.055
115364,0.05
115365,0.05
115366,0.055
115367,0.17
115368,0.085
115369,0.06
115370,0.07
115371,0.075
115372,0.02
115373,0.195
115374,0.0
115375,0.085
115376,0.59
115377,0.19
115378,0.03
115379,0.135
115380,0.165
115381,0.18
115382,0.03
115383,0.505
115384,0.325
115385,0.085
115386,0.19
115387,0.175
115388,0.05
115389,0.12
115390,0.515
115391,0.135
115392,0.78
115393,0.355
115394,0.065
115395,0.03
115396,0.14
115397,0.505
115398,0.25
115399,0.32
115400,0.12
115401,0.345
115402,0.24
115403,0.155
115404,0.45
115405,0.155
115406,0.08
115407,0.275
115408,0.02
115409,0.075
115410,0.65
115411,0.23
115412,0.015
115413,0.215
115414,0.015
115415,0.345
115416,0.54
115417,0.12
115418,0.28
115419,0.115
115420,0.04
115421,0.43
115422,0.06
115423,0.075
115424,0.15
115425,0.2
115426,0.04
115427,0.16
115428,0.485
115429,0.015
115430,0.17
115431,0.145
115432,0.125
115433,0.14
115434,0.065
115435,0.19
115436,0.655
115437,0.41
115438,0.03
115439,0.045
115440,0.215
115441,0.0
115442,0.13
115443,0.0
115444,0.065
115445,0.045
115446,0.215
115447,0.545
115448,0.75
115449,0.06
115450,0.52
115451,0.075
115452,0.14
115453,0.83
115454,0.075
115455,0.295
115456,0.13
115457,0.295
115458,0.125
115459,0.13
115460,0.11
115461,0.09
115462,0.005
115463,0.2
115464,0.18
115465,0.215
115466,0.03
115467,0.16
115468,0.135
115469,0.04
115470,0.02
115471,0.295
115472,0.18
115473,0.105
115474,0.035
115475,0.355
115476,0.085
115477,0.04
115478,0.205
115479,0.615
115480,0.165
115481,0.115
115482,0.295
115483,0.195
115484,0.065
115485,0.39
115486,0.01
115487,0.17
115488,0.075
115489,0.05
115490,0.11
115491,0.1
115492,0.14
115493,0.37
115494,0.1
115495,0.175
115496,0.115
115497,0.075
115498,0.055
115499,0.09
115500,0.23
115501,0.21
115502,0.46
115503,0.265
115504,0.28
115505,0.18
115506,0.245
115507,0.11
115508,0.205
115509,0.665
115510,0.57
115511,0.425
115512,0.935
115513,0.135
115514,0.21
115515,0.395
115516,0.185
115517,0.115
115518,0.115
115519,0.21
115520,0.215
115521,0.275
115522,0.365
115523,0.11
115524,0.645
115525,0.035
115526,0.12
115527,0.04
115528,0.3
115529,0.115
115530,0.325
115531,0.06
115532,0.22
115533,0.435
115534,0.17
115535,0.88
115536,0.69
115537,0.145
115538,0.715
115539,0.07
115540,0.125
115541,0.05
115542,0.195
115543,0.215
115544,0.005
115545,0.175
115546,0.63
115547,0.05
115548,0.085
115549,0.17
115550,0.8
115551,0.095
115552,0.105
115553,0.01
115554,0.25
115555,0.36
115556,0.7
115557,0.265
115558,0.735
115559,0.095
115560,0.04
115561,0.16
115562,0.02
115563,0.125
115564,0.1
115565,0.08
115566,0.315
115567,0.375
115568,0.115
115569,0.135
115570,0.105
115571,0.185
115572,0.28
115573,0.045
115574,0.105
115575,0.135
115576,0.115
115577,0.055
115578,0.645
115579,0.0
115580,0.2
115581,0.01
115582,0.13
115583,0.095
115584,0.095
115585,0.26
115586,0.07
115587,0.12
115588,0.03
115589,0.49
115590,0.35
115591,0.14
115592,0.045
115593,0.08
115594,0.06
115595,0.47
115596,0.23
115597,0.235
115598,0.13
115599,0.01
115600,0.17
115601,0.105
115602,0.03
115603,0.155
115604,0.085
115605,0.01
115606,0.225
115607,0.29
115608,0.03
115609,0.405
115610,0.16
115611,0.105
115612,0.095
115613,0.39
115614,0.04
115615,0.3
115616,0.09
115617,0.43
115618,0.03
115619,0.175
115620,0.325
115621,0.125
115622,0.05
115623,0.025
115624,0.3
115625,0.265
115626,0.155
115627,0.11
115628,0.07
115629,0.0
115630,0.045
115631,0.015
115632,0.215
115633,0.32
115634,0.32
115635,0.02
115636,0.035
115637,0.175
115638,0.065
115639,0.13
115640,0.51
115641,0.155
115642,0.7
115643,0.155
115644,0.59
115645,0.085
115646,0.09
115647,0.685
115648,0.34
115649,0.065
115650,0.35
115651,0.15
115652,0.445
115653,0.125
115654,0.07
115655,0.18
115656,0.225
115657,0.055
115658,0.095
115659,0.09
115660,0.815
115661,0.035
115662,0.045
115663,0.03
115664,0.695
115665,0.005
115666,0.16
115667,0.13
115668,0.21
115669,0.33
115670,0.02
115671,0.105
115672,0.205
115673,0.04
115674,0.255
115675,0.03
115676,0.325
115677,0.875
115678,0.54
115679,0.105
115680,0.18
115681,0.08
115682,0.04
115683,0.05
115684,0.4
115685,0.135
115686,0.17
115687,0.46
115688,0.1
115689,0.235
115690,0.05
115691,0.62
115692,0.49
115693,0.33
115694,0.125
115695,0.14
115696,0.055
115697,0.38
115698,0.0
115699,0.09
115700,0.18
115701,0.16
115702,0.0
115703,0.21
115704,0.0
115705,0.055
115706,0.035
115707,0.905
115708,0.55
115709,0.05
115710,0.035
115711,0.135
115712,0.015
115713,0.175
115714,0.345
115715,0.245
115716,0.37
115717,0.065
115718,0.025
115719,0.15
115720,0.43
115721,0.52
115722,0.975
115723,0.17
115724,0.085
115725,0.15
115726,0.36
115727,0.275
115728,0.055
115729,0.38
115730,0.56
115731,0.23
115732,0.065
115733,0.11
115734,0.26
115735,0.015
115736,0.175
115737,0.035
115738,0.04
115739,0.7
115740,0.255
115741,0.115
115742,0.19
115743,0.19
115744,0.045
115745,0.08
115746,0.075
115747,0.12
115748,0.675
115749,0.105
115750,0.035
115751,0.32
115752,0.36
115753,0.025
115754,0.14
115755,0.27
115756,0.125
115757,0.065
115758,0.025
115759,0.205
115760,0.27
115761,0.17
115762,0.21
115763,0.295
115764,0.135
115765,0.745
115766,0.13
115767,0.01
115768,0.03
115769,0.2
115770,0.085
115771,0.105
115772,0.26
115773,0.055
115774,0.815
115775,0.025
115776,0.025
115777,0.145
115778,0.07
115779,0.655
115780,0.775
115781,0.47
115782,0.28
115783,0.135
115784,0.625
115785,0.265
115786,0.955
115787,0.08
115788,0.05
115789,0.085
115790,0.105
115791,0.54
115792,0.865
115793,0.09
115794,0.62
115795,0.095
115796,0.61
115797,0.105
115798,0.28
115799,0.115
115800,0.11
115801,0.53
115802,0.58
115803,0.045
115804,0.04
115805,0.04
115806,0.23
115807,0.045
115808,0.145
115809,0.39
115810,0.15
115811,0.05
115812,0.025
115813,0.04
115814,0.24
115815,0.14
115816,0.255
115817,0.795
115818,0.035
115819,0.055
115820,0.355
115821,0.275
115822,0.255
115823,0.07
115824,0.165
115825,0.13
115826,0.495
115827,0.05
115828,0.27
115829,0.09
115830,0.07
115831,0.275
115832,0.465
115833,0.25
115834,0.44
115835,0.43
115836,0.18
115837,0.06
115838,0.51
115839,0.76
115840,0.05
115841,0.22
115842,0.275
115843,0.45
115844,0.225
115845,0.625
115846,0.145
115847,0.175
115848,0.125
115849,0.075
115850,0.055
115851,0.29
115852,0.28
115853,0.25
115854,0.235
115855,0.255
115856,0.56
115857,0.075
115858,0.68
115859,0.025
115860,0.155
115861,0.715
115862,0.085
115863,0.25
115864,0.645
115865,0.105
115866,0.205
115867,0.685
115868,0.435
115869,0.01
115870,0.055
115871,0.16
115872,0.14
115873,0.32
115874,0.295
115875,0.925
115876,0.06
115877,0.275
115878,0.025
115879,0.31
115880,0.22
115881,0.045
115882,0.3
115883,0.18
115884,0.195
115885,0.15
115886,0.775
115887,0.195
115888,0.115
115889,0.245
115890,0.275
115891,0.225
115892,0.35
115893,0.41
115894,0.565
115895,0.06
115896,0.085
115897,0.63
115898,0.095
115899,0.23
115900,0.46
115901,0.275
115902,0.045
115903,0.09
115904,0.03
115905,0.655
115906,0.01
115907,0.035
115908,0.045
115909,0.01
115910,0.11
115911,0.05
115912,0.045
115913,0.065
115914,0.415
115915,0.24
115916,0.945
115917,0.075
115918,0.22
115919,0.305
115920,0.08
115921,0.065
115922,0.05
115923,0.08
115924,0.13
115925,0.04
115926,0.025
115927,0.175
115928,0.07
115929,0.065
115930,0.2
115931,0.175
115932,0.19
115933,0.005
115934,0.2
115935,0.125
115936,0.135
115937,0.12
115938,0.175
115939,0.18
115940,0.065
115941,0.075
115942,0.165
115943,0.015
115944,0.24
115945,0.205
115946,0.05
115947,0.28
115948,0.12
115949,0.065
115950,0.13
115951,0.07
115952,0.18
115953,0.05
115954,0.125
115955,0.08
115956,0.215
115957,0.375
115958,0.11
115959,0.445
115960,0.105
115961,0.155
115962,0.23
115963,0.13
115964,0.06
115965,0.045
115966,0.24
115967,0.21
115968,0.055
115969,0.195
115970,0.05
115971,0.215
115972,0.73
115973,0.215
115974,0.045
115975,0.03
115976,0.19
115977,0.12
115978,0.07
115979,0.425
115980,0.13
115981,0.275
115982,0.015
115983,0.005
115984,0.055
115985,0.065
115986,0.73
115987,0.73
115988,0.43
115989,0.68
115990,0.115
115991,0.615
115992,0.055
115993,0.055
115994,0.19
115995,0.03
115996,0.045
115997,0.065
115998,0.17
115999,0.03
116000,0.63
116001,0.025
116002,0.035
116003,0.285
116004,0.195
116005,0.055
116006,0.615
116007,0.045
116008,0.5
116009,0.185
116010,0.04
116011,0.165
116012,0.135
116013,0.17
116014,0.065
116015,0.11
116016,0.155
116017,0.175
116018,0.63
116019,0.83
116020,0.5
116021,0.13
116022,0.27
116023,0.195
116024,0.045
116025,0.035
116026,0.12
116027,0.145
116028,0.18
116029,0.21
116030,0.21
116031,0.93
116032,0.125
116033,0.41
116034,0.575
116035,0.355
116036,0.285
116037,0.375
116038,0.175
116039,0.24
116040,0.295
116041,0.075
116042,0.66
116043,0.215
116044,0.39
116045,0.08
116046,0.085
116047,0.08
116048,0.1
116049,0.075
116050,0.175
116051,0.075
116052,0.06
116053,0.125
116054,0.265
116055,0.01
116056,0.105
116057,0.48
116058,0.155
116059,0.165
116060,0.215
116061,0.36
116062,0.235
116063,0.03
116064,0.14
116065,0.5
116066,0.82
116067,0.11
116068,0.26
116069,0.105
116070,0.715
116071,0.64
116072,0.035
116073,0.665
116074,0.115
116075,0.285
116076,0.065
116077,0.16
116078,0.105
116079,0.255
116080,0.75
116081,0.1
116082,0.135
116083,0.305
116084,0.17
116085,0.09
116086,0.185
116087,0.56
116088,0.36
116089,0.03
116090,0.04
116091,0.34
116092,0.205
116093,0.075
116094,0.265
116095,0.455
116096,0.15
116097,0.195
116098,0.015
116099,0.13
116100,0.37
116101,0.455
116102,0.255
116103,0.035
116104,0.23
116105,0.2
116106,0.155
116107,0.19
116108,0.135
116109,0.115
116110,0.47
116111,0.155
116112,0.405
116113,0.07
116114,0.185
116115,0.02
116116,0.06
116117,0.03
116118,0.055
116119,0.135
116120,0.075
116121,0.945
116122,0.135
116123,0.035
116124,0.215
116125,0.745
116126,0.045
116127,0.175
116128,0.58
116129,0.17
116130,0.775
116131,0.12
116132,0.04
116133,0.35
116134,0.125
116135,0.05
116136,0.115
116137,0.225
116138,0.78
116139,0.585
116140,0.245
116141,0.08
116142,0.355
116143,0.405
116144,0.065
116145,0.16
116146,0.68
116147,0.23
116148,0.065
116149,0.045
116150,0.31
116151,0.005
116152,0.09
116153,0.33
116154,0.33
116155,0.13
116156,0.06
116157,0.195
116158,0.435
116159,0.595
116160,0.2
116161,0.02
116162,0.815
116163,0.4
116164,0.045
116165,0.115
116166,0.145
116167,0.435
116168,0.43
116169,0.13
116170,0.215
116171,0.0
116172,0.44
116173,0.36
116174,0.045
116175,0.295
116176,0.205
116177,0.075
116178,0.465
116179,0.185
116180,0.09
116181,0.52
116182,0.165
116183,0.105
116184,0.215
116185,0.605
116186,0.14
116187,0.125
116188,0.005
116189,0.555
116190,0.125
116191,0.035
116192,0.31
116193,0.13
116194,0.68
116195,0.03
116196,0.125
116197,0.055
116198,0.13
116199,0.11
116200,0.07
116201,0.715
116202,0.085
116203,0.01
116204,0.03
116205,0.32
116206,0.295
116207,0.09
116208,0.03
116209,0.13
116210,0.155
116211,0.055
116212,0.07
116213,0.68
116214,0.075
116215,0.185
116216,0.085
116217,0.105
116218,0.68
116219,0.075
116220,0.07
116221,0.035
116222,0.13
116223,0.04
116224,0.12
116225,0.005
116226,0.265
116227,0.135
116228,0.17
116229,0.045
116230,0.015
116231,0.69
116232,0.32
116233,0.45
116234,0.26
116235,0.265
116236,0.605
116237,0.2
116238,0.23
116239,0.08
116240,0.11
116241,0.035
116242,0.44
116243,0.835
116244,0.08
116245,0.065
116246,0.185
116247,0.005
116248,0.29
116249,0.21
116250,0.055
116251,0.105
116252,0.01
116253,0.605
116254,0.17
116255,0.15
116256,0.27
116257,0.17
116258,0.095
116259,0.825
116260,0.29
116261,0.015
116262,0.235
116263,0.47
116264,0.505
116265,0.01
116266,0.22
116267,0.205
116268,0.03
116269,0.225
116270,0.165
116271,0.03
116272,0.545
116273,0.055
116274,0.275
116275,0.045
116276,0.26
116277,0.63
116278,0.41
116279,0.085
116280,0.055
116281,0.125
116282,0.225
116283,0.075
116284,0.49
116285,0.075
116286,0.31
116287,0.215
116288,0.07
116289,0.26
116290,0.14
116291,0.035
116292,0.625
116293,0.07
116294,0.365
116295,0.135
116296,0.18
116297,0.16
116298,0.265
116299,0.085
116300,0.015
116301,0.045
116302,0.065
116303,0.16
116304,0.36
116305,0.375
116306,0.065
116307,0.06
116308,0.045
116309,0.41
116310,0.195
116311,0.16
116312,0.415
116313,0.115
116314,0.08
116315,0.265
116316,0.44
116317,0.465
116318,0.18
116319,0.135
116320,0.105
116321,0.05
116322,0.315
116323,0.175
116324,0.33
116325,0.04
116326,0.91
116327,0.6
116328,0.055
116329,0.53
116330,0.705
116331,0.735
116332,0.205
116333,0.04
116334,0.29
116335,0.18
116336,0.03
116337,0.7
116338,0.525
116339,0.19
116340,0.33
116341,0.12
116342,0.115
116343,0.165
116344,0.56
116345,0.12
116346,0.15
116347,0.54
116348,0.09
116349,0.085
116350,0.17
116351,0.05
116352,0.115
116353,0.08
116354,0.075
116355,0.18
116356,0.335
116357,0.05
116358,0.44
116359,0.14
116360,0.175
116361,0.105
116362,0.005
116363,0.18
116364,0.63
116365,0.07
116366,0.325
116367,0.54
116368,0.17
116369,0.17
116370,0.05
116371,0.255
116372,0.135
116373,0.545
116374,0.11
116375,0.095
116376,0.07
116377,0.155
116378,0.04
116379,0.22
116380,0.055
116381,0.06
116382,0.03
116383,0.095
116384,0.085
116385,0.08
116386,0.17
116387,0.475
116388,0.2
116389,0.445
116390,0.405
116391,0.075
116392,0.16
116393,0.365
116394,0.28
116395,0.28
116396,0.3
116397,0.5
116398,0.17
116399,0.455
116400,0.015
116401,0.125
116402,0.25
116403,0.32
116404,0.075
116405,0.17
116406,0.68
116407,0.32
116408,0.08
116409,0.08
116410,0.115
116411,0.17
116412,0.065
116413,0.015
116414,0.475
116415,0.16
116416,0.1
116417,0.14
116418,0.25
116419,0.365
116420,0.075
116421,0.155
116422,0.44
116423,0.02
116424,0.045
116425,0.055
116426,0.075
116427,0.06
116428,0.63
116429,0.41
116430,0.155
116431,0.295
116432,0.36
116433,0.16
116434,0.055
116435,0.595
116436,0.64
116437,0.375
116438,0.14
116439,0.365
116440,0.135
116441,0.17
116442,0.02
116443,0.12
116444,0.18
116445,0.105
116446,0.23
116447,0.745
116448,0.01
116449,0.375
116450,0.045
116451,0.2
116452,0.155
116453,0.055
116454,0.89
116455,0.12
116456,0.095
116457,0.13
116458,0.29
116459,0.67
116460,0.645
116461,0.16
116462,0.045
116463,0.22
116464,0.085
116465,0.125
116466,0.1
116467,0.02
116468,0.425
116469,0.1
116470,0.23
116471,0.245
116472,0.01
116473,0.07
116474,0.165
116475,0.155
116476,0.12
116477,0.085
116478,0.245
116479,0.81
116480,0.465
116481,0.175
116482,0.16
116483,0.09
116484,0.075
116485,0.275
116486,0.11
116487,0.305
116488,0.145
116489,0.145
116490,0.325
116491,0.27
116492,0.145
116493,0.105
116494,0.66
116495,0.045
116496,0.09
116497,0.235
116498,0.225
116499,0.045
116500,0.52
116501,0.19
116502,0.055
116503,0.28
116504,0.065
116505,0.175
116506,0.375
116507,0.115
116508,0.205
116509,0.2
116510,0.125
116511,0.095
116512,0.065
116513,0.035
116514,0.08
116515,0.845
116516,0.23
116517,0.17
116518,0.365
116519,0.115
116520,0.005
116521,0.2
116522,0.07
116523,0.59
116524,0.03
116525,0.07
116526,0.115
116527,0.235
116528,0.02
116529,0.15
116530,0.035
116531,0.7
116532,0.08
116533,0.785
116534,0.475
116535,0.81
116536,0.315
116537,0.09
116538,0.14
116539,0.145
116540,0.035
116541,0.055
116542,0.135
116543,0.03
116544,0.08
116545,0.04
116546,0.065
116547,0.575
116548,0.325
116549,0.235
116550,0.005
116551,0.095
116552,0.115
116553,0.06
116554,0.185
116555,0.155
116556,0.175
116557,0.28
116558,0.085
116559,0.17
116560,0.225
116561,0.175
116562,0.06
116563,0.095
116564,0.2
116565,0.345
116566,0.11
116567,0.285
116568,0.085
116569,0.42
116570,0.21
116571,0.695
116572,0.205
116573,0.07
116574,0.175
116575,0.015
116576,0.445
116577,0.055
116578,0.055
116579,0.21
116580,0.095
116581,0.175
116582,0.09
116583,0.615
116584,0.075
116585,0.58
116586,0.27
116587,0.435
116588,0.02
116589,0.105
116590,0.205
116591,0.14
116592,0.285
116593,0.18
116594,0.17
116595,0.105
116596,0.63
116597,0.245
116598,0.01
116599,0.03
116600,0.215
116601,0.085
116602,0.215
116603,0.155
116604,0.06
116605,0.12
116606,0.17
116607,0.065
116608,0.145
116609,0.195
116610,0.02
116611,0.05
116612,0.085
116613,0.65
116614,0.175
116615,0.46
116616,0.265
116617,0.11
116618,0.07
116619,0.12
116620,0.125
116621,0.29
116622,0.09
116623,0.135
116624,0.165
116625,0.075
116626,0.14
116627,0.95
116628,0.01
116629,0.07
116630,0.075
116631,0.135
116632,0.595
116633,0.095
116634,0.085
116635,0.01
116636,0.185
116637,0.015
116638,0.115
116639,0.135
116640,0.715
116641,0.175
116642,0.025
116643,0.095
116644,0.09
116645,0.125
116646,0.295
116647,0.325
116648,0.32
116649,0.61
116650,0.65
116651,0.035
116652,0.11
116653,0.06
116654,0.405
116655,0.32
116656,0.02
116657,0.07
116658,0.235
116659,0.625
116660,0.195
116661,0.63
116662,0.035
116663,0.06
116664,0.265
116665,0.41
116666,0.01
116667,0.525
116668,0.065
116669,0.245
116670,0.22
116671,0.165
116672,0.16
116673,0.115
116674,0.075
116675,0.04
116676,0.62
116677,0.19
116678,0.3
116679,0.01
116680,0.46
116681,0.185
116682,0.15
116683,0.055
116684,0.29
116685,0.32
116686,0.315
116687,0.125
116688,0.525
116689,0.195
116690,0.075
116691,0.09
116692,0.115
116693,0.185
116694,0.51
116695,0.575
116696,0.045
116697,0.065
116698,0.355
116699,0.03
116700,0.15
116701,0.095
116702,0.0
116703,0.645
116704,0.095
116705,0.02
116706,0.035
116707,0.12
116708,0.05
116709,0.095
116710,0.04
116711,0.26
116712,0.375
116713,0.1
116714,0.51
116715,0.145
116716,0.48
116717,0.195
116718,0.8
116719,0.07
116720,0.035
116721,0.225
116722,0.12
116723,0.055
116724,0.34
116725,0.115
116726,0.25
116727,0.165
116728,0.09
116729,0.165
116730,0.615
116731,0.285
116732,0.17
116733,0.31
116734,0.06
116735,0.24
116736,0.205
116737,0.535
116738,0.02
116739,0.085
116740,0.035
116741,0.05
116742,0.09
116743,0.085
116744,0.05
116745,0.06
116746,0.43
116747,0.06
116748,0.065
116749,0.045
116750,0.045
116751,0.805
116752,0.02
116753,0.285
116754,0.33
116755,0.395
116756,0.11
116757,0.14
116758,0.43
116759,0.35
116760,0.12
116761,0.215
116762,0.43
116763,0.49
116764,0.245
116765,0.415
116766,0.545
116767,0.2
116768,0.15
116769,0.235
116770,0.205
116771,0.13
116772,0.415
116773,0.095
116774,0.05
116775,0.035
116776,0.02
116777,0.425
116778,0.415
116779,0.285
116780,0.015
116781,0.185
116782,0.14
116783,0.165
116784,0.205
116785,0.065
116786,0.37
116787,0.09
116788,0.18
116789,0.56
116790,0.165
116791,0.08
116792,0.135
116793,0.205
116794,0.92
116795,0.18
116796,0.52
116797,0.395
116798,0.075
116799,0.07
116800,0.14
116801,0.08
116802,0.495
116803,0.96
116804,0.095
116805,0.105
116806,0.22
116807,0.03
116808,0.195
116809,0.46
116810,0.425
116811,0.12
116812,0.29
116813,0.435
116814,0.055
116815,0.225
116816,0.155
116817,0.36
116818,0.815
116819,0.2
116820,0.055
116821,0.36
116822,0.14
116823,0.14
116824,0.07
116825,0.46
116826,0.73
116827,0.345
116828,0.02
116829,0.145
116830,0.645
116831,0.165
116832,0.095
116833,0.3
116834,0.08
116835,0.11
116836,0.09
116837,0.1
116838,0.765
116839,0.225
116840,0.195
116841,0.085
116842,0.085
116843,0.105
116844,0.525
116845,0.035
116846,0.145
116847,0.02
116848,0.23
116849,0.105
116850,0.165
116851,0.83
116852,0.37
116853,0.03
116854,0.205
116855,0.55
116856,0.26
116857,0.065
116858,0.26
116859,0.15
116860,0.12
116861,0.055
116862,0.46
116863,0.07
116864,0.14
116865,0.22
116866,0.125
116867,0.09
116868,0.165
116869,0.325
116870,0.005
116871,0.09
116872,0.995
116873,0.0
116874,0.245
116875,0.355
116876,0.725
116877,0.15
116878,0.365
116879,0.03
116880,0.115
116881,0.065
116882,0.135
116883,0.025
116884,0.08
116885,0.2
116886,0.16
116887,0.105
116888,0.11
116889,0.07
116890,0.41
116891,0.41
116892,0.07
116893,0.155
116894,0.025
116895,0.16
116896,0.165
116897,0.005
116898,0.43
116899,0.09
116900,0.135
116901,0.1
116902,0.075
116903,0.0
116904,0.21
116905,0.57
116906,0.115
116907,0.025
116908,0.05
116909,0.07
116910,0.06
116911,0.06
116912,0.135
116913,0.06
116914,0.485
116915,0.105
116916,0.04
116917,0.95
116918,0.225
116919,0.06
116920,0.12
116921,0.02
116922,0.09
116923,0.175
116924,0.675
116925,0.3
116926,0.465
116927,0.06
116928,0.735
116929,0.2
116930,0.19
116931,0.03
116932,0.21
116933,0.02
116934,0.045
116935,0.69
116936,0.26
116937,0.135
116938,0.375
116939,0.215
116940,0.015
116941,0.22
116942,0.235
116943,0.54
116944,0.125
116945,0.31
116946,0.095
116947,0.17
116948,0.2
116949,0.215
116950,0.805
116951,0.52
116952,0.035
116953,0.045
116954,0.065
116955,0.815
116956,0.06
116957,0.125
116958,0.755
116959,0.985
116960,0.705
116961,0.035
116962,0.07
116963,0.055
116964,0.105
116965,0.095
116966,0.16
116967,0.265
116968,0.325
116969,0.035
116970,0.19
116971,0.165
116972,0.575
116973,0.17
116974,0.38
116975,0.08
116976,0.03
116977,0.85
116978,0.82
116979,0.175
116980,0.145
116981,0.04
116982,0.565
116983,0.12
116984,0.235
116985,0.035
116986,0.195
116987,0.36
116988,0.1
116989,0.375
116990,0.03
116991,0.41
116992,0.97
116993,0.22
116994,0.23
116995,0.59
116996,0.055
116997,0.315
116998,0.71
116999,0.19
117000,0.205
117001,0.855
117002,0.54
117003,0.21
117004,0.025
117005,0.215
117006,0.08
117007,0.265
117008,0.065
117009,0.085
117010,0.42
117011,0.235
117012,0.735
117013,0.31
117014,0.04
117015,0.13
117016,0.04
117017,0.075
117018,0.705
117019,0.095
117020,0.015
117021,0.13
117022,0.05
117023,0.22
117024,0.065
117025,0.135
117026,0.535
117027,0.075
117028,0.0
117029,0.135
117030,0.105
117031,0.08
117032,0.035
117033,0.135
117034,0.135
117035,0.105
117036,0.26
117037,0.09
117038,0.195
117039,0.27
117040,0.94
117041,0.36
117042,0.335
117043,0.145
117044,0.09
117045,0.165
117046,0.37
117047,0.04
117048,0.545
117049,0.095
117050,0.02
117051,0.16
117052,0.225
117053,0.145
117054,0.01
117055,0.14
117056,0.14
117057,0.03
117058,0.085
117059,0.72
117060,0.115
117061,0.06
117062,0.085
117063,0.065
117064,0.2
117065,0.08
117066,0.165
117067,0.5
117068,0.175
117069,0.38
117070,0.035
117071,0.19
117072,0.4
117073,0.26
117074,0.16
117075,0.24
117076,0.04
117077,0.315
117078,0.14
117079,0.305
117080,0.155
117081,0.155
117082,0.385
117083,0.15
117084,0.09
117085,0.52
117086,0.225
117087,0.02
117088,0.165
117089,0.01
117090,0.025
117091,0.31
117092,0.1
117093,0.44
117094,0.76
117095,0.07
117096,0.185
117097,0.285
117098,0.035
117099,0.41
117100,0.365
117101,0.105
117102,0.085
117103,0.27
117104,0.215
117105,0.055
117106,0.11
117107,0.02
117108,0.065
117109,0.315
117110,0.205
117111,0.16
117112,0.04
117113,0.0
117114,0.02
117115,0.365
117116,0.06
117117,0.28
117118,0.45
117119,0.545
117120,0.715
117121,0.02
117122,0.625
117123,0.225
117124,0.075
117125,0.02
117126,0.325
117127,0.18
117128,0.29
117129,0.02
117130,0.13
117131,0.015
117132,0.44
117133,0.265
117134,0.23
117135,0.17
117136,0.035
117137,0.29
117138,0.45
117139,0.625
117140,0.115
117141,0.055
117142,0.215
117143,0.555
117144,0.03
117145,0.32
117146,0.18
117147,0.025
117148,0.33
117149,0.05
117150,0.115
117151,0.12
117152,0.165
117153,0.105
117154,0.37
117155,0.325
117156,0.745
117157,0.015
117158,0.07
117159,0.265
117160,0.775
117161,0.03
117162,0.1
117163,0.16
117164,0.195
117165,0.16
117166,0.36
117167,0.69
117168,0.135
117169,0.125
117170,0.22
117171,0.155
117172,0.14
117173,0.01
117174,0.165
117175,0.2
117176,0.18
117177,0.22
117178,0.2
117179,0.215
117180,0.07
117181,0.145
117182,0.035
117183,0.19
117184,0.015
117185,0.21
117186,0.905
117187,0.425
117188,0.715
117189,0.505
117190,0.165
117191,0.805
117192,0.165
117193,0.205
117194,0.305
117195,0.115
117196,0.01
117197,0.41
117198,0.47
117199,0.34
117200,0.015
117201,0.285
117202,0.045
117203,0.105
117204,0.095
117205,0.275
117206,0.5
117207,0.05
117208,0.715
117209,0.425
117210,0.155
117211,0.5
117212,0.005
117213,0.29
117214,0.035
117215,0.195
117216,0.39
117217,0.34
117218,0.23
117219,0.545
117220,0.11
117221,0.07
117222,0.34
117223,0.05
117224,0.07
117225,0.73
117226,0.065
117227,0.105
117228,0.045
117229,0.415
117230,0.625
117231,0.455
117232,0.12
117233,0.645
117234,0.075
117235,0.7
117236,0.09
117237,0.22
117238,0.01
117239,0.14
117240,0.04
117241,0.07
117242,0.25
117243,0.1
117244,0.52
117245,0.12
117246,0.39
117247,0.31
117248,0.09
117249,0.17
117250,0.025
117251,0.065
117252,0.235
117253,0.13
117254,0.14
117255,0.085
117256,0.23
117257,0.215
117258,0.11
117259,0.265
117260,0.48
117261,0.175
117262,0.095
117263,0.185
117264,0.075
117265,0.095
117266,0.435
117267,0.31
117268,0.05
117269,0.105
117270,0.595
117271,0.425
117272,0.06
117273,0.43
117274,0.125
117275,0.02
117276,0.14
117277,0.9
117278,0.015
117279,0.03
117280,0.085
117281,0.14
117282,0.205
117283,0.885
117284,0.405
117285,0.15
117286,0.045
117287,0.04
117288,0.14
117289,0.1
117290,0.245
117291,0.03
117292,0.095
117293,0.105
117294,0.44
117295,0.09
117296,0.17
117297,0.33
117298,0.185
117299,0.215
117300,0.57
117301,0.095
117302,0.155
117303,0.26
117304,0.265
117305,0.03
117306,0.095
117307,0.085
117308,0.18
117309,0.575
117310,0.175
117311,0.175
117312,0.2
117313,0.295
117314,0.06
117315,0.185
117316,0.21
117317,0.265
117318,0.505
117319,0.185
117320,0.07
117321,0.01
117322,0.235
117323,0.265
117324,0.115
117325,0.33
117326,0.66
117327,0.095
117328,0.04
117329,0.175
117330,0.22
117331,0.335
117332,0.295
117333,0.025
117334,0.25
117335,0.045
117336,0.2
117337,0.535
117338,0.505
117339,0.075
117340,0.015
117341,0.195
117342,0.205
117343,0.165
117344,0.11
117345,0.09
117346,0.185
117347,0.205
117348,0.695
117349,0.06
117350,0.225
117351,0.67
117352,0.0
117353,0.01
117354,0.425
117355,0.4
117356,0.095
117357,0.175
117358,0.27
117359,0.35
117360,0.115
117361,0.19
117362,0.36
117363,0.1
117364,0.11
117365,0.075
117366,0.195
117367,0.115
117368,0.2
117369,0.365
117370,0.46
117371,0.09
117372,0.115
117373,0.21
117374,0.24
117375,0.055
117376,0.24
117377,0.095
117378,0.06
117379,0.235
117380,0.38
117381,0.16
117382,0.275
117383,0.13
117384,0.23
117385,0.04
117386,0.035
117387,0.185
117388,0.075
117389,0.305
117390,0.13
117391,0.255
117392,0.255
117393,0.21
117394,0.335
117395,0.25
117396,0.64
117397,0.145
117398,0.345
117399,0.035
117400,0.95
117401,0.07
117402,0.11
117403,0.22
117404,0.805
117405,0.145
117406,0.455
117407,0.485
117408,0.74
117409,0.075
117410,0.135
117411,0.095
117412,0.015
117413,0.16
117414,0.41
117415,0.5
117416,0.18
117417,0.075
117418,0.06
117419,0.59
117420,0.035
117421,0.045
117422,0.05
117423,0.145
117424,0.085
117425,0.08
117426,0.195
117427,0.105
117428,0.035
117429,0.01
117430,0.22
117431,0.005
117432,0.73
117433,0.96
117434,0.86
117435,0.125
117436,0.11
117437,0.035
117438,0.28
117439,0.16
117440,0.375
117441,0.055
117442,0.12
117443,0.325
117444,0.39
117445,0.055
117446,0.24
117447,0.085
117448,0.16
117449,0.26
117450,0.22
117451,0.26
117452,0.105
117453,0.045
117454,0.105
117455,0.065
117456,0.015
117457,0.08
117458,0.11
117459,0.13
117460,0.185
117461,0.34
117462,0.04
117463,0.225
117464,0.11
117465,0.05
117466,0.27
117467,0.365
117468,0.235
117469,0.11
117470,0.54
117471,0.16
117472,0.025
117473,0.225
117474,0.23
117475,0.435
117476,0.065
117477,0.065
117478,0.145
117479,0.055
117480,0.115
117481,0.18
117482,0.32
117483,0.08
117484,0.525
117485,0.57
117486,0.06
117487,0.53
117488,0.105
117489,0.365
117490,0.095
117491,0.405
117492,0.25
117493,0.045
117494,0.12
117495,0.435
117496,0.02
117497,0.145
117498,0.04
117499,0.415
117500,0.2
117501,0.025
117502,0.175
117503,0.075
117504,0.055
117505,0.375
117506,0.09
117507,0.145
117508,0.165
117509,0.085
117510,0.27
117511,0.135
117512,0.09
117513,0.18
117514,0.235
117515,0.235
117516,0.075
117517,0.285
117518,0.19
117519,0.015
117520,0.22
117521,0.225
117522,0.095
117523,0.23
117524,0.265
117525,0.135
117526,0.04
117527,0.36
117528,0.025
117529,0.07
117530,0.595
117531,0.24
117532,0.02
117533,0.005
117534,0.905
117535,0.035
117536,0.21
117537,0.86
117538,0.04
117539,0.1
117540,0.29
117541,0.32
117542,0.125
117543,0.125
117544,0.01
117545,0.02
117546,0.595
117547,0.035
117548,0.225
117549,0.635
117550,0.66
117551,0.115
117552,0.19
117553,0.155
117554,0.09
117555,0.265
117556,0.895
117557,0.035
117558,0.155
117559,0.09
117560,0.09
117561,0.435
117562,0.035
117563,0.24
117564,0.105
117565,0.045
117566,0.335
117567,0.145
117568,0.13
117569,0.1
117570,0.03
117571,0.42
117572,0.33
117573,0.36
117574,0.02
117575,0.065
117576,0.935
117577,0.065
117578,0.135
117579,0.145
117580,0.27
117581,0.175
117582,0.06
117583,0.075
117584,0.21
117585,0.055
117586,0.245
117587,0.31
117588,0.005
117589,0.27
117590,0.305
117591,0.47
117592,0.315
117593,0.125
117594,0.045
117595,0.075
117596,0.25
117597,0.06
117598,0.015
117599,0.135
117600,0.505
117601,0.06
117602,0.175
117603,0.13
117604,0.6
117605,0.125
117606,0.01
117607,0.125
117608,0.395
117609,0.165
117610,0.38
117611,0.205
117612,0.205
117613,0.325
117614,0.725
117615,0.515
117616,0.235
117617,0.24
117618,0.195
117619,0.025
117620,0.01
117621,0.115
117622,0.01
117623,0.175
117624,0.16
117625,0.04
117626,0.73
117627,0.145
117628,0.14
117629,0.075
117630,0.005
117631,0.785
117632,0.045
117633,0.075
117634,0.06
117635,0.23
117636,0.165
117637,0.1
117638,0.185
117639,0.055
117640,0.105
117641,0.345
117642,0.435
117643,0.14
117644,0.075
117645,0.355
117646,0.095
117647,0.22
117648,0.025
117649,0.24
117650,0.04
117651,0.17
117652,0.39
117653,0.06
117654,0.275
117655,0.88
117656,0.25
117657,0.79
117658,0.22
117659,0.51
117660,0.22
117661,0.845
117662,0.27
117663,0.505
117664,0.055
117665,0.08
117666,0.11
117667,0.25
117668,0.055
117669,0.055
117670,0.055
117671,0.16
117672,0.25
117673,0.135
117674,0.525
117675,0.53
117676,0.22
117677,0.065
117678,0.06
117679,0.05
117680,0.815
117681,0.03
117682,0.115
117683,0.115
117684,0.27
117685,0.73
117686,0.13
117687,0.14
117688,0.04
117689,0.02
117690,0.04
117691,0.19
117692,0.09
117693,0.22
117694,0.035
117695,0.1
117696,0.4
117697,0.095
117698,0.13
117699,0.175
117700,0.085
117701,0.665
117702,0.11
117703,0.07
117704,0.45
117705,0.095
117706,0.1
117707,0.165
117708,0.03
117709,0.065
117710,0.165
117711,0.53
117712,0.12
117713,0.27
117714,0.19
117715,0.09
117716,0.105
117717,0.14
117718,0.055
117719,0.075
117720,0.13
117721,0.185
117722,0.565
117723,0.09
117724,0.56
117725,0.455
117726,0.075
117727,0.17
117728,0.66
117729,0.375
117730,0.145
117731,0.265
117732,0.21
117733,0.45
117734,0.105
117735,0.84
117736,0.665
117737,0.14
117738,0.38
117739,0.115
117740,0.085
117741,0.03
117742,0.07
117743,0.2
117744,0.05
117745,0.39
117746,0.17
117747,0.04
117748,0.4
117749,0.26
117750,0.025
117751,0.01
117752,0.32
117753,0.16
117754,0.015
117755,0.06
117756,0.045
117757,0.05
117758,0.71
117759,0.15
117760,0.355
117761,0.065
117762,0.005
117763,0.12
117764,0.05
117765,0.19
117766,0.65
117767,0.155
117768,0.23
117769,0.2
117770,0.01
117771,0.05
117772,0.1
117773,0.095
117774,0.53
117775,0.795
117776,0.11
117777,0.175
117778,0.145
117779,0.075
117780,0.45
117781,0.38
117782,0.365
117783,0.095
117784,0.015
117785,0.01
117786,0.31
117787,0.01
117788,0.115
117789,0.23
117790,0.05
117791,0.485
117792,0.03
117793,0.555
117794,0.23
117795,0.28
117796,0.65
117797,0.08
117798,0.25
117799,0.125
117800,0.29
117801,0.03
117802,0.055
117803,0.685
117804,0.38
117805,0.425
117806,0.33
117807,0.255
117808,0.065
117809,0.32
117810,0.115
117811,0.015
117812,0.43
117813,0.23
117814,0.825
117815,0.735
117816,0.59
117817,0.05
117818,0.11
117819,0.235
117820,0.065
117821,0.07
117822,0.385
117823,0.05
117824,0.115
117825,0.165
117826,0.07
117827,0.205
117828,0.105
117829,0.23
117830,0.11
117831,0.19
117832,0.105
117833,0.165
117834,0.34
117835,0.265
117836,0.155
117837,0.41
117838,0.16
117839,0.26
117840,0.125
117841,0.04
117842,0.485
117843,0.25
117844,0.065
117845,0.335
117846,0.06
117847,0.18
117848,0.09
117849,0.215
117850,0.2
117851,0.13
117852,0.42
117853,0.025
117854,0.46
117855,0.07
117856,0.165
117857,0.125
117858,0.3
117859,0.005
117860,0.05
117861,0.08
117862,0.06
117863,0.04
117864,0.21
117865,0.115
117866,0.13
117867,0.46
117868,0.1
117869,0.345
117870,0.085
117871,0.27
117872,0.55
117873,0.105
117874,0.74
117875,0.055
117876,0.325
117877,0.115
117878,0.13
117879,0.21
117880,0.1
117881,0.035
117882,0.685
117883,0.06
117884,0.015
117885,0.165
117886,0.16
117887,0.02
117888,0.005
117889,0.0
117890,0.04
117891,0.18
117892,0.245
117893,0.045
117894,0.105
117895,0.125
117896,0.17
117897,0.105
117898,0.115
117899,0.63
117900,0.195
117901,0.575
117902,0.155
117903,0.12
117904,0.08
117905,0.025
117906,0.045
117907,0.47
117908,0.21
117909,0.2
117910,0.165
117911,0.035
117912,0.12
117913,0.745
117914,0.595
117915,0.14
117916,0.34
117917,0.665
117918,0.21
117919,0.2
117920,0.56
117921,0.55
117922,0.14
117923,0.05
117924,0.77
117925,0.56
117926,0.015
117927,0.2
117928,0.13
117929,0.875
117930,0.33
117931,0.6
117932,0.085
117933,0.195
117934,0.38
117935,0.575
117936,0.13
117937,0.14
117938,0.085
117939,0.1
117940,0.455
117941,0.21
117942,0.285
117943,0.105
117944,0.05
117945,0.305
117946,0.285
117947,0.185
117948,0.435
117949,0.055
117950,0.04
117951,0.29
117952,0.265
117953,0.215
117954,0.05
117955,0.1
117956,0.055
117957,0.18
117958,0.04
117959,0.955
117960,0.07
117961,0.27
117962,0.06
117963,0.07
117964,0.255
117965,0.245
117966,0.22
117967,0.04
117968,0.53
117969,0.11
117970,0.11
117971,0.08
117972,0.44
117973,0.215
117974,0.11
117975,0.225
117976,0.59
117977,0.02
117978,0.19
117979,0.09
117980,0.15
117981,0.035
117982,0.11
117983,0.21
117984,0.35
117985,0.15
117986,0.86
117987,0.03
117988,0.05
117989,0.095
117990,0.17
117991,0.125
117992,0.095
117993,0.295
117994,0.25
117995,0.22
117996,0.15
117997,0.17
117998,0.01
117999,0.13
118000,0.64
118001,0.08
118002,0.26
118003,0.06
118004,0.155
118005,0.125
118006,0.065
118007,0.46
118008,0.04
118009,0.13
118010,0.025
118011,0.245
118012,0.06
118013,0.53
118014,0.21
118015,0.025
118016,0.305
118017,0.54
118018,0.185
118019,0.165
118020,0.415
118021,0.155
118022,0.035
118023,0.03
118024,0.27
118025,0.05
118026,0.28
118027,0.195
118028,0.26
118029,0.17
118030,0.07
118031,0.05
118032,0.095
118033,0.295
118034,0.32
118035,0.065
118036,0.16
118037,0.4
118038,0.075
118039,0.16
118040,0.065
118041,0.08
118042,0.405
118043,0.05
118044,0.04
118045,0.155
118046,0.415
118047,0.2
118048,0.0
118049,0.035
118050,0.1
118051,0.485
118052,0.135
118053,0.185
118054,0.61
118055,0.185
118056,0.38
118057,0.06
118058,0.705
118059,0.19
118060,0.13
118061,0.015
118062,0.15
118063,0.02
118064,0.055
118065,0.125
118066,0.025
118067,0.32
118068,0.015
118069,0.11
118070,0.35
118071,0.405
118072,0.15
118073,0.1
118074,0.455
118075,0.34
118076,0.16
118077,0.23
118078,0.065
118079,0.1
118080,0.505
118081,0.45
118082,0.275
118083,0.115
118084,0.16
118085,0.09
118086,0.21
118087,0.095
118088,0.12
118089,0.065
118090,0.205
118091,0.155
118092,0.045
118093,0.085
118094,0.155
118095,0.21
118096,0.265
118097,0.035
118098,0.425
118099,0.21
118100,0.09
118101,0.15
118102,0.15
118103,0.07
118104,0.31
118105,0.22
118106,0.215
118107,0.105
118108,0.355
118109,0.495
118110,0.115
118111,0.215
118112,0.055
118113,0.35
118114,0.035
118115,0.1
118116,0.49
118117,0.09
118118,0.77
118119,0.28
118120,0.07
118121,0.035
118122,0.215
118123,0.54
118124,0.23
118125,0.415
118126,0.75
118127,0.49
118128,0.335
118129,0.14
118130,0.375
118131,0.18
118132,0.08
118133,0.275
118134,0.18
118135,0.475
118136,0.04
118137,0.29
118138,0.205
118139,0.395
118140,0.13
118141,0.02
118142,0.035
118143,0.145
118144,0.69
118145,0.075
118146,0.035
118147,0.105
118148,0.085
118149,0.64
118150,0.115
118151,0.58
118152,0.09
118153,0.06
118154,0.195
118155,0.295
118156,0.12
118157,0.035
118158,0.22
118159,0.17
118160,0.195
118161,0.19
118162,0.04
118163,0.155
118164,0.545
118165,0.145
118166,0.5
118167,0.085
118168,0.18
118169,0.09
118170,0.5
118171,0.13
118172,0.65
118173,0.175
118174,0.355
118175,0.185
118176,0.225
118177,0.02
118178,0.115
118179,0.82
118180,0.1
118181,0.155
118182,0.135
118183,0.165
118184,0.175
118185,0.45
118186,0.145
118187,0.455
118188,0.32
118189,0.26
118190,0.385
118191,0.985
118192,0.03
118193,0.125
118194,0.015
118195,0.065
118196,0.19
118197,0.06
118198,0.135
118199,0.085
118200,0.105
118201,0.145
118202,0.21
118203,0.085
118204,0.05
118205,0.11
118206,0.6
118207,0.785
118208,0.435
118209,0.035
118210,0.18
118211,0.06
118212,0.14
118213,0.035
118214,0.585
118215,0.7
118216,0.45
118217,0.575
118218,0.025
118219,0.5
118220,0.17
118221,0.055
118222,0.35
118223,0.07
118224,0.55
118225,0.045
118226,0.22
118227,0.15
118228,0.23
118229,0.155
118230,0.04
118231,0.075
118232,0.415
118233,0.115
118234,0.04
118235,0.04
118236,0.2
118237,0.025
118238,0.09
118239,0.17
118240,0.07
118241,0.055
118242,0.125
118243,0.185
118244,0.105
118245,0.025
118246,0.61
118247,0.215
118248,0.295
118249,0.4
118250,0.23
118251,0.105
118252,0.395
118253,0.135
118254,0.74
118255,0.005
118256,0.045
118257,0.215
118258,0.695
118259,0.09
118260,0.13
118261,0.155
118262,0.655
118263,0.045
118264,0.455
118265,0.055
118266,0.435
118267,0.4
118268,0.33
118269,0.78
118270,0.12
118271,0.215
118272,0.685
118273,0.055
118274,0.235
118275,0.25
118276,0.15
118277,0.075
118278,0.67
118279,0.085
118280,0.305
118281,0.09
118282,0.9
118283,0.69
118284,0.1
118285,0.155
118286,0.165
118287,0.7
118288,0.1
118289,0.045
118290,0.49
118291,0.265
118292,0.18
118293,0.895
118294,0.155
118295,0.11
118296,0.16
118297,0.005
118298,0.1
118299,0.225
118300,0.66
118301,0.22
118302,0.6
118303,0.1
118304,0.045
118305,0.15
118306,0.05
118307,0.23
118308,0.015
118309,0.04
118310,0.2
118311,0.405
118312,0.04
118313,0.21
118314,0.055
118315,0.1
118316,0.245
118317,0.14
118318,0.07
118319,0.295
118320,0.225
118321,0.075
118322,0.13
118323,0.07
118324,0.015
118325,0.105
118326,0.03
118327,0.055
118328,0.075
118329,0.105
118330,0.095
118331,0.21
118332,0.12
118333,0.315
118334,0.165
118335,0.65
118336,0.24
118337,0.755
118338,0.62
118339,0.51
118340,0.065
118341,0.225
118342,0.02
118343,0.425
118344,0.025
118345,0.435
118346,0.18
118347,0.315
118348,0.61
118349,0.15
118350,0.015
118351,0.095
118352,0.275
118353,0.01
118354,0.5
118355,0.175
118356,0.03
118357,0.055
118358,0.105
118359,0.195
118360,0.17
118361,0.045
118362,0.19
118363,0.08
118364,0.215
118365,0.155
118366,0.025
118367,0.245
118368,0.01
118369,0.125
118370,0.23
118371,0.095
118372,0.3
118373,0.115
118374,0.04
118375,0.175
118376,0.14
118377,0.595
118378,0.175
118379,0.045
118380,0.2
118381,0.18
118382,0.055
118383,0.16
118384,0.11
118385,0.29
118386,0.015
118387,0.06
118388,0.035
118389,0.29
118390,0.09
118391,0.15
118392,0.265
118393,0.275
118394,0.055
118395,0.045
118396,0.275
118397,0.115
118398,0.065
118399,0.92
118400,0.115
118401,0.04
118402,0.12
118403,0.74
118404,0.65
118405,0.535
118406,0.185
118407,0.2
118408,0.325
118409,0.03
118410,0.31
118411,0.115
118412,0.11
118413,0.085
118414,0.215
118415,0.175
118416,0.77
118417,0.53
118418,0.74
118419,0.215
118420,0.315
118421,0.405
118422,0.245
118423,0.055
118424,0.295
118425,0.175
118426,0.31
118427,0.505
118428,0.395
118429,0.06
118430,0.61
118431,0.035
118432,0.11
118433,0.125
118434,0.07
118435,0.6
118436,0.225
118437,0.08
118438,0.275
118439,0.085
118440,0.375
118441,0.8
118442,0.095
118443,0.155
118444,0.05
118445,0.12
118446,0.145
118447,0.23
118448,0.065
118449,0.055
118450,0.105
118451,0.105
118452,0.25
118453,0.04
118454,0.015
118455,0.565
118456,0.095
118457,0.24
118458,0.22
118459,0.52
118460,0.605
118461,0.185
118462,0.105
118463,0.57
118464,0.09
118465,0.015
118466,0.39
118467,0.215
118468,0.005
118469,0.08
118470,0.385
118471,0.31
118472,0.175
118473,0.075
118474,0.67
118475,0.07
118476,0.245
118477,0.06
118478,0.53
118479,0.075
118480,0.17
118481,0.12
118482,0.41
118483,0.01
118484,0.21
118485,0.165
118486,0.79
118487,0.06
118488,0.08
118489,0.46
118490,0.05
118491,0.185
118492,0.035
118493,0.115
118494,0.15
118495,0.235
118496,0.06
118497,0.13
118498,0.245
118499,0.595
118500,0.79
118501,0.14
118502,0.125
118503,0.15
118504,0.05
118505,0.07
118506,0.115
118507,0.265
118508,0.53
118509,0.2
118510,0.155
118511,0.205
118512,0.67
118513,0.28
118514,0.675
118515,0.215
118516,0.85
118517,0.08
118518,0.39
118519,0.01
118520,0.025
118521,0.38
118522,0.12
118523,0.35
118524,0.735
118525,0.16
118526,0.385
118527,0.08
118528,0.165
118529,0.03
118530,0.57
118531,0.185
118532,0.305
118533,0.285
118534,0.18
118535,0.25
118536,0.13
118537,0.535
118538,0.17
118539,0.065
118540,0.115
118541,0.05
118542,0.17
118543,0.12
118544,0.395
118545,0.025
118546,0.325
118547,0.1
118548,0.74
118549,0.485
118550,0.28
118551,0.07
118552,0.12
118553,0.075
118554,0.045
118555,0.115
118556,0.34
118557,0.275
118558,0.07
118559,0.095
118560,0.275
118561,0.255
118562,0.55
118563,0.165
118564,0.055
118565,0.075
118566,0.08
118567,0.15
118568,0.095
118569,0.005
118570,0.05
118571,0.325
118572,0.07
118573,0.035
118574,0.065
118575,0.225
118576,0.365
118577,0.725
118578,0.71
118579,0.0
118580,0.78
118581,0.17
118582,0.145
118583,0.235
118584,0.055
118585,0.14
118586,0.09
118587,0.23
118588,0.085
118589,0.135
118590,0.195
118591,0.03
118592,0.18
118593,0.02
118594,0.04
118595,0.45
118596,0.085
118597,0.2
118598,0.015
118599,0.025
118600,0.18
118601,0.14
118602,0.29
118603,0.08
118604,0.015
118605,0.635
118606,0.065
118607,0.655
118608,0.135
118609,0.675
118610,0.635
118611,0.17
118612,0.54
118613,0.14
118614,0.05
118615,0.415
118616,0.35
118617,0.085
118618,0.11
118619,0.065
118620,0.495
118621,0.005
118622,0.155
118623,0.335
118624,0.115
118625,0.045
118626,0.56
118627,0.89
118628,0.33
118629,0.06
118630,0.025
118631,0.005
118632,0.105
118633,0.255
118634,0.085
118635,0.21
118636,0.475
118637,0.14
118638,0.025
118639,0.17
118640,0.01
118641,0.09
118642,0.195
118643,0.38
118644,0.055
118645,0.075
118646,0.085
118647,0.555
118648,0.1
118649,0.17
118650,0.015
118651,0.73
118652,0.02
118653,0.07
118654,0.04
118655,0.11
118656,0.17
118657,0.025
118658,0.035
118659,0.1
118660,0.41
118661,0.56
118662,0.02
118663,0.04
118664,0.025
118665,0.745
118666,0.355
118667,0.205
118668,0.125
118669,0.075
118670,0.795
118671,0.08
118672,0.27
118673,0.045
118674,0.235
118675,0.095
118676,0.855
118677,0.105
118678,0.105
118679,0.245
118680,0.175
118681,0.24
118682,0.235
118683,0.44
118684,0.155
118685,0.235
118686,0.545
118687,0.44
118688,0.105
118689,0.14
118690,0.535
118691,0.13
118692,0.205
118693,0.24
118694,0.29
118695,0.205
118696,0.41
118697,0.08
118698,0.08
118699,0.25
118700,0.055
118701,0.2
118702,0.22
118703,0.2
118704,0.065
118705,0.045
118706,0.27
118707,0.105
118708,0.19
118709,0.235
118710,0.455
118711,0.095
118712,0.145
118713,0.1
118714,0.16
118715,0.22
118716,0.07
118717,0.32
118718,0.265
118719,0.09
118720,0.16
118721,0.175
118722,0.625
118723,0.01
118724,0.105
118725,0.225
118726,0.155
118727,0.005
118728,0.45
118729,0.24
118730,0.07
118731,0.025
118732,0.1
118733,0.065
118734,0.08
118735,0.015
118736,0.04
118737,0.075
118738,0.035
118739,0.43
118740,0.0
118741,0.28
118742,0.175
118743,0.175
118744,0.19
118745,0.225
118746,0.44
118747,0.03
118748,0.825
118749,0.715
118750,0.44
118751,0.155
118752,0.21
118753,0.555
118754,0.4
118755,0.065
118756,0.245
118757,0.295
118758,0.175
118759,0.04
118760,0.05
118761,0.035
118762,0.59
118763,0.76
118764,0.21
118765,0.1
118766,0.11
118767,0.3
118768,0.1
118769,0.47
118770,0.03
118771,0.33
118772,0.295
118773,0.36
118774,0.155
118775,0.405
118776,0.015
118777,0.185
118778,0.08
118779,0.195
118780,0.015
118781,0.44
118782,0.325
118783,0.045
118784,0.445
118785,0.03
118786,0.08
118787,0.345
118788,0.09
118789,0.12
118790,0.64
118791,0.16
118792,0.13
118793,0.015
118794,0.055
118795,0.0
118796,0.2
118797,0.26
118798,0.64
118799,0.185
118800,0.24
118801,0.115
118802,0.16
118803,0.175
118804,0.105
118805,0.08
118806,0.205
118807,0.115
118808,0.44
118809,0.075
118810,0.28
118811,0.695
118812,0.185
118813,0.16
118814,0.135
118815,0.02
118816,0.05
118817,0.18
118818,0.04
118819,0.035
118820,0.315
118821,0.51
118822,0.105
118823,0.59
118824,0.83
118825,0.035
118826,0.175
118827,0.335
118828,0.23
118829,0.085
118830,0.305
118831,0.915
118832,0.65
118833,0.085
118834,0.095
118835,0.51
118836,0.095
118837,0.24
118838,0.165
118839,0.0
118840,0.085
118841,0.165
118842,0.74
118843,0.02
118844,0.04
118845,0.44
118846,0.57
118847,0.085
118848,0.14
118849,0.135
118850,0.295
118851,0.78
118852,0.335
118853,0.305
118854,0.615
118855,0.2
118856,0.375
118857,0.02
118858,0.16
118859,0.285
118860,0.005
118861,0.125
118862,0.1
118863,0.25
118864,0.68
118865,0.125
118866,0.09
118867,0.04
118868,0.095
118869,0.735
118870,0.51
118871,0.12
118872,0.225
118873,0.235
118874,0.645
118875,0.265
118876,0.2
118877,0.115
118878,0.005
118879,0.065
118880,0.52
118881,0.535
118882,0.11
118883,0.2
118884,0.135
118885,0.17
118886,0.015
118887,0.02
118888,0.19
118889,0.22
118890,0.22
118891,0.015
118892,0.225
118893,0.115
118894,0.31
118895,0.19
118896,0.01
118897,0.23
118898,0.13
118899,0.045
118900,0.145
118901,0.055
118902,0.825
118903,0.01
118904,0.055
118905,0.585
118906,0.06
118907,0.285
118908,0.4
118909,0.04
118910,0.085
118911,0.23
118912,0.74
118913,0.38
118914,0.235
118915,0.6
118916,0.085
118917,0.055
118918,0.405
118919,0.12
118920,0.2
118921,0.135
118922,0.36
118923,0.08
118924,0.105
118925,0.035
118926,0.13
118927,0.105
118928,0.055
118929,0.11
118930,0.245
118931,0.32
118932,0.625
118933,0.53
118934,0.01
118935,0.185
118936,0.035
118937,0.175
118938,0.125
118939,0.195
118940,0.265
118941,0.66
118942,0.155
118943,0.02
118944,0.27
118945,0.465
118946,0.395
118947,0.155
118948,0.905
118949,0.1
118950,0.235
118951,0.18
118952,0.1
118953,0.66
118954,0.235
118955,0.1
118956,0.01
118957,0.535
118958,0.165
118959,0.25
118960,0.48
118961,0.21
118962,0.27
118963,0.09
118964,0.84
118965,0.22
118966,0.065
118967,0.045
118968,0.58
118969,0.1
118970,0.1
118971,0.09
118972,0.475
118973,0.55
118974,0.865
118975,0.34
118976,0.05
118977,0.255
118978,0.16
118979,0.15
118980,0.68
118981,0.68
118982,0.005
118983,0.025
118984,0.07
118985,0.05
118986,0.25
118987,0.52
118988,0.07
118989,0.22
118990,0.135
118991,0.32
118992,0.105
118993,0.46
118994,0.54
118995,0.645
118996,0.31
118997,0.16
118998,0.085
118999,0.13
119000,0.12
119001,0.59
119002,0.055
119003,0.075
119004,0.065
119005,0.065
119006,0.095
119007,0.235
119008,0.145
119009,0.64
119010,0.32
119011,0.06
119012,0.07
119013,0.045
119014,0.645
119015,0.255
119016,0.145
119017,0.015
119018,0.135
119019,0.09
119020,0.105
119021,0.405
119022,0.635
119023,0.125
119024,0.705
119025,0.245
119026,0.085
119027,0.285
119028,0.045
119029,0.075
119030,0.025
119031,0.065
119032,0.145
119033,0.13
119034,0.05
119035,0.555
119036,0.86
119037,0.875
119038,0.185
119039,0.025
119040,0.06
119041,0.085
119042,0.055
119043,0.08
119044,0.745
119045,0.165
119046,0.42
119047,0.225
119048,0.295
119049,0.415
119050,0.035
119051,0.06
119052,0.11
119053,0.04
119054,0.09
119055,0.05
119056,0.03
119057,0.175
119058,0.475
119059,0.03
119060,0.07
119061,0.105
119062,0.015
119063,0.045
119064,0.195
119065,0.0
119066,0.315
119067,0.155
119068,0.82
119069,0.225
119070,0.04
119071,0.06
119072,0.535
119073,0.055
119074,0.285
119075,0.025
119076,0.18
119077,0.125
119078,0.045
119079,0.58
119080,0.105
119081,0.35
119082,0.22
119083,0.035
119084,0.25
119085,0.285
119086,0.41
119087,0.025
119088,0.01
119089,0.215
119090,0.035
119091,0.255
119092,0.22
119093,0.24
119094,0.42
119095,0.2
119096,0.05
119097,0.795
119098,0.115
119099,0.235
119100,0.195
119101,0.145
119102,0.155
119103,0.065
119104,0.155
119105,0.115
119106,0.035
119107,0.665
119108,0.265
119109,0.155
119110,0.565
119111,0.695
119112,0.21
119113,0.245
119114,0.115
119115,0.085
119116,0.465
119117,0.365
119118,0.195
119119,0.24
119120,0.045
119121,0.02
119122,0.31
119123,0.665
119124,0.37
119125,0.52
119126,0.615
119127,0.02
119128,0.155
119129,0.25
119130,0.45
119131,0.09
119132,0.09
119133,0.01
119134,0.025
119135,0.005
119136,0.82
119137,0.09
119138,0.005
119139,0.085
119140,0.555
119141,0.15
119142,0.755
119143,0.485
119144,0.19
119145,0.07
119146,0.07
119147,0.475
119148,0.015
119149,0.715
119150,0.215
119151,0.18
119152,0.125
119153,0.385
119154,0.45
119155,0.225
119156,0.115
119157,0.82
119158,0.135
119159,0.555
119160,0.07
119161,0.055
119162,0.375
119163,0.055
119164,0.595
119165,0.075
119166,0.08
119167,0.17
119168,0.25
119169,0.08
119170,0.015
119171,0.02
119172,0.085
119173,0.195
119174,0.2
119175,0.67
119176,0.04
119177,0.065
119178,0.33
119179,0.03
119180,0.145
119181,0.2
119182,0.11
119183,0.085
119184,0.06
119185,0.02
119186,0.4
119187,0.485
119188,0.435
119189,0.4
119190,0.36
119191,0.62
119192,0.585
119193,0.26
119194,0.355
119195,0.02
119196,0.56
119197,0.165
119198,0.835
119199,0.14
119200,0.135
119201,0.02
119202,0.095
119203,0.25
119204,0.38
119205,0.06
119206,0.13
119207,0.435
119208,0.7
119209,0.445
119210,0.155
119211,0.07
119212,0.22
119213,0.06
119214,0.07
119215,0.22
119216,0.57
119217,0.245
119218,0.31
119219,0.06
119220,0.16
119221,0.4
119222,0.05
119223,0.035
119224,0.01
119225,0.05
119226,0.12
119227,0.31
119228,0.06
119229,0.04
119230,0.235
119231,0.42
119232,0.11
119233,0.145
119234,0.03
119235,0.065
119236,0.34
119237,0.505
119238,0.57
119239,0.225
119240,0.15
119241,0.045
119242,0.095
119243,0.155
119244,0.06
119245,0.185
119246,0.265
119247,0.045
119248,0.08
119249,0.05
119250,0.09
119251,0.025
119252,0.105
119253,0.735
119254,0.1
119255,0.485
119256,0.13
119257,0.115
119258,0.36
119259,0.435
119260,0.18
119261,0.095
119262,0.605
119263,0.055
119264,0.075
119265,0.22
119266,0.185
119267,0.15
119268,0.155
119269,0.025
119270,0.05
119271,0.09
119272,0.525
119273,0.115
119274,0.135
119275,0.185
119276,0.01
119277,0.545
119278,0.06
119279,0.1
119280,0.14
119281,0.795
119282,0.67
119283,0.09
119284,0.06
119285,0.515
119286,0.095
119287,0.295
119288,0.725
119289,0.17
119290,0.125
119291,0.8
119292,0.12
119293,0.165
119294,0.195
119295,0.12
119296,0.045
119297,0.045
119298,0.49
119299,0.015
119300,0.095
119301,0.02
119302,0.0
119303,0.56
119304,0.16
119305,0.175
119306,0.055
119307,0.045
119308,0.41
119309,0.33
119310,0.455
119311,0.25
119312,0.225
119313,0.05
119314,0.07
119315,0.875
119316,0.57
119317,0.045
119318,0.475
119319,0.09
119320,0.485
119321,0.71
119322,0.48
119323,0.06
119324,0.19
119325,0.235
119326,0.025
119327,0.06
119328,0.64
119329,0.855
119330,0.085
119331,0.175
119332,0.13
119333,0.075
119334,0.045
119335,0.03
119336,0.215
119337,0.14
119338,0.045
119339,0.02
119340,0.1
119341,0.07
119342,0.13
119343,0.66
119344,0.42
119345,0.54
119346,0.605
119347,0.015
119348,0.125
119349,0.165
119350,0.16
119351,0.22
119352,0.1
119353,0.01
119354,0.625
119355,0.285
119356,0.1
119357,0.44
119358,0.955
119359,0.02
119360,0.045
119361,0.03
119362,0.04
119363,0.045
119364,0.055
119365,0.07
119366,0.07
119367,0.115
119368,0.06
119369,0.265
119370,0.115
119371,0.135
119372,0.145
119373,0.195
119374,0.15
119375,0.59
119376,0.12
119377,0.305
119378,0.435
119379,0.02
119380,0.73
119381,0.19
119382,0.09
119383,0.36
119384,0.005
119385,0.235
119386,0.43
119387,0.2
119388,0.015
119389,0.02
119390,0.16
119391,0.61
119392,0.17
119393,0.135
119394,0.67
119395,0.32
119396,0.09
119397,0.445
119398,0.075
119399,0.08
119400,0.01
119401,0.03
119402,0.105
119403,0.6
119404,0.13
119405,0.285
119406,0.445
119407,0.425
119408,0.02
119409,0.13
119410,0.37
119411,0.11
119412,0.165
119413,0.035
119414,0.08
119415,0.23
119416,0.67
119417,0.28
119418,0.46
119419,0.055
119420,0.07
119421,0.155
119422,0.285
119423,0.09
119424,0.55
119425,0.315
119426,0.365
119427,0.12
119428,0.025
119429,0.715
119430,0.115
119431,0.7
119432,0.085
119433,0.145
119434,0.26
119435,0.255
119436,0.685
119437,0.08
119438,0.485
119439,0.095
119440,0.08
119441,0.43
119442,0.245
119443,0.195
119444,0.02
119445,0.075
119446,0.76
119447,0.01
119448,0.395
119449,0.08
119450,0.1
119451,0.085
119452,0.08
119453,0.105
119454,0.175
119455,0.08
119456,0.085
119457,0.26
119458,0.615
119459,0.145
119460,0.04
119461,0.465
119462,0.095
119463,0.16
119464,0.085
119465,0.075
119466,0.06
119467,0.755
119468,0.15
119469,0.075
119470,0.05
119471,0.325
119472,0.115
119473,0.23
119474,0.255
119475,0.33
119476,0.715
119477,0.035
119478,0.185
119479,0.075
119480,0.05
119481,0.11
119482,0.07
119483,0.115
119484,0.81
119485,0.02
119486,0.215
119487,0.185
119488,0.095
119489,0.055
119490,0.49
119491,0.155
119492,0.095
119493,0.095
119494,0.065
119495,0.13
119496,0.03
119497,0.005
119498,0.035
119499,0.11
119500,0.135
119501,0.22
119502,0.535
119503,0.0
119504,0.035
119505,0.065
119506,0.075
119507,0.115
119508,0.0
119509,0.115
119510,0.065
119511,0.265
119512,0.185
119513,0.065
119514,0.245
119515,0.825
119516,0.685
119517,0.36
119518,0.215
119519,0.145
119520,0.235
119521,0.19
119522,0.205
119523,0.115
119524,0.115
119525,0.6
119526,0.21
119527,0.24
119528,0.09
119529,0.765
119530,0.085
119531,0.58
119532,0.195
119533,0.075
119534,0.14
119535,0.58
119536,0.11
119537,0.215
119538,0.125
119539,0.03
119540,0.065
119541,0.085
119542,0.21
119543,0.405
119544,0.215
119545,0.02
119546,0.795
119547,0.23
119548,0.155
119549,0.07
119550,0.19
119551,0.075
119552,0.055
119553,0.17
119554,0.195
119555,0.29
119556,0.085
119557,0.08
119558,0.31
119559,0.11
119560,0.53
119561,0.005
119562,0.555
119563,0.05
119564,0.17
119565,0.46
119566,0.16
119567,0.65
119568,0.14
119569,0.24
119570,0.55
119571,0.22
119572,0.08
119573,0.49
119574,0.37
119575,0.165
119576,0.1
119577,0.085
119578,0.025
119579,0.155
119580,0.09
119581,0.06
119582,0.1
119583,0.145
119584,0.1
119585,0.345
119586,0.08
119587,0.695
119588,0.285
119589,0.01
119590,0.225
119591,0.6
119592,0.075
119593,0.14
119594,0.245
119595,0.295
119596,0.395
119597,0.01
119598,0.15
119599,0.095
119600,0.56
119601,0.23
119602,0.215
119603,0.695
119604,0.385
119605,0.075
119606,0.045
119607,0.24
119608,0.185
119609,0.07
119610,0.505
119611,0.095
119612,0.37
119613,0.1
119614,0.235
119615,0.465
119616,0.835
119617,0.235
119618,0.205
119619,0.2
119620,0.08
119621,0.045
119622,0.12
119623,0.09
119624,0.29
119625,0.515
119626,0.57
119627,0.16
119628,0.055
119629,0.335
119630,0.12
119631,0.255
119632,0.01
119633,0.25
119634,0.03
119635,0.345
119636,0.11
119637,0.035
119638,0.305
119639,0.09
119640,0.005
119641,0.035
119642,0.26
119643,0.03
119644,0.305
119645,0.095
119646,0.26
119647,0.075
119648,0.08
119649,0.575
119650,0.09
119651,0.185
119652,0.115
119653,0.265
119654,0.08
119655,0.105
119656,0.155
119657,0.17
119658,0.065
119659,0.325
119660,0.05
119661,0.01
119662,0.185
119663,0.71
119664,0.145
119665,0.1
119666,0.21
119667,0.115
119668,0.01
119669,0.26
119670,0.205
119671,0.015
119672,0.2
119673,0.135
119674,0.385
119675,0.065
119676,0.505
119677,0.09
119678,0.045
119679,0.15
119680,0.7
119681,0.105
119682,0.265
119683,0.015
119684,0.085
119685,0.27
119686,0.05
119687,0.055
119688,0.14
119689,0.08
119690,0.38
119691,0.15
119692,0.42
119693,0.14
119694,0.445
119695,0.585
119696,0.565
119697,0.045
119698,0.325
119699,0.36
119700,0.12
119701,0.125
119702,0.15
119703,0.125
119704,0.16
119705,0.055
119706,0.115
119707,0.205
119708,0.185
119709,0.555
119710,0.19
119711,0.18
119712,0.105
119713,0.04
119714,0.0
119715,0.505
119716,0.175
119717,0.1
119718,0.8
119719,0.045
119720,0.315
119721,0.235
119722,0.215
119723,0.295
119724,0.015
119725,0.48
119726,0.945
119727,0.14
119728,0.015
119729,0.16
119730,0.005
119731,0.135
119732,0.11
119733,0.525
119734,0.495
119735,0.375
119736,0.155
119737,0.545
119738,0.625
119739,0.195
119740,0.05
119741,0.265
119742,0.01
119743,0.08
119744,0.14
119745,0.04
119746,0.095
119747,0.235
119748,0.385
119749,0.02
119750,0.14
119751,0.07
119752,0.055
119753,0.075
119754,0.22
119755,0.13
119756,0.6
119757,0.565
119758,0.365
119759,0.075
119760,0.415
119761,0.12
119762,0.865
119763,0.675
119764,0.13
119765,0.13
119766,0.17
119767,0.23
119768,0.185
119769,0.12
119770,0.05
119771,0.29
119772,0.02
119773,0.025
119774,0.15
119775,0.005
119776,0.32
119777,0.71
119778,0.4
119779,0.285
119780,0.05
119781,0.225
119782,0.67
119783,0.065
119784,0.1
119785,0.15
119786,0.1
119787,0.08
119788,0.175
119789,0.215
119790,0.045
119791,0.43
119792,0.155
119793,0.025
119794,0.685
119795,0.085
119796,0.405
119797,0.115
119798,0.025
119799,0.22
119800,0.065
119801,0.04
119802,0.275
119803,0.1
119804,0.045
119805,0.005
119806,0.33
119807,0.12
119808,0.32
119809,0.375
119810,0.0
119811,0.22
119812,0.225
119813,0.6
119814,0.185
119815,0.545
119816,0.38
119817,0.23
119818,0.425
119819,0.145
119820,0.025
119821,0.745
119822,0.135
119823,0.245
119824,0.345
119825,0.04
119826,0.05
119827,0.2
119828,0.25
119829,0.05
119830,0.075
119831,0.11
119832,0.555
119833,0.665
119834,0.215
119835,0.265
119836,0.55
119837,0.1
119838,0.125
119839,0.595
119840,0.78
119841,0.045
119842,0.08
119843,0.45
119844,0.35
119845,0.045
119846,0.705
119847,0.075
119848,0.395
119849,0.08
119850,0.245
119851,0.05
119852,0.5
119853,0.13
119854,0.63
119855,0.155
119856,0.165
119857,0.57
119858,0.19
119859,0.38
119860,0.125
119861,0.0
119862,0.06
119863,0.39
119864,0.455
119865,0.09
119866,0.815
119867,0.77
119868,0.855
119869,0.135
119870,0.12
119871,0.48
119872,0.415
119873,0.05
119874,0.08
119875,0.455
119876,0.03
119877,0.145
119878,0.13
119879,0.75
119880,0.095
119881,0.07
119882,0.22
119883,0.12
119884,0.055
119885,0.775
119886,0.075
119887,0.335
119888,0.02
119889,0.075
119890,0.045
119891,0.3
119892,0.035
119893,0.065
119894,0.29
119895,0.03
119896,0.235
119897,0.07
119898,0.06
119899,0.305
119900,0.995
119901,0.27
119902,0.35
119903,0.205
119904,0.03
119905,0.235
119906,0.085
119907,0.035
119908,0.11
119909,0.09
119910,0.255
119911,0.05
119912,0.0
119913,0.335
119914,0.075
119915,0.08
119916,0.15
119917,0.095
119918,0.08
119919,0.09
119920,0.325
119921,0.0
119922,0.3
119923,0.41
119924,0.1
119925,0.205
119926,0.01
119927,0.645
119928,0.17
119929,0.01
119930,0.06
119931,0.17
119932,0.185
119933,0.085
119934,0.175
119935,0.28
119936,0.11
119937,0.09
119938,0.02
119939,0.205
119940,0.245
119941,0.13
119942,0.025
119943,0.07
119944,0.165
119945,0.185
119946,0.03
119947,0.215
119948,0.08
119949,0.795
119950,0.1
119951,0.015
119952,0.18
119953,0.13
119954,0.15
119955,0.04
119956,0.215
119957,0.155
119958,0.035
119959,0.05
119960,0.7
119961,0.41
119962,0.02
119963,0.62
119964,0.335
119965,0.12
119966,0.1
119967,0.08
119968,0.735
119969,0.045
119970,0.12
119971,0.185
119972,0.74
119973,0.09
119974,0.025
119975,0.045
119976,0.28
119977,0.025
119978,0.235
119979,0.04
119980,0.175
119981,0.145
119982,0.09
119983,0.695
119984,0.3
119985,0.2
119986,0.325
119987,0.18
119988,0.11
119989,0.18
119990,0.025
119991,0.315
119992,0.285
119993,0.045
119994,0.81
119995,0.17
119996,0.245
119997,0.195
119998,0.115
119999,0.375
120000,0.055
120001,0.06
120002,0.25
120003,0.04
120004,0.045
120005,0.8
120006,0.06
120007,0.19
120008,0.555
120009,0.35
120010,0.2
120011,0.035
120012,0.46
120013,0.075
120014,0.145
120015,0.455
120016,0.12
120017,0.195
120018,0.275
120019,0.23
120020,0.11
120021,0.295
120022,0.49
120023,0.145
120024,0.2
120025,0.115
120026,0.16
120027,0.115
120028,0.08
120029,0.275
120030,0.115
120031,0.265
120032,0.05
120033,0.68
120034,0.83
120035,0.355
120036,0.01
120037,0.32
120038,0.755
120039,0.13
120040,0.81
120041,0.04
120042,0.445
120043,0.225
120044,0.16
120045,0.225
120046,0.205
120047,0.51
120048,0.275
120049,0.04
120050,0.075
120051,0.075
120052,0.155
120053,0.13
120054,0.065
120055,0.065
120056,0.125
120057,0.135
120058,0.105
120059,0.205
120060,0.115
120061,0.31
120062,0.025
120063,0.02
120064,0.655
120065,0.085
120066,0.565
120067,0.125
120068,0.57
120069,0.055
120070,0.04
120071,0.055
120072,0.035
120073,0.35
120074,0.62
120075,0.48
120076,0.05
120077,0.075
120078,0.085
120079,0.11
120080,0.115
120081,0.01
120082,0.365
120083,0.06
120084,0.11
120085,0.13
120086,0.905
120087,0.23
120088,0.185
120089,0.2
120090,0.165
120091,0.255
120092,0.205
120093,0.09
120094,0.03
120095,0.55
120096,0.155
120097,0.72
120098,0.005
120099,0.15
120100,0.12
120101,0.055
120102,0.11
120103,0.055
120104,0.34
120105,0.35
120106,0.025
120107,0.075
120108,0.22
120109,0.325
120110,0.655
120111,0.325
120112,0.075
120113,0.035
120114,0.4
120115,0.2
120116,0.11
120117,0.235
120118,0.145
120119,0.045
120120,0.34
120121,0.05
120122,0.25
120123,0.075
120124,0.0
120125,0.115
120126,0.51
120127,0.2
120128,0.405
120129,0.215
120130,0.085
120131,0.05
120132,0.27
120133,0.175
120134,0.115
120135,0.295
120136,0.045
120137,0.3
120138,0.61
120139,0.145
120140,0.035
120141,0.1
120142,0.25
120143,0.045
120144,0.07
120145,0.085
120146,0.945
120147,0.49
120148,0.02
120149,0.115
120150,0.12
120151,0.05
120152,0.04
120153,0.555
120154,0.02
120155,0.01
120156,0.205
120157,0.09
120158,0.21
120159,0.065
120160,0.05
120161,0.18
120162,0.165
120163,0.45
120164,0.03
120165,0.21
120166,0.185
120167,0.04
120168,0.055
120169,0.965
120170,0.665
120171,0.105
120172,0.725
120173,0.165
120174,0.005
120175,0.1
120176,0.275
120177,0.185
120178,0.17
120179,0.05
120180,0.615
120181,0.05
120182,0.735
120183,0.115
120184,0.33
120185,0.68
120186,0.285
120187,0.59
120188,0.32
120189,0.08
120190,0.115
120191,0.06
120192,0.155
120193,0.06
120194,0.345
120195,0.095
120196,0.915
120197,0.27
120198,0.22
120199,0.775
120200,0.2
120201,0.785
120202,0.01
120203,0.245
120204,0.445
120205,0.1
120206,0.115
120207,0.325
120208,0.32
120209,0.07
120210,0.37
120211,0.585
120212,0.155
120213,0.115
120214,0.055
120215,0.2
120216,0.145
120217,0.01
120218,0.235
120219,0.04
120220,0.06
120221,0.24
120222,0.495
120223,0.065
120224,0.19
120225,0.16
120226,0.025
120227,0.205
120228,0.605
120229,0.02
120230,0.355
120231,0.295
120232,0.045
120233,0.7
120234,0.12
120235,0.155
120236,0.56
120237,0.75
120238,0.385
120239,0.445
120240,0.105
120241,0.51
120242,0.61
120243,0.1
120244,0.045
120245,0.705
120246,0.415
120247,0.03
120248,0.435
120249,0.51
120250,0.51
120251,0.065
120252,0.145
120253,0.06
120254,0.12
120255,0.25
120256,0.465
120257,0.28
120258,0.195
120259,0.05
120260,0.07
120261,0.04
120262,0.25
120263,0.105
120264,0.26
120265,0.025
120266,0.135
120267,0.09
120268,0.105
120269,0.135
120270,0.11
120271,0.315
120272,0.36
120273,0.19
120274,0.25
120275,0.08
120276,0.035
120277,0.32
120278,0.13
120279,0.235
120280,0.235
120281,0.09
120282,0.07
120283,0.15
120284,0.15
120285,0.64
120286,0.11
120287,0.245
120288,0.095
120289,0.24
120290,0.115
120291,0.265
120292,0.05
120293,0.365
120294,0.24
120295,0.105
120296,0.225
120297,0.04
120298,0.06
120299,0.875
120300,0.02
120301,0.325
120302,0.08
120303,0.235
120304,0.165
120305,0.145
120306,0.045
120307,0.02
120308,0.075
120309,0.595
120310,0.14
120311,0.265
120312,0.175
120313,0.125
120314,0.115
120315,0.18
120316,0.07
120317,0.2
120318,0.035
120319,0.335
120320,0.535
120321,0.08
120322,0.19
120323,0.115
120324,0.035
120325,0.165
120326,0.355
120327,0.045
120328,0.32
120329,0.55
120330,0.085
120331,0.12
120332,0.585
120333,0.065
120334,0.325
120335,0.46
120336,0.24
120337,0.025
120338,0.21
120339,0.055
120340,0.68
120341,0.08
120342,0.2
120343,0.085
120344,0.25
120345,0.07
120346,0.065
120347,0.12
120348,0.075
120349,0.1
120350,0.11
120351,0.07
120352,0.045
120353,0.195
120354,0.235
120355,0.14
120356,0.44
120357,0.155
120358,0.2
120359,0.04
120360,0.255
120361,0.275
120362,0.095
120363,0.065
120364,0.18
120365,0.165
120366,0.035
120367,0.13
120368,0.31
120369,0.285
120370,0.435
120371,0.03
120372,0.215
120373,0.055
120374,0.23
120375,0.12
120376,0.335
120377,0.1
120378,0.8
120379,0.52
120380,0.285
120381,0.125
120382,0.15
120383,0.74
120384,0.19
120385,0.085
120386,0.025
120387,0.925
120388,0.54
120389,0.445
120390,0.085
120391,0.1
120392,0.27
120393,0.0
120394,0.145
120395,0.595
120396,0.04
120397,0.055
120398,0.8
120399,0.69
120400,0.115
120401,0.205
120402,0.21
120403,0.54
120404,0.355
120405,0.34
120406,0.02
120407,0.065
120408,0.17
120409,0.025
120410,0.15
120411,0.125
120412,0.525
120413,0.335
120414,0.045
120415,0.125
120416,0.065
120417,0.035
120418,0.285
120419,0.22
120420,0.045
120421,0.425
120422,0.325
120423,0.09
120424,0.125
120425,0.505
120426,0.14
120427,0.185
120428,0.36
120429,0.35
120430,0.62
120431,0.205
120432,0.43
120433,0.105
120434,0.125
120435,0.515
120436,0.8
120437,0.195
120438,0.22
120439,0.23
120440,0.555
120441,0.39
120442,0.37
120443,0.02
120444,0.285
120445,0.085
120446,0.155
120447,0.475
120448,0.05
120449,0.1
120450,0.16
120451,0.125
120452,0.0
120453,0.18
120454,0.21
120455,0.085
120456,0.89
120457,0.1
120458,0.81
120459,0.1
120460,0.15
120461,0.27
120462,0.01
120463,0.04
120464,0.435
120465,0.47
120466,0.01
120467,0.045
120468,0.085
120469,0.015
120470,0.255
120471,0.23
120472,0.095
120473,0.02
120474,0.025
120475,0.03
120476,0.12
120477,0.46
120478,0.68
120479,0.16
120480,0.05
120481,0.27
120482,0.315
120483,0.09
120484,0.115
120485,0.19
120486,0.04
120487,0.07
120488,0.015
120489,0.185
120490,0.345
120491,0.14
120492,0.15
120493,0.12
120494,0.245
120495,0.07
120496,0.085
120497,0.62
120498,0.2
120499,0.095
120500,0.325
120501,0.34
120502,0.02
120503,0.115
120504,0.045
120505,0.255
120506,0.115
120507,0.24
120508,0.16
120509,0.13
120510,0.705
120511,0.365
120512,0.17
120513,0.205
120514,0.365
120515,0.445
120516,0.34
120517,0.415
120518,0.315
120519,0.065
120520,0.26
120521,0.615
120522,0.865
120523,0.095
120524,0.36
120525,0.165
120526,0.045
120527,0.29
120528,0.19
120529,0.19
120530,0.355
120531,0.09
120532,0.695
120533,0.02
120534,0.045
120535,0.13
120536,0.32
120537,0.225
120538,0.12
120539,0.195
120540,0.255
120541,0.13
120542,0.12
120543,0.335
120544,0.07
120545,0.135
120546,0.4
120547,0.08
120548,0.165
120549,0.13
120550,0.325
120551,0.015
120552,0.105
120553,0.025
120554,0.66
120555,0.065
120556,0.165
120557,0.37
120558,0.01
120559,0.28
120560,0.095
120561,0.035
120562,0.135
120563,0.1
120564,0.2
120565,0.095
120566,0.605
120567,0.565
120568,0.01
120569,0.09
120570,0.49
120571,0.09
120572,0.13
120573,0.095
120574,0.26
120575,0.07
120576,0.715
120577,0.13
120578,0.605
120579,0.11
120580,0.245
120581,0.195
120582,0.27
120583,0.225
120584,0.41
120585,0.015
120586,0.02
120587,0.11
120588,0.245
120589,0.355
120590,0.71
120591,0.545
120592,0.385
120593,0.07
120594,0.34
120595,0.795
120596,0.025
120597,0.895
120598,0.01
120599,0.55
120600,0.155
120601,0.1
120602,0.74
120603,0.29
120604,0.205
120605,0.155
120606,0.13
120607,0.07
120608,0.555
120609,0.135
120610,0.275
120611,0.05
120612,0.095
120613,0.125
120614,0.25
120615,0.21
120616,0.08
120617,0.065
120618,0.955
120619,0.1
120620,0.015
120621,0.025
120622,0.195
120623,0.14
120624,0.005
120625,0.405
120626,0.065
120627,0.395
120628,0.1
120629,0.095
120630,0.15
120631,0.175
120632,0.06
120633,0.05
120634,0.355
120635,0.025
120636,0.01
120637,0.285
120638,0.13
120639,0.24
120640,0.29
120641,0.615
120642,0.475
120643,0.145
120644,0.085
120645,0.015
120646,0.64
120647,0.125
120648,0.07
120649,0.49
120650,0.065
120651,0.28
120652,0.56
120653,0.22
120654,0.1
120655,0.085
120656,0.01
120657,0.075
120658,0.065
120659,0.105
120660,0.335
120661,0.235
120662,0.225
120663,0.815
120664,0.59
120665,0.185
120666,0.04
120667,0.185
120668,0.055
120669,0.31
120670,0.1
120671,0.62
120672,0.195
120673,0.04
120674,0.18
120675,0.01
120676,0.225
120677,0.64
120678,0.475
120679,0.0
120680,0.4
120681,0.97
120682,0.13
120683,0.1
120684,0.14
120685,0.09
120686,0.045
120687,0.14
120688,0.19
120689,0.085
120690,0.02
120691,0.205
120692,0.49
120693,0.17
120694,0.07
120695,0.165
120696,0.155
120697,0.53
120698,0.025
120699,0.62
120700,0.1
120701,0.17
120702,0.04
120703,0.145
120704,0.555
120705,0.285
120706,0.2
120707,0.135
120708,0.085
120709,0.035
120710,0.335
120711,0.81
120712,0.06
120713,0.01
120714,0.13
120715,0.755
120716,0.02
120717,0.105
120718,0.105
120719,0.465
120720,0.56
120721,0.18
120722,0.07
120723,0.095
120724,0.06
120725,0.115
120726,0.06
120727,0.77
120728,0.63
120729,0.175
120730,0.075
120731,0.245
120732,0.22
120733,0.39
120734,0.18
120735,0.145
120736,0.865
120737,0.095
120738,0.075
120739,0.11
120740,0.21
120741,0.05
120742,0.285
120743,0.28
120744,0.31
120745,0.3
120746,0.115
120747,0.05
120748,0.175
120749,0.175
120750,0.225
120751,0.09
120752,0.26
120753,0.02
120754,0.11
120755,0.07
120756,0.255
120757,0.215
120758,0.525
120759,0.19
120760,0.085
120761,0.225
120762,0.42
120763,0.235
120764,0.215
120765,0.2
120766,0.015
120767,0.27
120768,0.075
120769,0.025
120770,0.315
120771,0.08
120772,0.255
120773,0.045
120774,0.48
120775,0.125
120776,0.275
120777,0.245
120778,0.12
120779,0.33
120780,0.585
120781,0.175
120782,0.755
120783,0.24
120784,0.56
120785,0.265
120786,0.11
120787,0.325
120788,0.385
120789,0.055
120790,0.095
120791,0.26
120792,0.095
120793,0.005
120794,0.48
120795,0.29
120796,0.055
120797,0.0
120798,0.08
120799,0.115
120800,0.015
120801,0.035
120802,0.235
120803,0.65
120804,0.21
120805,0.445
120806,0.695
120807,0.015
120808,0.22
120809,0.69
120810,0.125
120811,0.085
120812,0.155
120813,0.14
120814,0.095
120815,0.125
120816,0.125
120817,0.505
120818,0.045
120819,0.14
120820,0.115
120821,0.405
120822,0.435
120823,0.07
120824,0.43
120825,0.805
120826,0.18
120827,0.055
120828,0.095
120829,0.105
120830,0.515
120831,0.315
120832,0.15
120833,0.085
120834,0.115
120835,0.245
120836,0.05
120837,0.345
120838,0.535
120839,0.28
120840,0.095
120841,0.715
120842,0.48
120843,0.025
120844,0.08
120845,0.6
120846,0.22
120847,0.455
120848,0.045
120849,0.015
120850,0.27
120851,0.005
120852,0.055
120853,0.09
120854,0.07
120855,0.185
120856,0.11
120857,0.115
120858,0.115
120859,0.03
120860,0.07
120861,0.095
120862,0.54
120863,0.12
120864,0.12
120865,0.095
120866,0.11
120867,0.445
120868,0.145
120869,0.25
120870,0.27
120871,0.355
120872,0.21
120873,0.04
120874,0.065
120875,0.165
120876,0.34
120877,0.43
120878,0.1
120879,0.295
120880,0.11
120881,0.29
120882,0.59
120883,0.325
120884,0.095
120885,0.015
120886,0.02
120887,0.095
120888,0.335
120889,0.18
120890,0.04
120891,0.3
120892,0.105
120893,0.34
120894,0.295
120895,0.21
120896,0.225
120897,0.195
120898,0.495
120899,0.12
120900,0.125
120901,0.52
120902,0.04
120903,0.05
120904,0.095
120905,0.455
120906,0.175
120907,0.08
120908,0.26
120909,0.75
120910,0.05
120911,0.07
120912,0.035
120913,0.02
120914,0.205
120915,0.615
120916,0.105
120917,0.505
120918,0.245
120919,0.29
120920,0.255
120921,0.4
120922,0.065
120923,0.665
120924,0.135
120925,0.02
120926,0.005
120927,0.345
120928,0.39
120929,0.0
120930,0.36
120931,0.045
120932,0.135
120933,0.035
120934,0.18
120935,0.045
120936,0.07
120937,0.41
120938,0.305
120939,0.125
120940,0.335
120941,0.14
120942,0.07
120943,0.07
120944,0.21
120945,0.03
120946,0.31
120947,0.04
120948,0.24
120949,0.19
120950,0.03
120951,0.32
120952,0.14
120953,0.025
120954,0.42
120955,0.225
120956,0.27
120957,0.095
120958,0.015
120959,0.17
120960,0.275
120961,0.335
120962,0.26
120963,0.055
120964,0.6
120965,0.345
120966,0.4
120967,0.11
120968,0.055
120969,0.2
120970,0.04
120971,0.41
120972,0.395
120973,0.03
120974,0.105
120975,0.35
120976,0.19
120977,0.185
120978,0.035
120979,0.025
120980,0.725
120981,0.375
120982,0.205
120983,0.02
120984,0.8
120985,0.04
120986,0.245
120987,0.045
120988,0.535
120989,0.285
120990,0.75
120991,0.21
120992,0.23
120993,0.28
120994,0.03
120995,0.205
120996,0.03
120997,0.015
120998,0.005
120999,0.255
121000,0.01
121001,0.185
121002,0.065
121003,0.24
121004,0.44
121005,0.03
121006,0.13
121007,0.165
121008,0.095
121009,0.53
121010,0.54
121011,0.22
121012,0.2
121013,0.085
121014,0.03
121015,0.405
121016,0.02
121017,0.09
121018,0.845
121019,0.3
121020,0.1
121021,0.215
121022,0.395
121023,0.18
121024,0.3
121025,0.625
121026,0.11
121027,0.175
121028,0.455
121029,0.09
121030,0.08
121031,0.73
121032,0.06
121033,0.07
121034,0.155
121035,0.115
121036,0.265
121037,0.645
121038,0.455
121039,0.195
121040,0.225
121041,0.44
121042,0.69
121043,0.135
121044,0.445
121045,0.655
121046,0.045
121047,0.16
121048,0.14
121049,0.825
121050,0.055
121051,0.005
121052,0.13
121053,0.52
121054,0.06
121055,0.245
121056,0.26
121057,0.0
121058,0.05
121059,0.195
121060,0.815
121061,0.02
121062,0.12
121063,0.15
121064,0.055
121065,0.13
121066,0.105
121067,0.065
121068,0.33
121069,0.37
121070,0.035
121071,0.12
121072,0.045
121073,0.18
121074,0.065
121075,0.42
121076,0.21
121077,0.235
121078,0.48
121079,0.285
121080,0.74
121081,0.5
121082,0.0
121083,0.04
121084,0.385
121085,0.08
121086,0.135
121087,0.215
121088,0.41
121089,0.14
121090,0.01
121091,0.185
121092,0.195
121093,0.295
121094,0.025
121095,0.135
121096,0.18
121097,0.115
121098,0.43
121099,0.01
121100,0.59
121101,0.38
121102,0.37
121103,0.26
121104,0.15
121105,0.17
121106,0.095
121107,0.08
121108,0.19
121109,0.505
121110,0.13
121111,0.01
121112,0.255
121113,0.035
121114,0.165
121115,0.115
121116,0.485
121117,0.13
121118,0.305
121119,0.05
121120,0.005
121121,0.1
121122,0.25
121123,0.385
121124,0.065
121125,0.02
121126,0.14
121127,0.125
121128,0.125
121129,0.205
121130,0.1
121131,0.0
121132,0.21
121133,0.075
121134,0.02
121135,0.225
121136,0.695
121137,0.215
121138,0.04
121139,0.145
121140,0.03
121141,0.035
121142,0.145
121143,0.515
121144,0.14
121145,0.285
121146,0.105
121147,0.115
121148,0.74
121149,0.04
121150,0.205
121151,0.54
121152,0.005
121153,0.17
121154,0.02
121155,0.215
121156,0.345
121157,0.19
121158,0.165
121159,0.07
121160,0.195
121161,0.105
121162,0.115
121163,0.08
121164,0.11
121165,0.045
121166,0.165
121167,0.18
121168,0.115
121169,0.545
121170,0.075
121171,0.89
121172,0.015
121173,0.1
121174,0.27
121175,0.23
121176,0.105
121177,0.39
121178,0.315
121179,0.69
121180,0.02
121181,0.22
121182,0.155
121183,0.17
121184,0.085
121185,0.075
121186,0.08
121187,0.0
121188,0.18
121189,0.615
121190,0.47
121191,0.51
121192,0.145
121193,0.535
121194,0.66
121195,0.055
121196,0.4
121197,0.025
121198,0.04
121199,0.115
121200,0.575
121201,0.095
121202,0.025
121203,0.69
121204,0.42
121205,0.245
121206,0.065
121207,0.16
121208,0.025
121209,0.035
121210,0.045
121211,0.505
121212,0.08
121213,0.155
121214,0.0
121215,0.085
121216,0.07
121217,0.01
121218,0.07
121219,0.565
121220,0.56
121221,0.165
121222,0.28
121223,0.02
121224,0.1
121225,0.46
121226,0.065
121227,0.12
121228,0.675
121229,0.04
121230,0.1
121231,0.63
121232,0.075
121233,0.115
121234,0.16
121235,0.39
121236,0.155
121237,0.06
121238,0.295
121239,0.12
121240,0.48
121241,0.085
121242,0.025
121243,0.67
121244,0.845
121245,0.475
121246,0.3
121247,0.08
121248,0.075
121249,0.055
121250,0.06
121251,0.15
121252,0.19
121253,0.2
121254,0.515
121255,0.06
121256,0.005
121257,0.06
121258,0.155
121259,0.11
121260,0.085
121261,0.09
121262,0.15
121263,0.15
121264,0.03
121265,0.07
121266,0.375
121267,0.115
121268,0.61
121269,0.22
121270,0.01
121271,0.44
121272,0.645
121273,0.18
121274,0.125
121275,0.32
121276,0.18
121277,0.11
121278,0.02
121279,0.335
121280,0.065
121281,0.85
121282,0.005
121283,0.235
121284,0.36
121285,0.185
121286,0.355
121287,0.03
121288,0.1
121289,0.385
121290,0.085
121291,0.07
121292,0.185
121293,0.095
121294,0.6
121295,0.285
121296,0.055
121297,0.49
121298,0.745
121299,0.03
121300,0.25
121301,0.135
121302,0.03
121303,0.09
121304,0.02
121305,0.015
121306,0.075
121307,0.015
121308,0.04
121309,0.0
121310,0.13
121311,0.3
121312,0.085
121313,0.18
121314,0.47
121315,0.095
121316,0.2
121317,0.055
121318,0.415
121319,0.11
121320,0.1
121321,0.105
121322,0.095
121323,0.065
121324,0.165
121325,0.16
121326,0.2
121327,0.855
121328,0.31
121329,0.115
121330,0.185
121331,0.225
121332,0.54
121333,0.265
121334,0.11
121335,0.11
121336,0.085
121337,0.355
121338,0.085
121339,0.2
121340,0.32
121341,0.215
121342,0.965
121343,0.115
121344,0.03
121345,0.105
121346,0.06
121347,0.83
121348,0.02
121349,0.62
121350,0.475
121351,0.635
121352,0.055
121353,0.155
121354,0.145
121355,0.37
121356,0.385
121357,0.27
121358,0.735
121359,0.115
121360,0.24
121361,0.04
121362,0.155
121363,0.015
121364,0.325
121365,0.59
121366,0.16
121367,0.05
121368,0.04
121369,0.43
121370,0.15
121371,0.505
121372,0.11
121373,0.13
121374,0.21
121375,0.04
121376,0.1
121377,0.14
121378,0.125
121379,0.14
121380,0.08
121381,0.06
121382,0.19
121383,0.035
121384,0.02
121385,0.26
121386,0.005
121387,0.05
121388,0.175
121389,0.01
121390,0.205
121391,0.12
121392,0.165
121393,0.115
121394,0.07
121395,0.06
121396,0.155
121397,0.055
121398,0.075
121399,0.075
121400,0.455
121401,0.25
121402,0.365
121403,0.26
121404,0.78
121405,0.12
121406,0.29
121407,0.36
121408,0.065
121409,0.55
121410,0.075
121411,0.195
121412,0.055
121413,0.08
121414,0.395
121415,0.145
121416,0.36
121417,0.04
121418,0.135
121419,0.145
121420,0.025
121421,0.125
121422,0.46
121423,0.06
121424,0.11
121425,0.125
121426,0.04
121427,0.4
121428,0.2
121429,0.035
121430,0.32
121431,0.685
121432,0.025
121433,0.08
121434,0.135
121435,0.11
121436,0.09
121437,0.135
121438,0.095
121439,0.26
121440,0.285
121441,0.105
121442,0.345
121443,0.135
121444,0.245
121445,0.285
121446,0.115
121447,0.13
121448,0.405
121449,0.67
121450,0.115
121451,0.035
121452,0.08
121453,0.16
121454,0.34
121455,0.105
121456,0.07
121457,0.725
121458,0.04
121459,0.18
121460,0.235
121461,0.065
121462,0.09
121463,0.145
121464,0.135
121465,0.315
121466,0.34
121467,0.625
121468,0.115
121469,0.115
121470,0.495
121471,0.09
121472,0.055
121473,0.21
121474,0.255
121475,0.43
121476,0.06
121477,0.105
121478,0.19
121479,0.805
121480,0.035
121481,0.01
121482,0.485
121483,0.6
121484,0.21
121485,0.66
121486,0.83
121487,0.1
121488,0.15
121489,0.01
121490,0.255
121491,0.76
121492,0.265
121493,0.17
121494,0.045
121495,0.37
121496,0.42
121497,0.75
121498,0.105
121499,0.47
121500,0.53
121501,0.185
121502,0.14
121503,0.525
121504,0.005
121505,0.07
121506,0.76
121507,0.575
121508,0.65
121509,0.305
121510,0.125
121511,0.22
121512,0.15
121513,0.02
121514,0.16
121515,0.71
121516,0.135
121517,0.405
121518,0.05
121519,0.095
121520,0.86
121521,0.04
121522,0.165
121523,0.08
121524,0.36
121525,0.205
121526,0.09
121527,0.355
121528,0.235
121529,0.0
121530,0.815
121531,0.06
121532,0.2
121533,0.53
121534,0.055
121535,0.225
121536,0.165
121537,0.16
121538,0.01
121539,0.745
121540,0.34
121541,0.045
121542,0.06
121543,0.105
121544,0.255
121545,0.01
121546,0.23
121547,0.1
121548,0.65
121549,0.03
121550,0.16
121551,0.18
121552,0.155
121553,0.12
121554,0.06
121555,0.045
121556,0.04
121557,0.04
121558,0.28
121559,0.025
121560,0.45
121561,0.225
121562,0.015
121563,0.145
121564,0.115
121565,0.045
121566,0.035
121567,0.01
121568,0.07
121569,0.21
121570,0.135
121571,0.105
121572,0.085
121573,0.365
121574,0.31
121575,0.03
121576,0.13
121577,0.69
121578,0.215
121579,0.265
121580,0.225
121581,0.655
121582,0.08
121583,0.08
121584,0.135
121585,0.12
121586,0.14
121587,0.55
121588,0.015
121589,0.24
121590,0.255
121591,0.26
121592,0.025
121593,0.12
121594,0.065
121595,0.345
121596,0.01
121597,0.385
121598,0.145
121599,0.475
121600,0.285
121601,0.045
121602,0.07
121603,0.13
121604,0.155
121605,0.045
121606,0.09
121607,0.405
121608,0.3
121609,0.01
121610,0.325
121611,0.49
121612,0.27
121613,0.03
121614,0.175
121615,0.065
121616,0.415
121617,0.14
121618,0.125
121619,0.74
121620,0.17
121621,0.15
121622,0.395
121623,0.555
121624,0.55
121625,0.035
121626,0.025
121627,0.035
121628,0.41
121629,0.16
121630,0.1
121631,0.055
121632,0.15
121633,0.025
121634,0.185
121635,0.075
121636,0.08
121637,0.14
121638,0.365
121639,0.245
121640,0.095
121641,0.02
121642,0.595
121643,0.805
121644,0.41
121645,0.505
121646,0.235
121647,0.0
121648,0.01
121649,0.515
121650,0.04
121651,0.08
121652,0.11
121653,0.73
121654,0.035
121655,0.49
121656,0.1
121657,0.465
121658,0.17
121659,0.155
121660,0.685
121661,0.655
121662,0.29
121663,0.08
121664,0.145
121665,0.34
121666,0.0
121667,0.36
121668,0.03
121669,0.005
121670,0.235
121671,0.28
121672,0.3
121673,0.065
121674,0.41
121675,0.205
121676,0.115
121677,0.1
121678,0.21
121679,0.125
121680,0.21
121681,0.37
121682,0.085
121683,0.23
121684,0.38
121685,0.125
121686,0.07
121687,0.635
121688,0.105
121689,0.225
121690,0.095
121691,0.615
121692,0.605
121693,0.245
121694,0.595
121695,0.23
121696,0.315
121697,0.055
121698,0.62
121699,0.045
121700,0.615
121701,0.45
121702,0.215
121703,0.08
121704,0.38
121705,0.075
121706,0.675
121707,0.075
121708,0.095
121709,0.525
121710,0.08
121711,0.195
121712,0.645
121713,0.05
121714,0.215
121715,0.83
121716,0.01
121717,0.325
121718,0.815
121719,0.225
121720,0.105
121721,0.48
121722,0.055
121723,0.165
121724,0.36
121725,0.365
121726,0.02
121727,0.2
121728,0.115
121729,0.04
121730,0.515
121731,0.11
121732,0.025
121733,0.06
121734,0.02
121735,0.11
121736,0.56
121737,0.615
121738,0.185
121739,0.065
121740,0.17
121741,0.04
121742,0.085
121743,0.065
121744,0.115
121745,0.78
121746,0.37
121747,0.165
121748,0.085
121749,0.27
121750,0.025
121751,0.395
121752,0.32
121753,0.595
121754,0.29
121755,0.245
121756,0.42
121757,0.04
121758,0.195
121759,0.185
121760,0.045
121761,0.87
121762,0.22
121763,0.19
121764,0.385
121765,0.965
121766,0.725
121767,0.395
121768,0.175
121769,0.26
121770,0.02
121771,0.295
121772,0.04
121773,0.17
121774,0.105
121775,0.065
121776,0.085
121777,0.145
121778,0.145
121779,0.075
121780,0.75
121781,0.225
121782,0.015
121783,0.215
121784,0.125
121785,0.08
121786,0.0
121787,0.115
121788,0.64
121789,0.165
121790,0.73
121791,0.495
121792,0.35
121793,0.145
121794,0.84
121795,0.125
121796,0.06
121797,0.1
121798,0.29
121799,0.11
121800,0.015
121801,0.145
121802,0.14
121803,0.07
121804,0.25
121805,0.055
121806,0.08
121807,0.07
121808,0.155
121809,0.085
121810,0.135
121811,0.11
121812,0.34
121813,0.04
121814,0.02
121815,0.08
121816,0.725
121817,0.235
121818,0.13
121819,0.095
121820,0.455
121821,0.015
121822,0.31
121823,0.55
121824,0.605
121825,0.045
121826,0.1
121827,0.04
121828,0.55
121829,0.085
121830,0.08
121831,0.54
121832,0.035
121833,0.32
121834,0.075
121835,0.075
121836,0.295
121837,0.485
121838,0.135
121839,0.07
121840,0.095
121841,0.09
121842,0.135
121843,0.225
121844,0.05
121845,0.355
121846,0.0
121847,0.28
121848,0.455
121849,0.15
121850,0.04
121851,0.245
121852,0.135
121853,0.04
121854,0.2
121855,0.025
121856,0.11
121857,0.02
121858,0.255
121859,0.105
121860,0.35
121861,0.405
121862,0.51
121863,0.16
121864,0.075
121865,0.645
121866,0.27
121867,0.29
121868,0.11
121869,0.055
121870,0.1
121871,0.08
121872,0.295
121873,0.535
121874,0.0
121875,0.27
121876,0.045
121877,0.25
121878,0.155
121879,0.115
121880,0.055
121881,0.015
121882,0.115
121883,0.165
121884,0.165
121885,0.79
121886,0.52
121887,0.01
121888,0.09
121889,0.19
121890,0.05
121891,0.66
121892,0.065
121893,0.005
121894,0.265
121895,0.285
121896,0.185
121897,0.21
121898,0.19
121899,0.195
121900,0.16
121901,0.06
121902,0.445
121903,0.25
121904,0.065
121905,0.505
121906,0.075
121907,0.635
121908,0.6
121909,0.67
121910,0.08
121911,0.34
121912,0.135
121913,0.47
121914,0.27
121915,0.42
121916,0.06
121917,0.07
121918,0.135
121919,0.035
121920,0.035
121921,0.33
121922,0.245
121923,0.44
121924,0.255
121925,0.175
121926,0.335
121927,0.0
121928,0.125
121929,0.115
121930,0.125
121931,0.225
121932,0.025
121933,0.1
121934,0.085
121935,0.045
121936,0.325
121937,0.16
121938,0.015
121939,0.33
121940,0.12
121941,0.46
121942,0.045
121943,0.01
121944,0.94
121945,0.475
121946,0.265
121947,0.015
121948,0.185
121949,0.07
121950,0.095
121951,0.06
121952,0.115
121953,0.73
121954,0.1
121955,0.53
121956,0.25
121957,0.21
121958,0.045
121959,0.2
121960,0.08
121961,0.39
121962,0.195
121963,0.685
121964,0.11
121965,0.17
121966,0.595
121967,0.365
121968,0.135
121969,0.065
121970,0.01
121971,0.07
121972,0.105
121973,0.04
121974,0.39
121975,0.055
121976,0.17
121977,0.185
121978,0.395
121979,0.745
121980,0.3
121981,0.05
121982,0.28
121983,0.775
121984,0.08
121985,0.175
121986,0.075
121987,0.76
121988,0.13
121989,0.14
121990,0.075
121991,0.09
121992,0.025
121993,0.64
121994,0.065
121995,0.715
121996,0.02
121997,0.025
121998,0.19
121999,0.225
122000,0.415
122001,0.045
122002,0.035
122003,0.055
122004,0.51
122005,0.16
122006,0.03
122007,0.385
122008,0.475
122009,0.085
122010,0.725
122011,0.12
122012,0.19
122013,0.065
122014,0.45
122015,0.565
122016,0.025
122017,0.085
122018,0.535
122019,0.675
122020,0.135
122021,0.155
122022,0.125
122023,0.03
122024,0.125
122025,0.06
122026,0.165
122027,0.21
122028,0.16
122029,0.445
122030,0.135
122031,0.3
122032,0.31
122033,0.065
122034,0.155
122035,0.6
122036,0.035
122037,0.04
122038,0.075
122039,0.14
122040,0.805
122041,0.05
122042,0.08
122043,0.17
122044,0.29
122045,0.205
122046,0.11
122047,0.305
122048,0.1
122049,0.07
122050,0.77
122051,0.195
122052,0.245
122053,0.125
122054,0.195
122055,0.385
122056,0.0
122057,0.205
122058,0.06
122059,0.635
122060,0.145
122061,0.16
122062,0.075
122063,0.48
122064,0.085
122065,0.195
122066,0.165
122067,0.52
122068,0.185
122069,0.41
122070,0.12
122071,0.26
122072,0.485
122073,0.04
122074,0.135
122075,0.105
122076,0.88
122077,0.205
122078,0.14
122079,0.055
122080,0.025
122081,0.27
122082,0.245
122083,0.37
122084,0.115
122085,0.235
122086,0.48
122087,0.405
122088,0.29
122089,0.765
122090,0.23
122091,0.085
122092,0.195
122093,0.19
122094,0.06
122095,0.17
122096,0.03
122097,0.03
122098,0.225
122099,0.81
122100,0.09
122101,0.11
122102,0.055
122103,0.085
122104,0.105
122105,0.045
122106,0.27
122107,0.075
122108,0.31
122109,0.39
122110,0.0
122111,0.67
122112,0.23
122113,0.2
122114,0.495
122115,0.085
122116,0.16
122117,0.11
122118,0.31
122119,0.055
122120,0.04
122121,0.06
122122,0.68
122123,0.045
122124,0.48
122125,0.2
122126,0.66
122127,0.015
122128,0.265
122129,0.135
122130,0.0
122131,0.055
122132,0.12
122133,0.04
122134,0.345
122135,0.215
122136,0.07
122137,0.075
122138,0.125
122139,0.295
122140,0.255
122141,0.03
122142,0.185
122143,0.035
122144,0.085
122145,0.775
122146,0.2
122147,0.175
122148,0.085
122149,0.105
122150,0.31
122151,0.1
122152,0.03
122153,0.22
122154,0.555
122155,0.225
122156,0.395
122157,0.365
122158,0.06
122159,0.05
122160,0.51
122161,0.125
122162,0.105
122163,0.02
122164,0.07
122165,0.145
122166,0.005
122167,0.355
122168,0.12
122169,0.09
122170,0.37
122171,0.11
122172,0.09
122173,0.14
122174,0.085
122175,0.255
122176,0.345
122177,0.015
122178,0.07
122179,0.5
122180,0.035
122181,0.855
122182,0.215
122183,0.175
122184,0.435
122185,0.245
122186,0.125
122187,0.235
122188,0.075
122189,0.115
122190,0.135
122191,0.41
122192,0.275
122193,0.18
122194,0.5
122195,0.155
122196,0.505
122197,0.125
122198,0.11
122199,0.295
122200,0.1
122201,0.415
122202,0.19
122203,0.355
122204,0.51
122205,0.085
122206,0.22
122207,0.135
122208,0.56
122209,0.1
122210,0.15
122211,0.0
122212,0.13
122213,0.055
122214,0.7
122215,0.16
122216,0.16
122217,0.17
122218,0.01
122219,0.05
122220,0.035
122221,0.525
122222,0.125
122223,0.235
122224,0.06
122225,0.67
122226,0.045
122227,0.055
122228,0.005
122229,0.265
122230,0.215
122231,0.195
122232,0.215
122233,0.035
122234,0.065
122235,0.91
122236,0.36
122237,0.715
122238,0.205
122239,0.08
122240,0.125
122241,0.735
122242,0.07
122243,0.82
122244,0.345
122245,0.825
122246,0.19
122247,0.235
122248,0.255
122249,0.43
122250,0.03
122251,0.39
122252,0.44
122253,0.94
122254,0.13
122255,0.36
122256,0.83
122257,0.21
122258,0.07
122259,0.275
122260,0.05
122261,0.48
122262,0.005
122263,0.75
122264,0.235
122265,0.33
122266,0.365
122267,0.05
122268,0.19
122269,0.005
122270,0.04
122271,0.33
122272,0.615
122273,0.085
122274,0.195
122275,0.19
122276,0.21
122277,0.135
122278,0.035
122279,0.22
122280,0.535
122281,0.275
122282,0.1
122283,0.15
122284,0.035
122285,0.08
122286,0.12
122287,0.085
122288,0.145
122289,0.085
122290,0.95
122291,0.11
122292,0.145
122293,0.21
122294,0.1
122295,0.13
122296,0.22
122297,0.09
122298,0.435
122299,0.06
122300,0.085
122301,0.13
122302,0.115
122303,0.035
122304,0.05
122305,0.285
122306,0.085
122307,0.75
122308,0.03
122309,0.04
122310,0.13
122311,0.02
122312,0.105
122313,0.02
122314,0.17
122315,0.045
122316,0.1
122317,0.005
122318,0.065
122319,0.065
122320,0.18
122321,0.59
122322,0.17
122323,0.085
122324,0.435
122325,0.005
122326,0.435
122327,0.72
122328,0.17
122329,0.765
122330,0.315
122331,0.19
122332,0.15
122333,0.15
122334,0.19
122335,0.115
122336,0.315
122337,0.07
122338,0.025
122339,0.085
122340,0.005
122341,0.275
122342,0.075
122343,0.08
122344,0.135
122345,0.605
122346,0.025
122347,0.255
122348,0.165
122349,0.245
122350,0.62
122351,0.09
122352,0.07
122353,0.085
122354,0.265
122355,0.43
122356,0.045
122357,0.08
122358,0.25
122359,0.15
122360,0.08
122361,0.15
122362,0.105
122363,0.11
122364,0.06
122365,0.14
122366,0.095
122367,0.045
122368,0.7
122369,0.095
122370,0.01
122371,0.295
122372,0.04
122373,0.505
122374,0.14
122375,0.12
122376,0.06
122377,0.08
122378,0.115
122379,0.155
122380,0.795
122381,0.245
122382,0.135
122383,0.045
122384,0.115
122385,0.21
122386,0.045
122387,0.165
122388,0.195
122389,0.175
122390,0.345
122391,0.205
122392,0.14
122393,0.245
122394,0.04
122395,0.17
122396,0.13
122397,0.105
122398,0.22
122399,0.175
122400,0.05
122401,0.075
122402,0.8
122403,0.28
122404,0.13
122405,0.185
122406,0.09
122407,0.195
122408,0.0
122409,0.06
122410,0.055
122411,0.245
122412,0.945
122413,0.385
122414,0.135
122415,0.015
122416,0.73
122417,0.215
122418,0.73
122419,0.19
122420,0.15
122421,0.125
122422,0.33
122423,0.05
122424,0.095
122425,0.255
122426,0.04
122427,0.21
122428,0.16
122429,0.165
122430,0.685
122431,0.06
122432,0.295
122433,0.605
122434,0.195
122435,0.435
122436,0.305
122437,0.12
122438,0.155
122439,0.01
122440,0.095
122441,0.43
122442,0.14
122443,0.77
122444,0.055
122445,0.075
122446,0.175
122447,0.105
122448,0.145
122449,0.14
122450,0.155
122451,0.225
122452,0.115
122453,0.095
122454,0.065
122455,0.26
122456,0.02
122457,0.105
122458,0.1
122459,0.03
122460,0.51
122461,0.21
122462,0.18
122463,0.35
122464,0.065
122465,0.9
122466,0.1
122467,0.04
122468,0.125
122469,0.24
122470,0.245
122471,0.55
122472,0.12
122473,0.31
122474,0.28
122475,0.15
122476,0.235
122477,0.305
122478,0.3
122479,0.075
122480,0.19
122481,0.21
122482,0.06
122483,0.105
122484,0.165
122485,0.16
122486,0.14
122487,0.02
122488,0.21
122489,0.615
122490,0.155
122491,0.54
122492,0.035
122493,0.19
122494,0.215
122495,0.145
122496,0.25
122497,0.7
122498,0.105
122499,0.225
122500,0.32
122501,0.04
122502,0.4
122503,0.9
122504,0.185
122505,0.26
122506,0.705
122507,0.02
122508,0.67
122509,0.845
122510,0.245
122511,0.025
122512,0.125
122513,0.045
122514,0.225
122515,0.215
122516,0.04
122517,0.38
122518,0.325
122519,0.275
122520,0.115
122521,0.145
122522,0.18
122523,0.735
122524,0.075
122525,0.33
122526,0.09
122527,0.025
122528,0.285
122529,0.97
122530,0.06
122531,0.11
122532,0.585
122533,0.415
122534,0.24
122535,0.15
122536,0.055
122537,0.165
122538,0.085
122539,0.07
122540,0.815
122541,0.375
122542,0.245
122543,0.125
122544,0.35
122545,0.37
122546,0.355
122547,0.235
122548,0.09
122549,0.09
122550,0.385
122551,0.035
122552,0.115
122553,0.545
122554,0.285
122555,0.025
122556,0.255
122557,0.135
122558,0.555
122559,0.025
122560,0.045
122561,0.19
122562,0.38
122563,0.135
122564,0.06
122565,0.545
122566,0.565
122567,0.735
122568,0.02
122569,0.305
122570,0.15
122571,0.055
122572,0.075
122573,0.155
122574,0.125
122575,0.305
122576,0.1
122577,0.235
122578,0.085
122579,0.025
122580,0.035
122581,0.48
122582,0.19
122583,0.82
122584,0.36
122585,0.02
122586,0.19
122587,0.37
122588,0.25
122589,0.92
122590,0.015
122591,0.09
122592,0.175
122593,0.06
122594,0.315
122595,0.215
122596,0.245
122597,0.0
122598,0.455
122599,0.05
122600,0.4
122601,0.28
122602,0.335
122603,0.06
122604,0.125
122605,0.475
122606,0.375
122607,0.32
122608,0.715
122609,0.625
122610,0.035
122611,0.09
122612,0.095
122613,0.825
122614,0.265
122615,0.105
122616,0.705
122617,0.05
122618,0.005
122619,0.13
122620,0.02
122621,0.11
122622,0.22
122623,0.285
122624,0.27
122625,0.16
122626,0.175
122627,0.055
122628,0.085
122629,0.91
122630,0.63
122631,0.005
122632,0.445
122633,0.195
122634,0.165
122635,0.55
122636,0.17
122637,0.165
122638,0.17
122639,0.535
122640,0.08
122641,0.08
122642,0.675
122643,0.195
122644,0.175
122645,0.17
122646,0.305
122647,0.025
122648,0.07
122649,0.405
122650,0.085
122651,0.23
122652,0.06
122653,0.19
122654,0.19
122655,0.21
122656,0.28
122657,0.235
122658,0.085
122659,0.15
122660,0.185
122661,0.09
122662,0.19
122663,0.035
122664,0.05
122665,0.045
122666,0.195
122667,0.415
122668,0.17
122669,0.145
122670,0.255
122671,0.185
122672,0.095
122673,0.05
122674,0.02
122675,0.285
122676,0.825
122677,0.115
122678,0.065
122679,0.825
122680,0.21
122681,0.02
122682,0.155
122683,0.405
122684,0.71
122685,0.16
122686,0.0
122687,0.11
122688,0.455
122689,0.17
122690,0.045
122691,0.245
122692,0.005
122693,0.11
122694,0.13
122695,0.43
122696,0.47
122697,0.195
122698,0.13
122699,0.09
122700,0.065
122701,0.075
122702,0.025
122703,0.135
122704,0.04
122705,0.49
122706,0.55
122707,0.175
122708,0.13
122709,0.105
122710,0.245
122711,0.12
122712,0.22
122713,0.11
122714,0.235
122715,0.335
122716,0.095
122717,0.42
122718,0.075
122719,0.05
122720,0.025
122721,0.14
122722,0.085
122723,0.03
122724,0.13
122725,0.085
122726,0.66
122727,0.185
122728,0.17
122729,0.12
122730,0.155
122731,0.075
122732,0.07
122733,0.005
122734,0.185
122735,0.065
122736,0.105
122737,0.255
122738,0.015
122739,0.125
122740,0.085
122741,0.02
122742,0.14
122743,0.19
122744,0.34
122745,0.17
122746,0.095
122747,0.28
122748,0.12
122749,0.275
122750,0.04
122751,0.125
122752,0.3
122753,0.045
122754,0.13
122755,0.295
122756,0.245
122757,0.03
122758,0.08
122759,0.255
122760,0.53
122761,0.24
122762,0.36
122763,0.37
122764,0.005
122765,0.54
122766,0.065
122767,0.385
122768,0.165
122769,0.295
122770,0.145
122771,0.13
122772,0.095
122773,0.67
122774,0.545
122775,0.07
122776,0.02
122777,0.395
122778,0.36
122779,0.045
122780,0.01
122781,0.16
122782,0.5
122783,0.145
122784,0.21
122785,0.015
122786,0.06
122787,0.57
122788,0.59
122789,0.125
122790,0.06
122791,0.205
122792,0.02
122793,0.79
122794,0.03
122795,0.305
122796,0.14
122797,0.02
122798,0.81
122799,0.415
122800,0.25
122801,0.465
122802,0.195
122803,0.005
122804,0.02
122805,0.185
122806,0.13
122807,0.065
122808,0.1
122809,0.02
122810,0.06
122811,0.115
122812,0.375
122813,0.13
122814,0.175
122815,0.105
122816,0.24
122817,0.185
122818,0.095
122819,0.255
122820,0.175
122821,0.71
122822,0.515
122823,0.105
122824,0.255
122825,0.155
122826,0.065
122827,0.58
122828,0.205
122829,0.205
122830,0.07
122831,0.55
122832,0.345
122833,0.05
122834,0.88
122835,0.09
122836,0.195
122837,0.095
122838,0.22
122839,0.435
122840,0.8
122841,0.115
122842,0.11
122843,0.16
122844,0.115
122845,0.33
122846,0.54
122847,0.08
122848,0.115
122849,0.74
122850,0.135
122851,0.37
122852,0.01
122853,0.07
122854,0.125
122855,0.065
122856,0.595
122857,0.125
122858,0.035
122859,0.34
122860,0.1
122861,0.405
122862,0.285
122863,0.69
122864,0.77
122865,0.1
122866,0.685
122867,0.075
122868,0.14
122869,0.005
122870,0.19
122871,0.03
122872,0.025
122873,0.59
122874,0.89
122875,0.505
122876,0.255
122877,0.14
122878,0.61
122879,0.11
122880,0.445
122881,0.03
122882,0.255
122883,0.87
122884,0.165
122885,0.19
122886,0.07
122887,0.025
122888,0.095
122889,0.12
122890,0.07
122891,0.175
122892,0.235
122893,0.115
122894,0.34
122895,0.36
122896,0.575
122897,0.145
122898,0.115
122899,0.125
122900,0.585
122901,0.07
122902,0.24
122903,0.115
122904,0.54
122905,0.26
122906,0.205
122907,0.01
122908,0.145
122909,0.275
122910,0.635
122911,0.16
122912,0.265
122913,0.055
122914,0.03
122915,0.12
122916,0.34
122917,0.105
122918,0.005
122919,0.17
122920,0.005
122921,0.115
122922,0.085
122923,0.185
122924,0.075
122925,0.26
122926,0.305
122927,0.305
122928,0.41
122929,0.16
122930,0.72
122931,0.145
122932,0.03
122933,0.985
122934,0.165
122935,0.39
122936,0.14
122937,0.175
122938,0.08
122939,0.94
122940,0.665
122941,0.065
122942,0.035
122943,0.545
122944,0.25
122945,0.48
122946,0.185
122947,0.125
122948,0.03
122949,0.935
122950,0.105
122951,0.07
122952,0.22
122953,0.085
122954,0.1
122955,0.09
122956,0.335
122957,0.195
122958,0.355
122959,0.265
122960,0.24
122961,0.125
122962,0.075
122963,0.16
122964,0.06
122965,0.025
122966,0.135
122967,0.5
122968,0.165
122969,0.07
122970,0.05
122971,0.06
122972,0.05
122973,0.04
122974,0.24
122975,0.31
122976,0.3
122977,0.09
122978,0.11
122979,0.31
122980,0.12
122981,0.085
122982,0.36
122983,0.14
122984,0.115
122985,0.29
122986,0.015
122987,0.19
122988,0.17
122989,0.15
122990,0.7
122991,0.035
122992,0.15
122993,0.135
122994,0.1
122995,0.075
122996,0.195
122997,0.045
122998,0.725
122999,0.11
123000,0.095
123001,0.035
123002,0.065
123003,0.51
123004,0.055
123005,0.055
123006,0.035
123007,0.585
123008,0.22
123009,0.685
123010,0.505
123011,0.26
123012,0.045
123013,0.04
123014,0.23
123015,0.065
123016,0.115
123017,0.115
123018,0.08
123019,0.5
123020,0.17
123021,0.255
123022,0.27
123023,0.4
123024,0.005
123025,0.16
123026,0.105
123027,0.68
123028,0.19
123029,0.16
123030,0.29
123031,0.115
123032,0.1
123033,0.03
123034,0.295
123035,0.06
123036,0.11
123037,0.285
123038,0.01
123039,0.325
123040,0.105
123041,0.885
123042,0.075
123043,0.145
123044,0.81
123045,0.015
123046,0.045
123047,0.23
123048,0.035
123049,0.17
123050,0.08
123051,0.57
123052,0.255
123053,0.16
123054,0.035
123055,0.1
123056,0.15
123057,0.075
123058,0.165
123059,0.27
123060,0.0
123061,0.07
123062,0.57
123063,0.355
123064,0.19
123065,0.715
123066,0.48
123067,0.13
123068,0.175
123069,0.53
123070,0.06
123071,0.035
123072,0.365
123073,0.07
123074,0.185
123075,0.115
123076,0.67
123077,0.695
123078,0.38
123079,0.0
123080,0.215
123081,0.25
123082,0.015
123083,0.21
123084,0.325
123085,0.185
123086,0.07
123087,0.09
123088,0.0
123089,0.24
123090,0.12
123091,0.545
123092,0.085
123093,0.455
123094,0.05
123095,0.065
123096,0.05
123097,0.305
123098,0.02
123099,0.22
123100,0.455
123101,0.65
123102,0.035
123103,0.495
123104,0.035
123105,0.085
123106,0.03
123107,0.215
123108,0.15
123109,0.06
123110,0.29
123111,0.5
123112,0.2
123113,0.065
123114,0.275
123115,0.175
123116,0.17
123117,0.04
123118,0.655
123119,0.255
123120,0.055
123121,0.0
123122,0.415
123123,0.06
123124,0.09
123125,0.045
123126,0.055
123127,0.16
123128,0.29
123129,0.515
123130,0.07
123131,0.535
123132,0.255
123133,0.36
123134,0.24
123135,0.135
123136,0.055
123137,0.015
123138,0.955
123139,0.17
123140,0.105
123141,0.035
123142,0.15
123143,0.525
123144,0.185
123145,0.25
123146,0.09
123147,0.27
123148,0.05
123149,0.025
123150,0.03
123151,0.145
123152,0.37
123153,0.13
123154,0.23
123155,0.195
123156,0.165
123157,0.73
123158,0.47
123159,0.13
123160,0.155
123161,0.05
123162,0.035
123163,0.065
123164,0.115
123165,0.17
123166,0.245
123167,0.19
123168,0.145
123169,0.805
123170,0.08
123171,0.06
123172,0.185
123173,0.115
123174,0.115
123175,0.6
123176,0.095
123177,0.055
123178,0.185
123179,0.005
123180,0.245
123181,0.245
123182,0.755
123183,0.705
123184,0.015
123185,0.705
123186,0.055
123187,0.0
123188,0.105
123189,0.03
123190,0.255
123191,0.175
123192,0.06
123193,0.25
123194,0.07
123195,0.225
123196,0.75
123197,0.03
123198,0.42
123199,0.04
123200,0.31
123201,0.08
123202,0.2
123203,0.13
123204,0.12
123205,0.195
123206,0.21
123207,0.045
123208,0.34
123209,0.07
123210,0.105
123211,0.605
123212,0.14
123213,0.345
123214,0.37
123215,0.215
123216,0.03
123217,0.02
123218,0.275
123219,0.52
123220,0.22
123221,0.28
123222,0.1
123223,0.125
123224,0.215
123225,0.03
123226,0.75
123227,0.275
123228,0.025
123229,0.205
123230,0.155
123231,0.705
123232,0.14
123233,0.055
123234,0.58
123235,0.31
123236,0.025
123237,0.39
123238,0.21
123239,0.37
123240,0.025
123241,0.65
123242,0.115
123243,0.345
123244,0.11
123245,0.2
123246,0.15
123247,0.37
123248,0.98
123249,0.06
123250,0.5
123251,0.02
123252,0.34
123253,0.01
123254,0.16
123255,0.22
123256,0.09
123257,0.365
123258,0.135
123259,0.585
123260,0.355
123261,0.585
123262,0.065
123263,0.36
123264,0.025
123265,0.21
123266,0.025
123267,0.33
123268,0.31
123269,0.035
123270,0.075
123271,0.095
123272,0.11
123273,0.35
123274,0.225
123275,0.65
123276,0.135
123277,0.005
123278,0.15
123279,0.07
123280,0.255
123281,0.09
123282,0.295
123283,0.105
123284,0.145
123285,0.07
123286,0.11
123287,0.615
123288,0.22
123289,0.08
123290,0.305
123291,0.325
123292,0.405
123293,0.035
123294,0.135
123295,0.1
123296,0.105
123297,0.01
123298,0.475
123299,0.065
123300,0.38
123301,0.065
123302,0.69
123303,0.115
123304,0.03
123305,0.075
123306,0.105
123307,0.155
123308,0.295
123309,0.03
123310,0.035
123311,0.38
123312,0.025
123313,0.025
123314,0.175
123315,0.05
123316,0.125
123317,0.075
123318,0.3
123319,0.16
123320,0.375
123321,0.23
123322,0.05
123323,0.38
123324,0.715
123325,0.1
123326,0.055
123327,0.155
123328,0.06
123329,0.315
123330,0.315
123331,0.58
123332,0.235
123333,0.165
123334,0.145
123335,0.745
123336,0.95
123337,0.455
123338,0.07
123339,0.12
123340,0.135
123341,0.525
123342,0.565
123343,0.15
123344,0.05
123345,0.7
123346,0.06
123347,0.31
123348,0.185
123349,0.13
123350,0.93
123351,0.175
123352,0.135
123353,0.17
123354,0.14
123355,0.6
123356,0.14
123357,0.09
123358,0.085
123359,0.585
123360,0.37
123361,0.06
123362,0.06
123363,0.405
123364,0.055
123365,0.795
123366,0.045
123367,0.305
123368,0.07
123369,0.27
123370,0.19
123371,0.22
123372,0.01
123373,0.6
123374,0.23
123375,0.03
123376,0.275
123377,0.495
123378,0.055
123379,0.05
123380,0.52
123381,0.81
123382,0.255
123383,0.185
123384,0.15
123385,0.475
123386,0.3
123387,0.175
123388,0.045
123389,0.685
123390,0.32
123391,0.29
123392,0.435
123393,0.23
123394,0.045
123395,0.02
123396,0.025
123397,0.215
123398,0.105
123399,0.215
123400,0.0
123401,0.295
123402,0.075
123403,0.0
123404,0.52
123405,0.36
123406,0.165
123407,0.235
123408,0.655
123409,0.02
123410,0.105
123411,0.16
123412,0.16
123413,0.165
123414,0.06
123415,0.15
123416,0.045
123417,0.1
123418,0.04
123419,0.785
123420,0.22
123421,0.0
123422,0.05
123423,0.33
123424,0.1
123425,0.33
123426,0.415
123427,0.355
123428,0.595
123429,0.105
123430,0.06
123431,0.085
123432,0.525
123433,0.41
123434,0.62
123435,0.755
123436,0.18
123437,0.64
123438,0.105
123439,0.395
123440,0.18
123441,0.185
123442,0.26
123443,0.165
123444,0.0
123445,0.22
123446,0.035
123447,0.025
123448,0.31
123449,0.575
123450,0.09
123451,0.04
123452,0.015
123453,0.295
123454,0.075
123455,0.085
123456,0.44
123457,0.365
123458,0.36
123459,0.03
123460,0.185
123461,0.25
123462,0.05
123463,0.82
123464,0.07
123465,0.19
123466,0.15
123467,0.37
123468,0.06
123469,0.24
123470,0.37
123471,0.015
123472,0.055
123473,0.29
123474,0.075
123475,0.185
123476,0.305
123477,0.015
123478,0.035
123479,0.79
123480,0.125
123481,0.035
123482,0.11
123483,0.105
123484,0.57
123485,0.17
123486,0.08
123487,0.115
123488,0.21
123489,0.055
123490,0.58
123491,0.24
123492,0.0
123493,0.1
123494,0.33
123495,0.125
123496,0.05
123497,0.43
123498,0.065
123499,0.49
123500,0.11
123501,0.115
123502,0.16
123503,0.17
123504,0.205
123505,0.185
123506,0.115
123507,0.52
123508,0.03
123509,0.155
123510,0.22
123511,0.14
123512,0.515
123513,0.055
123514,0.665
123515,0.11
123516,0.595
123517,0.31
123518,0.11
123519,0.355
123520,0.055
123521,0.305
123522,0.13
123523,0.135
123524,0.09
123525,0.13
123526,0.015
123527,0.22
123528,0.315
123529,0.48
123530,0.05
123531,0.16
123532,0.67
123533,0.155
123534,0.5
123535,0.48
123536,0.17
123537,0.255
123538,0.095
123539,0.73
123540,0.135
123541,0.32
123542,0.08
123543,0.2
123544,0.15
123545,0.085
123546,0.39
123547,0.83
123548,0.665
123549,0.115
123550,0.715
123551,0.17
123552,0.165
123553,0.705
123554,0.42
123555,0.1
123556,0.41
123557,0.49
123558,0.085
123559,0.18
123560,0.055
123561,0.525
123562,0.17
123563,0.025
123564,0.02
123565,0.23
123566,0.105
123567,0.1
123568,0.115
123569,0.04
123570,0.095
123571,0.23
123572,0.455
123573,0.73
123574,0.02
123575,0.155
123576,0.185
123577,0.29
123578,0.145
123579,0.09
123580,0.31
123581,0.05
123582,0.135
123583,0.14
123584,0.045
123585,0.59
123586,0.11
123587,0.095
123588,0.05
123589,0.24
123590,0.455
123591,0.14
123592,0.09
123593,0.115
123594,0.26
123595,0.255
123596,0.155
123597,0.085
123598,0.045
123599,0.315
123600,0.14
123601,0.41
123602,0.72
123603,0.34
123604,0.01
123605,0.055
123606,0.19
123607,0.945
123608,0.09
123609,0.075
123610,0.44
123611,0.335
123612,0.295
123613,0.48
123614,0.11
123615,0.185
123616,0.1
123617,0.08
123618,0.01
123619,0.14
123620,0.09
123621,0.03
123622,0.275
123623,0.405
123624,0.37
123625,0.49
123626,0.305
123627,0.09
123628,0.175
123629,0.125
123630,0.115
123631,0.125
123632,0.07
123633,0.13
123634,0.75
123635,0.325
123636,0.26
123637,0.785
123638,0.14
123639,0.14
123640,0.035
123641,0.17
123642,0.12
123643,0.705
123644,0.43
123645,0.07
123646,0.015
123647,0.095
123648,0.11
123649,0.03
123650,0.07
123651,0.355
123652,0.13
123653,0.42
123654,0.18
123655,0.04
123656,0.205
123657,0.145
123658,0.145
123659,0.035
123660,0.055
123661,0.075
123662,0.025
123663,0.065
123664,0.1
123665,0.54
123666,0.125
123667,0.02
123668,0.2
123669,0.115
123670,0.14
123671,0.095
123672,0.055
123673,0.265
123674,0.475
123675,0.12
123676,0.79
123677,0.0
123678,0.21
123679,0.07
123680,0.13
123681,0.495
123682,0.36
123683,0.605
123684,0.22
123685,0.1
123686,0.055
123687,0.19
123688,0.095
123689,0.02
123690,0.015
123691,0.24
123692,0.23
123693,0.275
123694,0.34
123695,0.61
123696,0.04
123697,0.14
123698,0.03
123699,0.175
123700,0.035
123701,0.235
123702,0.11
123703,0.225
123704,0.275
123705,0.21
123706,0.435
123707,0.225
123708,0.94
123709,0.03
123710,0.06
123711,0.22
123712,0.235
123713,0.295
123714,0.085
123715,0.14
123716,0.055
123717,0.08
123718,0.625
123719,0.285
123720,0.505
123721,0.055
123722,0.135
123723,0.05
123724,0.155
123725,0.1
123726,0.08
123727,0.025
123728,0.265
123729,0.02
123730,0.205
123731,0.14
123732,0.26
123733,0.095
123734,0.18
123735,0.29
123736,0.185
123737,0.53
123738,0.21
123739,0.115
123740,0.795
123741,0.165
123742,0.0
123743,0.06
123744,0.28
123745,0.085
123746,0.415
123747,0.16
123748,0.185
123749,0.005
123750,0.45
123751,0.17
123752,0.21
123753,0.62
123754,0.205
123755,0.05
123756,0.045
123757,0.16
123758,0.035
123759,0.14
123760,0.04
123761,0.08
123762,0.72
123763,0.83
123764,0.205
123765,0.275
123766,0.115
123767,0.26
123768,0.12
123769,0.035
123770,0.025
123771,0.155
123772,0.135
123773,0.685
123774,0.29
123775,0.29
123776,0.45
123777,0.165
123778,0.055
123779,0.085
123780,0.095
123781,0.08
123782,0.41
123783,0.19
123784,0.28
123785,0.07
123786,0.075
123787,0.58
123788,0.3
123789,0.155
123790,0.04
123791,0.065
123792,0.145
123793,0.79
123794,0.165
123795,0.215
123796,0.06
123797,0.18
123798,0.555
123799,0.42
123800,0.285
123801,0.165
123802,0.215
123803,0.335
123804,0.65
123805,0.055
123806,0.11
123807,0.135
123808,0.005
123809,0.175
123810,0.055
123811,0.015
123812,0.235
123813,0.255
123814,0.45
123815,0.135
123816,0.2
123817,0.03
123818,0.11
123819,0.195
123820,0.48
123821,0.065
123822,0.045
123823,0.735
123824,0.05
123825,0.095
123826,0.05
123827,0.21
123828,0.985
123829,0.035
123830,0.05
123831,0.44
123832,0.295
123833,0.16
123834,0.175
123835,0.15
123836,0.25
123837,0.28
123838,0.165
123839,0.065
123840,0.07
123841,0.07
123842,0.1
123843,0.07
123844,0.395
123845,0.015
123846,0.35
123847,0.135
123848,0.04
123849,0.465
123850,0.02
123851,0.205
123852,0.39
123853,0.03
123854,0.13
123855,0.325
123856,0.04
123857,0.085
123858,0.125
123859,0.13
123860,0.01
123861,0.355
123862,0.145
123863,0.095
123864,0.5
123865,0.36
123866,0.13
123867,0.045
123868,0.085
123869,0.095
123870,0.195
123871,0.135
123872,0.055
123873,0.015
123874,0.04
123875,0.145
123876,0.205
123877,0.14
123878,0.175
123879,0.115
123880,0.04
123881,0.345
123882,0.04
123883,0.055
123884,0.485
123885,0.6
123886,0.07
123887,0.275
123888,0.04
123889,0.055
123890,0.22
123891,0.24
123892,0.655
123893,0.33
123894,0.195
123895,0.095
123896,0.1
123897,0.25
123898,0.24
123899,0.655
123900,0.03
123901,0.3
123902,0.02
123903,0.005
123904,0.005
123905,0.07
123906,0.135
123907,0.435
123908,0.425
123909,0.485
123910,0.2
123911,0.355
123912,0.22
123913,0.14
123914,0.15
123915,0.28
123916,0.245
123917,0.22
123918,0.085
123919,0.055
123920,0.84
123921,0.09
123922,0.725
123923,0.06
123924,0.015
123925,0.08
123926,0.88
123927,0.115
123928,0.315
123929,0.73
123930,0.685
123931,0.215
123932,0.15
123933,0.095
123934,0.425
123935,0.02
123936,0.12
123937,0.085
123938,0.4
123939,0.075
123940,0.15
123941,0.07
123942,0.28
123943,0.075
123944,0.27
123945,0.125
123946,0.18
123947,0.055
123948,0.075
123949,0.115
123950,0.045
123951,0.09
123952,0.345
123953,0.11
123954,0.07
123955,0.145
123956,0.47
123957,0.185
123958,0.12
123959,0.14
123960,0.19
123961,0.52
123962,0.365
123963,0.015
123964,0.3
123965,0.255
123966,0.06
123967,0.15
123968,0.105
123969,0.23
123970,0.005
123971,0.155
123972,0.135
123973,0.095
123974,0.14
123975,0.855
123976,0.025
123977,0.185
123978,0.095
123979,0.085
123980,0.575
123981,0.125
123982,0.71
123983,0.31
123984,0.185
123985,0.18
123986,0.055
123987,0.235
123988,0.185
123989,0.155
123990,0.115
123991,0.265
123992,0.3
123993,0.4
123994,0.085
123995,0.695
123996,0.16
123997,0.09
123998,0.11
123999,0.075
124000,0.03
124001,0.075
124002,0.015
124003,0.085
124004,0.065
124005,0.215
124006,0.21
124007,0.065
124008,0.095
124009,0.04
124010,0.605
124011,0.135
124012,0.5
124013,0.225
124014,0.03
124015,0.675
124016,0.235
124017,0.145
124018,0.605
124019,0.305
124020,0.2
124021,0.245
124022,0.74
124023,0.08
124024,0.275
124025,0.425
124026,0.225
124027,0.015
124028,0.79
124029,0.125
124030,0.105
124031,0.265
124032,0.09
124033,0.115
124034,0.04
124035,0.065
124036,0.13
124037,0.22
124038,0.085
124039,0.265
124040,0.18
124041,0.22
124042,0.045
124043,0.46
124044,0.035
124045,0.115
124046,0.305
124047,0.765
124048,0.715
124049,0.255
124050,0.135
124051,0.18
124052,0.08
124053,0.025
124054,0.085
124055,0.005
124056,0.09
124057,0.77
124058,0.07
124059,0.225
124060,0.005
124061,0.23
124062,0.33
124063,0.09
124064,0.115
124065,0.455
124066,0.125
124067,0.19
124068,0.16
124069,0.06
124070,0.31
124071,0.175
124072,0.135
124073,0.02
124074,0.47
124075,0.35
124076,0.065
124077,0.12
124078,0.115
124079,0.62
124080,0.665
124081,0.22
124082,0.26
124083,0.0
124084,0.255
124085,0.01
124086,0.385
124087,0.225
124088,0.255
124089,0.125
124090,0.085
124091,0.17
124092,0.47
124093,0.115
124094,0.215
124095,0.065
124096,0.155
124097,0.165
124098,0.065
124099,0.935
124100,0.065
124101,0.34
124102,0.245
124103,0.055
124104,0.39
124105,0.16
124106,0.1
124107,0.1
124108,0.0
124109,0.255
124110,0.28
124111,0.47
124112,0.82
124113,0.07
124114,0.455
124115,0.025
124116,0.06
124117,0.005
124118,0.89
124119,0.08
124120,0.085
124121,0.485
124122,0.045
124123,0.12
124124,0.055
124125,0.135
124126,0.11
124127,0.015
124128,0.225
124129,0.365
124130,0.08
124131,0.205
124132,0.34
124133,0.475
124134,0.01
124135,0.135
124136,0.23
124137,0.255
124138,0.02
124139,0.04
124140,0.505
124141,0.115
124142,0.48
124143,0.025
124144,0.07
124145,0.525
124146,0.1
124147,0.375
124148,0.165
124149,0.56
124150,0.09
124151,0.51
124152,0.765
124153,0.04
124154,0.39
124155,0.54
124156,0.62
124157,0.16
124158,0.075
124159,0.73
124160,0.08
124161,0.045
124162,0.355
124163,0.02
124164,0.73
124165,0.195
124166,0.035
124167,0.19
124168,0.125
124169,0.13
124170,0.205
124171,0.52
124172,0.565
124173,0.08
124174,0.0
124175,0.145
124176,0.32
124177,0.13
124178,0.065
124179,0.18
124180,0.965
124181,0.03
124182,0.935
124183,0.405
124184,0.15
124185,0.725
124186,0.03
124187,0.035
124188,0.235
124189,0.545
124190,0.025
124191,0.02
124192,0.16
124193,0.09
124194,0.155
124195,0.19
124196,0.105
124197,0.38
124198,0.42
124199,0.52
124200,0.05
124201,0.085
124202,0.25
124203,0.38
124204,0.835
124205,0.06
124206,0.185
124207,0.105
124208,0.22
124209,0.15
124210,0.095
124211,0.285
124212,0.225
124213,0.22
124214,0.17
124215,0.24
124216,0.35
124217,0.1
124218,0.235
124219,0.225
124220,0.095
124221,0.08
124222,0.675
124223,0.0
124224,0.04
124225,0.125
124226,0.175
124227,0.77
124228,0.215
124229,0.045
124230,0.255
124231,0.26
124232,0.82
124233,0.1
124234,0.155
124235,0.27
124236,0.0
124237,0.06
124238,0.49
124239,0.705
124240,0.195
124241,0.615
124242,0.125
124243,0.865
124244,0.09
124245,0.05
124246,0.575
124247,0.27
124248,0.04
124249,0.175
124250,0.17
124251,0.345
124252,0.125
124253,0.705
124254,0.66
124255,0.075
124256,0.22
124257,0.255
124258,0.0
124259,0.075
124260,0.08
124261,0.055
124262,0.315
124263,0.465
124264,0.27
124265,0.08
124266,0.205
124267,0.16
124268,0.205
124269,0.505
124270,0.005
124271,0.08
124272,0.015
124273,0.365
124274,0.135
124275,0.565
124276,0.31
124277,0.3
124278,0.2
124279,0.165
124280,0.41
124281,0.41
124282,0.355
124283,0.18
124284,0.005
124285,0.72
124286,0.32
124287,0.705
124288,0.775
124289,0.055
124290,0.135
124291,0.2
124292,0.66
124293,0.0
124294,0.575
124295,0.26
124296,0.115
124297,0.16
124298,0.125
124299,0.045
124300,0.305
124301,0.09
124302,0.14
124303,0.13
124304,0.045
124305,0.21
124306,0.195
124307,0.215
124308,0.025
124309,0.08
124310,0.03
124311,0.135
124312,0.185
124313,0.02
124314,0.06
124315,0.105
124316,0.255
124317,0.12
124318,0.15
124319,0.045
124320,0.04
124321,0.015
124322,0.06
124323,0.065
124324,0.1
124325,0.1
124326,0.305
124327,0.22
124328,0.015
124329,0.115
124330,0.16
124331,0.1
124332,0.455
124333,0.245
124334,0.34
124335,0.065
124336,0.365
124337,0.68
124338,0.025
124339,0.035
124340,0.175
124341,0.145
124342,0.775
124343,0.06
124344,0.04
124345,0.905
124346,0.425
124347,0.36
124348,0.86
124349,0.665
124350,0.55
124351,0.11
124352,0.045
124353,0.465
124354,0.285
124355,0.11
124356,0.035
124357,0.06
124358,0.235
124359,0.35
124360,0.055
124361,0.215
124362,0.16
124363,0.57
124364,0.04
124365,0.32
124366,0.125
124367,0.47
124368,0.015
124369,0.405
124370,0.18
124371,0.37
124372,0.15
124373,0.06
124374,0.27
124375,0.18
124376,0.1
124377,0.01
124378,0.12
124379,0.26
124380,0.805
124381,0.115
124382,0.405
124383,0.02
124384,0.245
124385,0.295
124386,0.12
124387,0.075
124388,0.175
124389,0.035
124390,0.165
124391,0.16
124392,0.175
124393,0.185
124394,0.42
124395,0.04
124396,0.215
124397,0.025
124398,0.32
124399,0.0
124400,0.17
124401,0.06
124402,0.19
124403,0.12
124404,0.245
124405,0.375
124406,0.025
124407,0.13
124408,0.415
124409,0.225
124410,0.1
124411,0.195
124412,0.32
124413,0.275
124414,0.14
124415,0.46
124416,0.02
124417,0.175
124418,0.065
124419,0.025
124420,0.345
124421,0.035
124422,0.05
124423,0.31
124424,0.175
124425,0.345
124426,0.03
124427,0.085
124428,0.12
124429,0.63
124430,0.155
124431,0.175
124432,0.12
124433,0.595
124434,0.035
124435,0.2
124436,0.19
124437,0.085
124438,0.0
124439,0.105
124440,0.12
124441,0.05
124442,0.145
124443,0.12
124444,0.145
124445,0.145
124446,0.075
124447,0.15
124448,0.195
124449,0.09
124450,0.075
124451,0.485
124452,0.025
124453,0.435
124454,0.05
124455,0.245
124456,0.18
124457,0.485
124458,0.61
124459,0.125
124460,0.07
124461,0.245
124462,0.035
124463,0.11
124464,0.105
124465,0.245
124466,0.015
124467,0.145
124468,0.11
124469,0.125
124470,0.105
124471,0.305
124472,0.225
124473,0.42
124474,0.125
124475,0.085
124476,0.54
124477,0.2
124478,0.235
124479,0.185
124480,0.14
124481,0.035
124482,0.145
124483,0.26
124484,0.36
124485,0.2
124486,0.395
124487,0.28
124488,0.3
124489,0.57
124490,0.145
124491,0.11
124492,0.165
124493,0.135
124494,0.105
124495,0.095
124496,0.175
124497,0.035
124498,0.47
124499,0.015
124500,0.175
124501,0.155
124502,0.115
124503,0.21
124504,0.345
124505,0.32
124506,0.27
124507,0.605
124508,0.155
124509,0.04
124510,0.115
124511,0.07
124512,0.555
124513,0.06
124514,0.09
124515,0.355
124516,0.11
124517,0.095
124518,0.465
124519,0.24
124520,0.055
124521,0.24
124522,0.08
124523,0.265
124524,0.175
124525,0.9
124526,0.065
124527,0.23
124528,0.345
124529,0.465
124530,0.04
124531,0.135
124532,0.325
124533,0.095
124534,0.16
124535,0.095
124536,0.755
124537,0.01
124538,0.035
124539,0.165
124540,0.43
124541,0.17
124542,0.235
124543,0.06
124544,0.08
124545,0.14
124546,0.41
124547,0.04
124548,0.525
124549,0.09
124550,0.165
124551,0.215
124552,0.04
124553,0.135
124554,0.15
124555,0.13
124556,0.115
124557,0.24
124558,0.09
124559,0.85
124560,0.025
124561,0.06
124562,0.215
124563,0.175
124564,0.175
124565,0.02
124566,0.155
124567,0.13
124568,0.1
124569,0.105
124570,0.12
124571,0.04
124572,0.115
124573,0.16
124574,0.635
124575,0.195
124576,0.46
124577,0.35
124578,0.59
124579,0.195
124580,0.005
124581,0.28
124582,0.265
124583,0.07
124584,0.165
124585,0.17
124586,0.015
124587,0.46
124588,0.02
124589,0.04
124590,0.035
124591,0.32
124592,0.17
124593,0.265
124594,0.065
124595,0.045
124596,0.095
124597,0.215
124598,0.355
124599,0.79
124600,0.585
124601,0.0
124602,0.195
124603,0.14
124604,0.1
124605,0.235
124606,0.095
124607,0.955
124608,0.125
124609,0.01
124610,0.1
124611,0.31
124612,0.295
124613,0.685
124614,0.115
124615,0.06
124616,0.575
124617,0.325
124618,0.265
124619,0.02
124620,0.6
124621,0.08
124622,0.405
124623,0.235
124624,0.015
124625,0.66
124626,0.055
124627,0.025
124628,0.64
124629,0.07
124630,0.745
124631,0.04
124632,0.08
124633,0.03
124634,0.1
124635,0.155
124636,0.125
124637,0.23
124638,0.3
124639,0.08
124640,0.44
124641,0.155
124642,0.36
124643,0.08
124644,0.19
124645,0.74
124646,0.26
124647,0.21
124648,0.455
124649,0.07
124650,0.03
124651,0.04
124652,0.085
124653,0.105
124654,0.75
124655,0.13
124656,0.17
124657,0.145
124658,0.235
124659,0.695
124660,0.225
124661,0.76
124662,0.58
124663,0.365
124664,0.06
124665,0.24
124666,0.16
124667,0.105
124668,0.205
124669,0.185
124670,0.585
124671,0.255
124672,0.63
124673,0.16
124674,0.145
124675,0.335
124676,0.275
124677,0.19
124678,0.69
124679,0.05
124680,0.02
124681,0.725
124682,0.015
124683,0.185
124684,0.595
124685,0.095
124686,0.195
124687,0.04
124688,0.33
124689,0.03
124690,0.11
124691,0.07
124692,0.215
124693,0.075
124694,0.62
124695,0.725
124696,0.13
124697,0.03
124698,0.145
124699,0.03
124700,0.025
124701,0.155
124702,0.11
124703,0.155
124704,0.155
124705,0.075
124706,0.325
124707,0.12
124708,0.21
124709,0.655
124710,0.2
124711,0.21
124712,0.335
124713,0.13
124714,0.105
124715,0.255
124716,0.115
124717,0.51
124718,0.5
124719,0.12
124720,0.475
124721,0.09
124722,0.015
124723,0.375
124724,0.105
124725,0.285
124726,0.555
124727,0.155
124728,0.095
124729,0.165
124730,0.125
124731,0.735
124732,0.325
124733,0.095
124734,0.1
124735,0.125
124736,0.28
124737,0.09
124738,0.465
124739,0.115
124740,0.055
124741,0.015
124742,0.115
124743,0.0
124744,0.795
124745,0.44
124746,0.245
124747,0.175
124748,0.105
124749,0.335
124750,0.27
124751,0.115
124752,0.23
124753,0.16
124754,0.08
124755,0.03
124756,0.075
124757,0.06
124758,0.09
124759,0.045
124760,0.09
124761,0.52
124762,0.115
124763,0.6
124764,0.125
124765,0.485
124766,0.145
124767,0.06
124768,0.38
124769,0.445
124770,0.1
124771,0.14
124772,0.07
124773,0.255
124774,0.165
124775,0.17
124776,0.41
124777,0.015
124778,0.355
124779,0.01
124780,0.105
124781,0.315
124782,0.21
124783,0.085
124784,0.065
124785,0.045
124786,0.41
124787,0.645
124788,0.295
124789,0.02
124790,0.475
124791,0.045
124792,0.92
124793,0.115
124794,0.325
124795,0.115
124796,0.065
124797,0.175
124798,0.86
124799,0.24
124800,0.13
124801,0.025
124802,0.055
124803,0.08
124804,0.105
124805,0.235
124806,0.405
124807,0.705
124808,0.265
124809,0.155
124810,0.145
124811,0.145
124812,0.62
124813,0.02
124814,0.055
124815,0.295
124816,0.075
124817,0.235
124818,0.06
124819,0.05
124820,0.145
124821,0.07
124822,0.05
124823,0.045
124824,0.195
124825,0.87
124826,0.0
124827,0.2
124828,0.055
124829,0.2
124830,0.22
124831,0.065
124832,0.62
124833,0.41
124834,0.11
124835,0.265
124836,0.06
124837,0.25
124838,0.015
124839,0.125
124840,0.605
124841,0.31
124842,0.115
124843,0.31
124844,0.05
124845,0.08
124846,0.125
124847,0.09
124848,0.25
124849,0.26
124850,0.075
124851,0.05
124852,0.06
124853,0.05
124854,0.23
124855,0.235
124856,0.18
124857,0.125
124858,0.14
124859,0.18
124860,0.175
124861,0.22
124862,0.12
124863,0.135
124864,0.05
124865,0.245
124866,0.25
124867,0.24
124868,0.445
124869,0.125
124870,0.04
124871,0.375
124872,0.53
124873,0.01
124874,0.075
124875,0.4
124876,0.095
124877,0.075
124878,0.015
124879,0.02
124880,0.3
124881,0.66
124882,0.1
124883,0.16
124884,0.015
124885,0.225
124886,0.345
124887,0.21
124888,0.025
124889,0.775
124890,0.575
124891,0.095
124892,0.275
124893,0.425
124894,0.09
124895,0.58
124896,0.055
124897,0.025
124898,0.15
124899,0.27
124900,0.23
124901,0.175
124902,0.505
124903,0.525
124904,0.185
124905,0.165
124906,0.855
124907,0.625
124908,0.01
124909,0.295
124910,0.025
124911,0.185
124912,0.09
124913,0.28
124914,0.445
124915,0.085
124916,0.105
124917,0.235
124918,0.0
124919,0.235
124920,0.165
124921,0.235
124922,0.075
124923,0.275
124924,0.07
124925,0.015
124926,0.225
124927,0.045
124928,0.135
124929,0.05
124930,0.085
124931,0.145
124932,0.19
124933,0.05
124934,0.26
124935,0.135
124936,0.165
124937,0.11
124938,0.1
124939,0.075
124940,0.32
124941,0.41
124942,0.025
124943,0.2
124944,0.08
124945,0.14
124946,0.05
124947,0.225
124948,0.04
124949,0.205
124950,0.315
124951,0.54
124952,0.355
124953,0.165
124954,0.16
124955,0.15
124956,0.595
124957,0.005
124958,0.145
124959,0.12
124960,0.175
124961,0.445
124962,0.05
124963,0.29
124964,0.07
124965,0.26
124966,0.745
124967,0.12
124968,0.125
124969,0.11
124970,0.855
124971,0.335
124972,0.35
124973,0.085
124974,0.065
124975,0.415
124976,0.055
124977,0.025
124978,0.04
124979,0.18
124980,0.2
124981,0.13
124982,0.285
124983,0.315
124984,0.74
124985,0.235
124986,0.18
124987,0.39
124988,0.36
124989,0.095
124990,0.195
124991,0.155
124992,0.16
124993,0.13
124994,0.615
124995,0.06
124996,0.22
124997,0.095
124998,0.49
124999,0.09
125000,0.56
125001,0.58
125002,0.015
125003,0.125
125004,0.205
125005,0.235
125006,0.225
125007,0.165
125008,0.505
125009,0.52
125010,0.06
125011,0.43
125012,0.05
125013,0.63
125014,0.15
125015,0.095
125016,0.17
125017,0.185
125018,0.705
125019,0.01
125020,0.0
125021,0.035
125022,0.24
125023,0.01
125024,0.1
125025,0.655
125026,0.015
125027,0.495
125028,0.23
125029,0.07
125030,0.23
125031,0.16
125032,0.065
125033,0.135
125034,0.075
125035,0.075
125036,0.07
125037,0.235
125038,0.07
125039,0.795
125040,0.245
125041,0.455
125042,0.135
125043,0.17
125044,0.105
125045,0.23
125046,0.245
125047,0.015
125048,0.045
125049,0.015
125050,0.13
125051,0.59
125052,0.52
125053,0.04
125054,0.34
125055,0.22
125056,0.07
125057,0.135
125058,0.025
125059,0.47
125060,0.05
125061,0.02
125062,0.545
125063,0.095
125064,0.565
125065,0.13
125066,0.04
125067,0.04
125068,0.285
125069,0.01
125070,0.085
125071,0.09
125072,0.485
125073,0.185
125074,0.185
125075,0.09
125076,0.095
125077,0.16
125078,0.07
125079,0.275
125080,0.52
125081,0.03
125082,0.37
125083,0.46
125084,0.145
125085,0.145
125086,0.26
125087,0.135
125088,0.035
125089,0.235
125090,0.02
125091,0.105
125092,0.095
125093,0.015
125094,0.095
125095,0.205
125096,0.39
125097,0.11
125098,0.11
125099,0.335
125100,0.15
125101,0.305
125102,0.765
125103,0.275
125104,0.14
125105,0.02
125106,0.855
125107,0.13
125108,0.02
125109,0.26
125110,0.045
125111,0.255
125112,0.11
125113,0.3
125114,0.045
125115,0.435
125116,0.335
125117,0.495
125118,0.02
125119,0.01
125120,0.15
125121,0.245
125122,0.07
125123,0.125
125124,0.035
125125,0.205
125126,0.675
125127,0.125
125128,0.285
125129,0.315
125130,0.065
125131,0.12
125132,0.06
125133,0.205
125134,0.05
125135,0.04
125136,0.055
125137,0.13
125138,0.76
125139,0.155
125140,0.7
125141,0.25
125142,0.075
125143,0.04
125144,0.09
125145,0.05
125146,0.535
125147,0.12
125148,0.25
125149,0.11
125150,0.54
125151,0.375
125152,0.115
125153,0.485
125154,0.12
125155,0.16
125156,0.075
125157,0.115
125158,0.125
125159,0.28
125160,0.185
125161,0.245
125162,0.075
125163,0.085
125164,0.07
125165,0.445
125166,0.065
125167,0.105
125168,0.045
125169,0.195
125170,0.255
125171,0.22
125172,0.01
125173,0.08
125174,0.3
125175,0.015
125176,0.47
125177,0.23
125178,0.155
125179,0.295
125180,0.765
125181,0.05
125182,0.265
125183,0.12
125184,0.28
125185,0.12
125186,0.13
125187,0.24
125188,0.27
125189,0.095
125190,0.12
125191,0.1
125192,0.62
125193,0.4
125194,0.145
125195,0.265
125196,0.045
125197,0.075
125198,0.635
125199,0.04
125200,0.09
125201,0.115
125202,0.51
125203,0.025
125204,0.54
125205,0.015
125206,0.245
125207,0.77
125208,0.045
125209,0.115
125210,0.13
125211,0.205
125212,0.225
125213,0.015
125214,0.315
125215,0.08
125216,0.035
125217,0.34
125218,0.46
125219,0.05
125220,0.455
125221,0.735
125222,0.06
125223,0.08
125224,0.085
125225,0.13
125226,0.315
125227,0.065
125228,0.025
125229,0.01
125230,0.35
125231,0.145
125232,0.0
125233,0.49
125234,0.12
125235,0.22
125236,0.1
125237,0.09
125238,0.15
125239,0.22
125240,0.06
125241,0.175
125242,0.505
125243,0.13
125244,0.39
125245,0.395
125246,0.095
125247,0.03
125248,0.18
125249,0.075
125250,0.135
125251,0.05
125252,0.295
125253,0.26
125254,0.245
125255,0.42
125256,0.685
125257,0.71
125258,0.075
125259,0.18
125260,0.095
125261,0.115
125262,0.075
125263,0.09
125264,0.04
125265,0.095
125266,0.1
125267,0.105
125268,0.135
125269,0.38
125270,0.205
125271,0.145
125272,0.515
125273,0.305
125274,0.345
125275,0.84
125276,0.275
125277,0.54
125278,0.115
125279,0.025
125280,0.225
125281,0.745
125282,0.1
125283,0.215
125284,0.505
125285,0.265
125286,0.025
125287,0.33
125288,0.185
125289,0.015
125290,0.16
125291,0.12
125292,0.1
125293,0.515
125294,0.2
125295,0.015
125296,0.335
125297,0.185
125298,0.16
125299,0.61
125300,0.18
125301,0.505
125302,0.21
125303,0.205
125304,0.19
125305,0.145
125306,0.85
125307,0.245
125308,0.325
125309,0.17
125310,0.045
125311,0.225
125312,0.65
125313,0.735
125314,0.025
125315,0.055
125316,0.005
125317,0.015
125318,0.08
125319,0.155
125320,0.015
125321,0.12
125322,0.1
125323,0.225
125324,0.08
125325,0.09
125326,0.135
125327,0.38
125328,0.06
125329,0.015
125330,0.125
125331,0.075
125332,0.03
125333,0.465
125334,0.15
125335,0.005
125336,0.25
125337,0.09
125338,0.635
125339,0.615
125340,0.02
125341,0.015
125342,0.205
125343,0.725
125344,0.39
125345,0.12
125346,0.115
125347,0.425
125348,0.06
125349,0.025
125350,0.085
125351,0.115
125352,0.12
125353,0.015
125354,0.085
125355,0.055
125356,0.045
125357,0.35
125358,0.255
125359,0.17
125360,0.205
125361,0.22
125362,0.255
125363,0.015
125364,0.26
125365,0.55
125366,0.105
125367,0.085
125368,0.045
125369,0.205
125370,0.09
125371,0.625
125372,0.415
125373,0.045
125374,0.44
125375,0.095
125376,0.255
125377,0.055
125378,0.055
125379,0.085
125380,0.295
125381,0.25
125382,0.085
125383,0.765
125384,0.31
125385,0.18
125386,0.74
125387,0.08
125388,0.585
125389,0.16
125390,0.005
125391,0.375
125392,0.06
125393,0.125
125394,0.295
125395,0.075
125396,0.17
125397,0.0
125398,0.095
125399,0.195
125400,0.21
125401,0.505
125402,0.635
125403,0.23
125404,0.005
125405,0.115
125406,0.28
125407,0.06
125408,0.29
125409,0.215
125410,0.175
125411,0.515
125412,0.185
125413,0.545
125414,0.045
125415,0.255
125416,0.11
125417,0.12
125418,0.55
125419,0.025
125420,0.19
125421,0.035
125422,0.125
125423,0.13
125424,0.055
125425,0.04
125426,0.165
125427,0.195
125428,0.045
125429,0.28
125430,0.145
125431,0.065
125432,0.135
125433,0.32
125434,0.095
125435,0.105
125436,0.405
125437,0.54
125438,0.015
125439,0.59
125440,0.03
125441,0.105
125442,0.235
125443,0.135
125444,0.355
125445,0.395
125446,0.22
125447,0.015
125448,0.015
125449,0.12
125450,0.025
125451,0.165
125452,0.295
125453,0.1
125454,0.03
125455,0.565
125456,0.19
125457,0.11
125458,0.055
125459,0.815
125460,0.01
125461,0.395
125462,0.05
125463,0.05
125464,0.315
125465,0.295
125466,0.005
125467,0.075
125468,0.175
125469,0.22
125470,0.705
125471,0.355
125472,0.09
125473,0.44
125474,0.07
125475,0.105
125476,0.075
125477,0.055
125478,0.135
125479,0.395
125480,0.08
125481,0.27
125482,0.035
125483,0.035
125484,0.08
125485,0.445
125486,0.58
125487,0.525
125488,0.07
125489,0.225
125490,0.43
125491,0.025
125492,0.295
125493,0.145
125494,0.215
125495,0.215
125496,0.845
125497,0.04
125498,0.45
125499,0.315
125500,0.155
125501,0.21
125502,0.195
125503,0.325
125504,0.055
125505,0.72
125506,0.29
125507,0.295
125508,0.335
125509,0.25
125510,0.195
125511,0.23
125512,0.195
125513,0.1
125514,0.035
125515,0.04
125516,0.115
125517,0.095
125518,0.06
125519,0.0
125520,0.07
125521,0.015
125522,0.125
125523,0.12
125524,0.33
125525,0.37
125526,0.205
125527,0.21
125528,0.235
125529,0.89
125530,0.12
125531,0.125
125532,0.05
125533,0.175
125534,0.11
125535,0.175
125536,0.695
125537,0.13
125538,0.255
125539,0.1
125540,0.295
125541,0.085
125542,0.42
125543,0.815
125544,0.295
125545,0.105
125546,0.025
125547,0.075
125548,0.08
125549,0.605
125550,0.135
125551,0.17
125552,0.35
125553,0.115
125554,0.085
125555,0.125
125556,0.25
125557,0.255
125558,0.045
125559,0.29
125560,0.035
125561,0.075
125562,0.225
125563,0.15
125564,0.435
125565,0.29
125566,0.13
125567,0.08
125568,0.115
125569,0.09
125570,0.165
125571,0.08
125572,0.245
125573,0.175
125574,0.065
125575,0.36
125576,0.48
125577,0.235
125578,0.17
125579,0.15
125580,0.685
125581,0.065
125582,0.34
125583,0.03
125584,0.165
125585,0.075
125586,0.3
125587,0.135
125588,0.175
125589,0.02
125590,0.015
125591,0.17
125592,0.185
125593,0.475
125594,0.23
125595,0.195
125596,0.065
125597,0.395
125598,0.275
125599,0.45
125600,0.19
125601,0.09
125602,0.31
125603,0.26
125604,0.275
125605,0.155
125606,0.2
125607,0.67
125608,0.09
125609,0.2
125610,0.05
125611,0.05
125612,0.065
125613,0.09
125614,0.22
125615,0.14
125616,0.165
125617,0.59
125618,0.575
125619,0.065
125620,0.71
125621,0.37
125622,0.105
125623,0.21
125624,0.305
125625,0.575
125626,0.775
125627,0.11
125628,0.21
125629,0.29
125630,0.06
125631,0.445
125632,0.285
125633,0.505
125634,0.595
125635,0.02
125636,0.19
125637,0.08
125638,0.89
125639,0.125
125640,0.27
125641,0.56
125642,0.01
125643,0.195
125644,0.525
125645,0.06
125646,0.075
125647,0.1
125648,0.22
125649,0.23
125650,0.54
125651,0.645
125652,0.2
125653,0.705
125654,0.14
125655,0.19
125656,0.1
125657,0.41
125658,0.05
125659,0.115
125660,0.44
125661,0.12
125662,0.005
125663,0.235
125664,0.465
125665,0.215
125666,0.34
125667,0.49
125668,0.12
125669,0.83
125670,0.28
125671,0.06
125672,0.155
125673,0.38
125674,0.14
125675,0.055
125676,0.28
125677,0.745
125678,0.715
125679,0.11
125680,0.81
125681,0.25
125682,0.36
125683,0.27
125684,0.035
125685,0.485
125686,0.085
125687,0.085
125688,0.195
125689,0.775
125690,0.05
125691,0.205
125692,0.05
125693,0.3
125694,0.01
125695,0.49
125696,0.16
125697,0.26
125698,0.065
125699,0.4
125700,0.005
125701,0.23
125702,0.04
125703,0.185
125704,0.44
125705,0.07
125706,0.64
125707,0.175
125708,0.51
125709,0.025
125710,0.215
125711,0.295
125712,0.445
125713,0.135
125714,0.09
125715,0.125
125716,0.17
125717,0.09
125718,0.67
125719,0.41
125720,0.18
125721,0.62
125722,0.32
125723,0.11
125724,0.33
125725,0.03
125726,0.73
125727,0.275
125728,0.15
125729,0.085
125730,0.35
125731,0.025
125732,0.155
125733,0.735
125734,0.02
125735,0.11
125736,0.225
125737,0.195
125738,0.51
125739,0.38
125740,0.045
125741,0.0
125742,0.075
125743,0.715
125744,0.18
125745,0.32
125746,0.895
125747,0.16
125748,0.115
125749,0.1
125750,0.315
125751,0.18
125752,0.64
125753,0.07
125754,0.645
125755,0.085
125756,0.04
125757,0.04
125758,0.17
125759,0.205
125760,0.205
125761,0.14
125762,0.205
125763,0.395
125764,0.06
125765,0.07
125766,0.035
125767,0.68
125768,0.0
125769,0.135
125770,0.19
125771,0.19
125772,0.18
125773,0.015
125774,0.265
125775,0.155
125776,0.02
125777,0.02
125778,0.105
125779,0.45
125780,0.05
125781,0.075
125782,0.27
125783,0.06
125784,0.05
125785,0.01
125786,0.035
125787,0.025
125788,0.08
125789,0.075
125790,0.07
125791,0.135
125792,0.035
125793,0.245
125794,0.535
125795,0.02
125796,0.075
125797,0.565
125798,0.1
125799,0.04
125800,0.16
125801,0.24
125802,0.1
125803,0.17
125804,0.475
125805,0.02
125806,0.415
125807,0.135
125808,0.1
125809,0.155
125810,0.16
125811,0.29
125812,0.065
125813,0.25
125814,0.26
125815,0.245
125816,0.125
125817,0.08
125818,0.07
125819,0.5
125820,0.255
125821,0.05
125822,0.14
125823,0.045
125824,0.11
125825,0.11
125826,0.07
125827,0.285
125828,0.11
125829,0.545
125830,0.045
125831,0.005
125832,0.02
125833,0.135
125834,0.03
125835,0.17
125836,0.165
125837,0.04
125838,0.295
125839,0.035
125840,0.65
125841,0.105
125842,0.7
125843,0.13
125844,0.145
125845,0.33
125846,0.035
125847,0.24
125848,0.12
125849,0.105
125850,0.055
125851,0.24
125852,0.24
125853,0.61
125854,0.04
125855,0.24
125856,0.01
125857,0.14
125858,0.41
125859,0.09
125860,0.01
125861,0.03
125862,0.11
125863,0.335
125864,0.12
125865,0.33
125866,0.16
125867,0.245
125868,0.25
125869,0.705
125870,0.05
125871,0.115
125872,0.0
125873,0.13
125874,0.145
125875,0.305
125876,0.035
125877,0.03
125878,0.45
125879,0.25
125880,0.525
125881,0.16
125882,0.52
125883,0.08
125884,0.095
125885,0.23
125886,0.05
125887,0.07
125888,0.03
125889,0.03
125890,0.09
125891,0.415
125892,0.095
125893,0.175
125894,0.345
125895,0.345
125896,0.28
125897,0.245
125898,0.155
125899,0.255
125900,0.055
125901,0.515
125902,0.115
125903,0.18
125904,0.16
125905,0.17
125906,0.74
125907,0.815
125908,0.17
125909,0.02
125910,0.215
125911,0.435
125912,0.125
125913,0.04
125914,0.2
125915,0.225
125916,0.065
125917,0.11
125918,0.05
125919,0.035
125920,0.035
125921,0.085
125922,0.28
125923,0.41
125924,0.095
125925,0.18
125926,0.055
125927,0.345
125928,0.04
125929,0.285
125930,0.015
125931,0.08
125932,0.095
125933,0.295
125934,0.73
125935,0.615
125936,0.02
125937,0.355
125938,0.185
125939,0.195
125940,0.23
125941,0.815
125942,0.14
125943,0.45
125944,0.295
125945,0.075
125946,0.17
125947,0.095
125948,0.445
125949,0.31
125950,0.19
125951,0.045
125952,0.09
125953,0.385
125954,0.165
125955,0.19
125956,0.17
125957,0.055
125958,0.235
125959,0.155
125960,0.66
125961,0.55
125962,0.11
125963,0.045
125964,0.06
125965,0.235
125966,0.155
125967,0.67
125968,0.195
125969,0.38
125970,0.585
125971,0.255
125972,0.075
125973,0.155
125974,0.175
125975,0.105
125976,0.105
125977,0.225
125978,0.11
125979,0.095
125980,0.07
125981,0.13
125982,0.79
125983,0.18
125984,0.12
125985,0.04
125986,0.215
125987,0.1
125988,0.235
125989,0.36
125990,0.075
125991,0.17
125992,0.34
125993,0.005
125994,0.135
125995,0.125
125996,0.06
125997,0.045
125998,0.565
125999,0.0
126000,0.05
126001,0.025
126002,0.205
126003,0.215
126004,0.465
126005,0.095
126006,0.05
126007,0.115
126008,0.185
126009,0.105
126010,0.18
126011,0.065
126012,0.12
126013,0.02
126014,0.755
126015,0.11
126016,0.24
126017,0.46
126018,0.69
126019,0.105
126020,0.12
126021,0.02
126022,0.805
126023,0.605
126024,0.16
126025,0.13
126026,0.135
126027,0.09
126028,0.155
126029,0.075
126030,0.07
126031,0.14
126032,0.31
126033,0.25
126034,0.27
126035,0.125
126036,0.09
126037,0.3
126038,0.47
126039,0.83
126040,0.58
126041,0.085
126042,0.145
126043,0.175
126044,0.38
126045,0.225
126046,0.195
126047,0.215
126048,0.42
126049,0.13
126050,0.25
126051,0.11
126052,0.065
126053,0.14
126054,0.045
126055,0.445
126056,0.685
126057,0.105
126058,0.085
126059,0.07
126060,0.21
126061,0.115
126062,0.375
126063,0.61
126064,0.7
126065,0.885
126066,0.06
126067,0.165
126068,0.09
126069,0.185
126070,0.585
126071,0.29
126072,0.18
126073,0.005
126074,0.335
126075,0.025
126076,0.15
126077,0.655
126078,0.195
126079,0.03
126080,0.2
126081,0.225
126082,0.06
126083,0.12
126084,0.38
126085,0.64
126086,0.36
126087,0.205
126088,0.095
126089,0.23
126090,0.225
126091,0.5
126092,0.125
126093,0.175
126094,0.185
126095,0.375
126096,0.065
126097,0.225
126098,0.58
126099,0.33
126100,0.02
126101,0.03
126102,0.16
126103,0.125
126104,0.885
126105,0.28
126106,0.125
126107,0.045
126108,0.24
126109,0.135
126110,0.115
126111,0.095
126112,0.09
126113,0.195
126114,0.365
126115,0.245
126116,0.075
126117,0.53
126118,0.1
126119,0.115
126120,0.1
126121,0.405
126122,0.055
126123,0.055
126124,0.16
126125,0.025
126126,0.15
126127,0.515
126128,0.23
126129,0.145
126130,0.135
126131,0.075
126132,0.935
126133,0.255
126134,0.055
126135,0.495
126136,0.25
126137,0.505
126138,0.26
126139,0.21
126140,0.3
126141,0.185
126142,0.205
126143,0.37
126144,0.07
126145,0.09
126146,0.045
126147,0.11
126148,0.02
126149,0.06
126150,0.135
126151,0.205
126152,0.265
126153,0.065
126154,0.375
126155,0.105
126156,0.72
126157,0.095
126158,0.085
126159,0.13
126160,0.16
126161,0.49
126162,0.025
126163,0.805
126164,0.105
126165,0.115
126166,0.095
126167,0.205
126168,0.225
126169,0.32
126170,0.06
126171,0.11
126172,0.27
126173,0.095
126174,0.91
126175,0.2
126176,0.015
126177,0.55
126178,0.13
126179,0.165
126180,0.21
126181,0.04
126182,0.12
126183,0.04
126184,0.285
126185,0.225
126186,0.17
126187,0.28
126188,0.715
126189,0.645
126190,0.35
126191,0.12
126192,0.08
126193,0.135
126194,0.1
126195,0.185
126196,0.525
126197,0.51
126198,0.24
126199,0.055
126200,0.345
126201,0.29
126202,0.19
126203,0.23
126204,0.41
126205,0.2
126206,0.01
126207,0.385
126208,0.625
126209,0.0
126210,0.0
126211,0.04
126212,0.15
126213,0.505
126214,0.17
126215,0.28
126216,0.395
126217,0.245
126218,0.085
126219,0.19
126220,0.23
126221,0.505
126222,0.26
126223,0.325
126224,0.305
126225,0.02
126226,0.13
126227,0.105
126228,0.095
126229,0.0
126230,0.185
126231,0.085
126232,0.425
126233,0.19
126234,0.755
126235,0.31
126236,0.0
126237,0.055
126238,0.69
126239,0.345
126240,0.19
126241,0.225
126242,0.3
126243,0.46
126244,0.295
126245,0.325
126246,0.095
126247,0.29
126248,0.07
126249,0.495
126250,0.03
126251,0.31
126252,0.32
126253,0.015
126254,0.145
126255,0.06
126256,0.05
126257,0.465
126258,0.01
126259,0.75
126260,0.175
126261,0.215
126262,0.02
126263,0.145
126264,0.19
126265,0.11
126266,0.445
126267,0.03
126268,0.025
126269,0.4
126270,0.06
126271,0.245
126272,0.18
126273,0.135
126274,0.65
126275,0.28
126276,0.025
126277,0.025
126278,0.105
126279,0.255
126280,0.185
126281,0.16
126282,0.155
126283,0.115
126284,0.31
126285,0.0
126286,0.905
126287,0.145
126288,0.135
126289,0.135
126290,0.14
126291,0.395
126292,0.135
126293,0.225
126294,0.765
126295,0.035
126296,0.31
126297,0.315
126298,0.18
126299,0.41
126300,0.025
126301,0.035
126302,0.145
126303,0.04
126304,0.075
126305,0.28
126306,0.17
126307,0.16
126308,0.055
126309,0.53
126310,0.03
126311,0.51
126312,0.12
126313,0.515
126314,0.025
126315,0.13
126316,0.21
126317,0.12
126318,0.775
126319,0.19
126320,0.265
126321,0.105
126322,0.38
126323,0.455
126324,0.04
126325,0.02
126326,0.11
126327,0.06
126328,0.09
126329,0.24
126330,0.295
126331,0.265
126332,0.035
126333,0.06
126334,0.125
126335,0.65
126336,0.045
126337,0.08
126338,0.37
126339,0.315
126340,0.265
126341,0.17
126342,0.06
126343,0.045
126344,0.395
126345,0.43
126346,0.075
126347,0.35
126348,0.13
126349,0.535
126350,0.535
126351,0.115
126352,0.015
126353,0.13
126354,0.41
126355,0.495
126356,0.08
126357,0.055
126358,0.14
126359,0.69
126360,0.44
126361,0.015
126362,0.095
126363,0.195
126364,0.83
126365,0.35
126366,0.76
126367,0.135
126368,0.66
126369,0.09
126370,0.06
126371,0.025
126372,0.45
126373,0.055
126374,0.2
126375,0.51
126376,0.04
126377,0.015
126378,0.035
126379,0.05
126380,0.93
126381,0.61
126382,0.07
126383,0.24
126384,0.355
126385,0.725
126386,0.065
126387,0.0
126388,0.06
126389,0.165
126390,0.2
126391,0.205
126392,0.62
126393,0.085
126394,0.32
126395,0.15
126396,0.23
126397,0.3
126398,0.35
126399,0.27
126400,0.165
126401,0.125
126402,0.025
126403,0.175
126404,0.275
126405,0.07
126406,0.015
126407,0.11
126408,0.64
126409,0.435
126410,0.275
126411,0.695
126412,0.03
126413,0.12
126414,0.685
126415,0.31
126416,0.13
126417,0.155
126418,0.985
126419,0.115
126420,0.08
126421,0.04
126422,0.065
126423,0.205
126424,0.685
126425,0.265
126426,0.185
126427,0.065
126428,0.085
126429,0.17
126430,0.16
126431,0.105
126432,0.08
126433,0.74
126434,0.065
126435,0.51
126436,0.65
126437,0.26
126438,0.105
126439,0.09
126440,0.005
126441,0.065
126442,0.03
126443,0.135
126444,0.24
126445,0.03
126446,0.325
126447,0.405
126448,0.185
126449,0.305
126450,0.37
126451,0.145
126452,0.28
126453,0.09
126454,0.145
126455,0.025
126456,0.355
126457,0.08
126458,0.065
126459,0.465
126460,0.045
126461,0.165
126462,0.12
126463,0.105
126464,0.12
126465,0.075
126466,0.315
126467,0.835
126468,0.38
126469,0.08
126470,0.25
126471,0.86
126472,0.29
126473,0.085
126474,0.715
126475,0.075
126476,0.485
126477,0.19
126478,0.04
126479,0.09
126480,0.1
126481,0.455
126482,0.215
126483,0.095
126484,0.5
126485,0.075
126486,0.855
126487,0.105
126488,0.37
126489,0.0
126490,0.17
126491,0.16
126492,0.495
126493,0.725
126494,0.145
126495,0.475
126496,0.11
126497,0.065
126498,0.11
126499,0.13
126500,0.865
126501,0.215
126502,0.13
126503,0.03
126504,0.255
126505,0.035
126506,0.295
126507,0.025
126508,0.265
126509,0.08
126510,0.27
126511,0.12
126512,0.615
126513,0.21
126514,0.165
126515,0.085
126516,0.09
126517,0.305
126518,0.06
126519,0.21
126520,0.215
126521,0.285
126522,0.165
126523,0.05
126524,0.615
126525,0.085
126526,0.055
126527,0.285
126528,0.18
126529,0.91
126530,0.195
126531,0.175
126532,0.05
126533,0.12
126534,0.18
126535,0.055
126536,0.05
126537,0.195
126538,0.1
126539,0.205
126540,0.875
126541,0.215
126542,0.34
126543,0.265
126544,0.03
126545,0.47
126546,0.09
126547,0.06
126548,0.01
126549,0.345
126550,0.205
126551,0.145
126552,0.08
126553,0.12
126554,0.625
126555,0.06
126556,0.17
126557,0.02
126558,0.985
126559,0.495
126560,0.175
126561,0.05
126562,0.32
126563,0.89
126564,0.805
126565,0.225
126566,0.155
126567,0.09
126568,0.225
126569,0.055
126570,0.01
126571,0.105
126572,0.045
126573,0.545
126574,0.035
126575,0.025
126576,0.19
126577,0.905
126578,0.25
126579,0.125
126580,0.23
126581,0.495
126582,0.2
126583,0.11
126584,0.235
126585,0.01
126586,0.025
126587,0.28
126588,0.035
126589,0.145
126590,0.0
126591,0.11
126592,0.28
126593,0.145
126594,0.45
126595,0.065
126596,0.245
126597,0.51
126598,0.105
126599,0.17
126600,0.035
126601,0.105
126602,0.04
126603,0.15
126604,0.225
126605,0.575
126606,0.47
126607,0.01
126608,0.14
126609,0.13
126610,0.25
126611,0.1
126612,0.185
126613,0.085
126614,0.4
126615,0.08
126616,0.11
126617,0.86
126618,0.0
126619,0.065
126620,0.21
126621,0.07
126622,0.14
126623,0.26
126624,0.09
126625,0.175
126626,0.5
126627,0.255
126628,0.445
126629,0.155
126630,0.025
126631,0.065
126632,0.33
126633,0.44
126634,0.51
126635,0.04
126636,0.555
126637,0.13
126638,0.065
126639,0.01
126640,0.765
126641,0.15
126642,0.365
126643,0.61
126644,0.075
126645,0.12
126646,0.145
126647,0.05
126648,0.1
126649,0.335
126650,0.04
126651,0.19
126652,0.29
126653,0.305
126654,0.34
126655,0.64
126656,0.08
126657,0.13
126658,0.07
126659,0.07
126660,0.245
126661,0.075
126662,0.93
126663,0.26
126664,0.395
126665,0.27
126666,0.195
126667,0.15
126668,0.06
126669,0.275
126670,0.235
126671,0.015
126672,0.15
126673,0.245
126674,0.085
126675,0.135
126676,0.175
126677,0.245
126678,0.455
126679,0.015
126680,0.825
126681,0.1
126682,0.17
126683,0.09
126684,0.035
126685,0.795
126686,0.055
126687,0.275
126688,0.18
126689,0.135
126690,0.67
126691,0.75
126692,0.36
126693,0.15
126694,0.03
126695,0.58
126696,0.12
126697,0.115
126698,0.08
126699,0.16
126700,0.115
126701,0.095
126702,0.39
126703,0.345
126704,0.705
126705,0.18
126706,0.2
126707,0.265
126708,0.635
126709,0.43
126710,0.09
126711,0.115
126712,0.015
126713,0.09
126714,0.415
126715,0.15
126716,0.27
126717,0.07
126718,0.105
126719,0.2
126720,0.14
126721,0.12
126722,0.505
126723,0.155
126724,0.15
126725,0.5
126726,0.295
126727,0.595
126728,0.125
126729,0.35
126730,0.265
126731,0.12
126732,0.215
126733,0.535
126734,0.16
126735,0.425
126736,0.33
126737,0.135
126738,0.235
126739,0.32
126740,0.515
126741,0.18
126742,0.08
126743,0.11
126744,0.85
126745,0.205
126746,0.035
126747,0.125
126748,0.105
126749,0.1
126750,0.17
126751,0.38
126752,0.045
126753,0.14
126754,0.04
126755,0.0
126756,0.385
126757,0.25
126758,0.08
126759,0.16
126760,0.095
126761,0.055
126762,0.355
126763,0.085
126764,0.195
126765,0.315
126766,0.025
126767,0.32
126768,0.02
126769,0.02
126770,0.105
126771,0.18
126772,0.285
126773,0.205
126774,0.17
126775,0.175
126776,0.115
126777,0.065
126778,0.295
126779,0.12
126780,0.66
126781,0.07
126782,0.17
126783,0.08
126784,0.29
126785,0.12
126786,0.055
126787,0.035
126788,0.005
126789,0.135
126790,0.105
126791,0.065
126792,0.075
126793,0.065
126794,0.2
126795,0.02
126796,0.11
126797,0.215
126798,0.235
126799,0.015
126800,0.2
126801,0.11
126802,0.17
126803,0.09
126804,0.12
126805,0.29
126806,0.035
126807,0.175
126808,0.08
126809,0.08
126810,0.035
126811,0.075
126812,0.16
126813,0.14
126814,0.175
126815,0.065
126816,0.075
126817,0.315
126818,0.085
126819,0.155
126820,0.485
126821,0.665
126822,0.015
126823,0.695
126824,0.07
126825,0.085
126826,0.14
126827,0.785
126828,0.325
126829,0.02
126830,0.12
126831,0.01
126832,0.04
126833,0.43
126834,0.16
126835,0.195
126836,0.14
126837,0.07
126838,0.08
126839,0.405
126840,0.05
126841,0.08
126842,0.44
126843,0.015
126844,0.16
126845,0.105
126846,0.11
126847,0.16
126848,0.14
126849,0.06
126850,0.225
126851,0.17
126852,0.215
126853,0.175
126854,0.275
126855,0.13
126856,0.115
126857,0.285
126858,0.16
126859,0.19
126860,0.265
126861,0.1
126862,0.33
126863,0.08
126864,0.165
126865,0.16
126866,0.0
126867,0.02
126868,0.59
126869,0.08
126870,0.32
126871,0.015
126872,0.2
126873,0.175
126874,0.205
126875,0.265
126876,0.245
126877,0.33
126878,0.015
126879,0.185
126880,0.515
126881,0.07
126882,0.37
126883,0.28
126884,0.215
126885,0.08
126886,0.155
126887,0.12
126888,0.105
126889,0.075
126890,0.055
126891,0.005
126892,0.175
126893,0.015
126894,0.22
126895,0.045
126896,0.72
126897,0.07
126898,0.375
126899,0.165
126900,0.11
126901,0.49
126902,0.065
126903,0.01
126904,0.205
126905,0.555
126906,0.065
126907,0.055
126908,0.15
126909,0.255
126910,0.435
126911,0.08
126912,0.355
126913,0.155
126914,0.315
126915,0.74
126916,0.07
126917,0.12
126918,0.085
126919,0.23
126920,0.245
126921,0.21
126922,0.42
126923,0.085
126924,0.025
126925,0.24
126926,0.045
126927,0.045
126928,0.075
126929,0.18
126930,0.06
126931,0.025
126932,0.07
126933,0.695
126934,0.135
126935,0.125
126936,0.14
126937,0.24
126938,0.195
126939,0.12
126940,0.005
126941,0.435
126942,0.105
126943,0.095
126944,0.445
126945,0.09
126946,0.115
126947,0.43
126948,0.525
126949,0.14
126950,0.12
126951,0.275
126952,0.155
126953,0.285
126954,0.055
126955,0.185
126956,0.065
126957,0.08
126958,0.155
126959,0.04
126960,0.22
126961,0.025
126962,0.06
126963,0.215
126964,0.025
126965,0.195
126966,0.005
126967,0.84
126968,0.465
126969,0.005
126970,0.01
126971,0.11
126972,0.045
126973,0.575
126974,0.22
126975,0.465
126976,0.485
126977,0.055
126978,0.08
126979,0.14
126980,0.125
126981,0.57
126982,0.125
126983,0.1
126984,0.755
126985,0.08
126986,0.645
126987,0.065
126988,0.185
126989,0.025
126990,0.11
126991,0.115
126992,0.385
126993,0.575
126994,0.74
126995,0.08
126996,0.25
126997,0.02
126998,0.025
126999,0.41
127000,0.15
127001,0.62
127002,0.225
127003,0.025
127004,0.055
127005,0.035
127006,0.125
127007,0.725
127008,0.095
127009,0.015
127010,0.095
127011,0.6
127012,0.49
127013,0.04
127014,0.25
127015,0.04
127016,0.13
127017,0.15
127018,0.18
127019,0.565
127020,0.52
127021,0.165
127022,0.715
127023,0.415
127024,0.085
127025,0.025
127026,0.37
127027,0.16
127028,0.19
127029,0.085
127030,0.19
127031,0.05
127032,0.035
127033,0.82
127034,0.205
127035,0.4
127036,0.125
127037,0.235
127038,0.13
127039,0.025
127040,0.15
127041,0.435
127042,0.07
127043,0.875
127044,0.105
127045,0.04
127046,0.025
127047,0.14
127048,0.705
127049,0.47
127050,0.07
127051,0.26
127052,0.12
127053,0.015
127054,0.08
127055,0.435
127056,0.09
127057,0.085
127058,0.14
127059,0.31
127060,0.26
127061,0.115
127062,0.16
127063,0.025
127064,0.025
127065,0.175
127066,0.045
127067,0.765
127068,0.08
127069,0.145
127070,0.25
127071,0.085
127072,0.355
127073,0.015
127074,0.075
127075,0.145
127076,0.29
127077,0.16
127078,0.54
127079,0.065
127080,0.125
127081,0.095
127082,0.675
127083,0.695
127084,0.19
127085,0.025
127086,0.085
127087,0.08
127088,0.16
127089,0.37
127090,0.02
127091,0.16
127092,0.035
127093,0.475
127094,0.02
127095,0.04
127096,0.01
127097,0.01
127098,0.14
127099,0.105
127100,0.185
127101,0.26
127102,0.005
127103,0.11
127104,0.5
127105,0.15
127106,0.175
127107,0.125
127108,0.205
127109,0.0
127110,0.205
127111,0.175
127112,0.2
127113,0.065
127114,0.08
127115,0.265
127116,0.36
127117,0.19
127118,0.495
127119,0.135
127120,0.09
127121,0.275
127122,0.015
127123,0.08
127124,0.32
127125,0.35
127126,0.11
127127,0.16
127128,0.08
127129,0.09
127130,0.07
127131,0.45
127132,0.25
127133,0.715
127134,0.115
127135,0.34
127136,0.37
127137,0.065
127138,0.07
127139,0.14
127140,0.21
127141,0.71
127142,0.475
127143,0.26
127144,0.435
127145,0.36
127146,0.085
127147,0.285
127148,0.15
127149,0.05
127150,0.795
127151,0.575
127152,0.19
127153,0.035
127154,0.855
127155,0.03
127156,0.025
127157,0.365
127158,0.25
127159,0.105
127160,0.45
127161,0.095
127162,0.23
127163,0.06
127164,0.125
127165,0.7
127166,0.015
127167,0.17
127168,0.21
127169,0.34
127170,0.09
127171,0.04
127172,0.045
127173,0.585
127174,0.215
127175,0.0
127176,0.175
127177,0.69
127178,0.09
127179,0.28
127180,0.205
127181,0.195
127182,0.015
127183,0.08
127184,0.205
127185,0.63
127186,0.37
127187,0.515
127188,0.105
127189,0.35
127190,0.17
127191,0.165
127192,0.37
127193,0.075
127194,0.235
127195,0.08
127196,0.6
127197,0.055
127198,0.18
127199,0.04
127200,0.02
127201,0.495
127202,0.035
127203,0.155
127204,0.21
127205,0.685
127206,0.075
127207,0.635
127208,0.2
127209,0.135
127210,0.015
127211,0.235
127212,0.31
127213,0.09
127214,0.015
127215,0.43
127216,0.12
127217,0.08
127218,0.16
127219,0.225
127220,0.06
127221,0.185
127222,0.035
127223,0.235
127224,0.0
127225,0.09
127226,0.795
127227,0.24
127228,0.145
127229,0.055
127230,0.11
127231,0.585
127232,0.0
127233,0.085
127234,0.26
127235,0.255
127236,0.005
127237,0.07
127238,0.105
127239,0.065
127240,0.18
127241,0.03
127242,0.57
127243,0.705
127244,0.44
127245,0.035
127246,0.045
127247,0.145
127248,0.52
127249,0.475
127250,0.255
127251,0.015
127252,0.055
127253,0.055
127254,0.05
127255,0.015
127256,0.285
127257,0.045
127258,0.09
127259,0.275
127260,0.13
127261,0.1
127262,0.03
127263,0.305
127264,0.015
127265,0.17
127266,0.73
127267,0.025
127268,0.25
127269,0.325
127270,0.07
127271,0.265
127272,0.17
127273,0.12
127274,0.15
127275,0.055
127276,0.14
127277,0.52
127278,0.16
127279,0.175
127280,0.25
127281,0.7
127282,0.735
127283,0.01
127284,0.205
127285,0.075
127286,0.01
127287,0.535
127288,0.88
127289,0.035
127290,0.04
127291,0.115
127292,0.305
127293,0.605
127294,0.19
127295,0.335
127296,0.135
127297,0.135
127298,0.125
127299,0.04
127300,0.185
127301,0.06
127302,0.15
127303,0.655
127304,0.105
127305,0.21
127306,0.135
127307,0.265
127308,0.99
127309,0.085
127310,0.07
127311,0.055
127312,0.135
127313,0.27
127314,0.145
127315,0.04
127316,0.075
127317,0.205
127318,0.46
127319,0.025
127320,0.44
127321,0.47
127322,0.235
127323,0.465
127324,0.075
127325,0.395
127326,0.25
127327,0.425
127328,0.515
127329,0.545
127330,0.16
127331,0.51
127332,0.645
127333,0.1
127334,0.425
127335,0.215
127336,0.015
127337,0.18
127338,0.375
127339,0.1
127340,0.245
127341,0.375
127342,0.075
127343,0.665
127344,0.38
127345,0.065
127346,0.135
127347,0.155
127348,0.22
127349,0.895
127350,0.135
127351,0.33
127352,0.14
127353,0.16
127354,0.24
127355,0.145
127356,0.025
127357,0.145
127358,0.025
127359,0.67
127360,0.06
127361,0.04
127362,0.105
127363,0.16
127364,0.08
127365,0.085
127366,0.145
127367,0.135
127368,0.29
127369,0.185
127370,0.245
127371,0.815
127372,0.295
127373,0.03
127374,0.255
127375,0.235
127376,0.235
127377,0.12
127378,0.02
127379,0.2
127380,0.1
127381,0.045
127382,0.195
127383,0.12
127384,0.215
127385,0.04
127386,0.24
127387,0.035
127388,0.395
127389,0.28
127390,0.13
127391,0.09
127392,0.035
127393,0.185
127394,0.15
127395,0.305
127396,0.245
127397,0.045
127398,0.045
127399,0.125
127400,0.525
127401,0.29
127402,0.36
127403,0.62
127404,0.175
127405,0.16
127406,0.035
127407,0.215
127408,0.18
127409,0.165
127410,0.295
127411,0.21
127412,0.02
127413,0.035
127414,0.08
127415,0.18
127416,0.685
127417,0.27
127418,0.235
127419,0.08
127420,0.065
127421,0.315
127422,0.48
127423,0.295
127424,0.2
127425,0.045
127426,0.165
127427,0.19
127428,0.155
127429,0.045
127430,0.64
127431,0.41
127432,0.265
127433,0.795
127434,0.2
127435,0.165
127436,0.465
127437,0.175
127438,0.15
127439,0.185
127440,0.07
127441,0.085
127442,0.725
127443,0.01
127444,0.24
127445,0.345
127446,0.12
127447,0.09
127448,0.24
127449,0.245
127450,0.08
127451,0.08
127452,0.03
127453,0.115
127454,0.11
127455,0.185
127456,0.235
127457,0.175
127458,0.06
127459,0.015
127460,0.21
127461,0.05
127462,0.635
127463,0.245
127464,0.035
127465,0.25
127466,0.64
127467,0.025
127468,0.22
127469,0.275
127470,0.0
127471,0.085
127472,0.315
127473,0.085
127474,0.99
127475,0.145
127476,0.065
127477,0.75
127478,0.625
127479,0.21
127480,0.37
127481,0.07
127482,0.07
127483,0.11
127484,0.15
127485,0.555
127486,0.16
127487,0.095
127488,0.71
127489,0.13
127490,0.33
127491,0.135
127492,0.16
127493,0.175
127494,0.4
127495,0.095
127496,0.025
127497,0.22
127498,0.745
127499,0.105
127500,0.72
127501,0.175
127502,0.145
127503,0.05
127504,0.305
127505,0.2
127506,0.44
127507,0.59
127508,0.165
127509,0.115
127510,0.545
127511,0.115
127512,0.22
127513,0.05
127514,0.035
127515,0.125
127516,0.2
127517,0.34
127518,0.165
127519,0.225
127520,0.015
127521,0.075
127522,0.33
127523,0.45
127524,0.27
127525,0.025
127526,0.04
127527,0.19
127528,0.105
127529,0.18
127530,0.235
127531,0.21
127532,0.555
127533,0.23
127534,0.85
127535,0.185
127536,0.53
127537,0.215
127538,0.48
127539,0.165
127540,0.28
127541,0.3
127542,0.245
127543,0.105
127544,0.57
127545,0.325
127546,0.39
127547,0.255
127548,0.35
127549,0.095
127550,0.225
127551,0.035
127552,0.215
127553,0.19
127554,0.93
127555,0.08
127556,0.275
127557,0.045
127558,0.01
127559,0.145
127560,0.09
127561,0.1
127562,0.045
127563,0.115
127564,0.75
127565,0.11
127566,0.145
127567,0.15
127568,0.1
127569,0.085
127570,0.15
127571,0.385
127572,0.325
127573,0.225
127574,0.14
127575,0.69
127576,0.07
127577,0.675
127578,0.03
127579,0.39
127580,0.11
127581,0.075
127582,0.225
127583,0.11
127584,0.205
127585,0.005
127586,0.74
127587,0.42
127588,0.01
127589,0.02
127590,0.71
127591,0.125
127592,0.07
127593,0.035
127594,0.07
127595,0.04
127596,0.425
127597,0.545
127598,0.085
127599,0.76
127600,0.05
127601,0.2
127602,0.49
127603,0.525
127604,0.11
127605,0.255
127606,0.55
127607,0.015
127608,0.44
127609,0.265
127610,0.405
127611,0.28
127612,0.035
127613,0.1
127614,0.08
127615,0.79
127616,0.35
127617,0.245
127618,0.025
127619,0.05
127620,0.69
127621,0.07
127622,0.565
127623,0.155
127624,0.155
127625,0.05
127626,0.075
127627,0.15
127628,0.025
127629,0.15
127630,0.205
127631,0.06
127632,0.205
127633,0.45
127634,0.25
127635,0.205
127636,0.675
127637,0.44
127638,0.005
127639,0.095
127640,0.01
127641,0.09
127642,0.2
127643,0.23
127644,0.12
127645,0.005
127646,0.06
127647,0.06
127648,0.085
127649,0.15
127650,0.325
127651,0.085
127652,0.105
127653,0.195
127654,0.35
127655,0.14
127656,0.135
127657,0.365
127658,0.52
127659,0.1
127660,0.06
127661,0.465
127662,0.125
127663,0.045
127664,0.135
127665,0.02
127666,0.075
127667,0.005
127668,0.385
127669,0.25
127670,0.02
127671,0.77
127672,0.01
127673,0.12
127674,0.84
127675,0.05
127676,0.0
127677,0.02
127678,0.355
127679,0.065
127680,0.29
127681,0.135
127682,0.06
127683,0.12
127684,0.03
127685,0.58
127686,0.0
127687,0.21
127688,0.05
127689,0.09
127690,0.095
127691,0.23
127692,0.1
127693,0.16
127694,0.02
127695,0.785
127696,0.36
127697,0.165
127698,0.035
127699,0.345
127700,0.18
127701,0.03
127702,0.085
127703,0.36
127704,0.295
127705,0.095
127706,0.015
127707,0.22
127708,0.155
127709,0.335
127710,0.355
127711,0.08
127712,0.095
127713,0.585
127714,0.145
127715,0.02
127716,0.78
127717,0.06
127718,0.06
127719,0.565
127720,0.07
127721,0.05
127722,0.035
127723,0.035
127724,0.095
127725,0.045
127726,0.285
127727,0.045
127728,0.595
127729,0.395
127730,0.31
127731,0.125
127732,0.065
127733,0.47
127734,0.17
127735,0.125
127736,0.78
127737,0.09
127738,0.09
127739,0.735
127740,0.35
127741,0.035
127742,0.075
127743,0.04
127744,0.245
127745,0.035
127746,0.0
127747,0.05
127748,0.39
127749,0.56
127750,0.095
127751,0.115
127752,0.77
127753,0.115
127754,0.14
127755,0.03
127756,0.095
127757,0.045
127758,0.14
127759,0.145
127760,0.67
127761,0.18
127762,0.5
127763,0.15
127764,0.065
127765,0.075
127766,0.33
127767,0.65
127768,0.375
127769,0.2
127770,0.555
127771,0.83
127772,0.065
127773,0.01
127774,0.13
127775,0.43
127776,0.915
127777,0.12
127778,0.075
127779,0.755
127780,0.445
127781,0.91
127782,0.34
127783,0.08
127784,0.25
127785,0.13
127786,0.71
127787,0.055
127788,0.125
127789,0.21
127790,0.205
127791,0.545
127792,0.205
127793,0.225
127794,0.15
127795,0.065
127796,0.25
127797,0.165
127798,0.09
127799,0.63
127800,0.07
127801,0.285
127802,0.12
127803,0.02
127804,0.055
127805,0.45
127806,0.16
127807,0.245
127808,0.44
127809,0.025
127810,0.03
127811,0.005
127812,0.135
127813,0.0
127814,0.835
127815,0.06
127816,0.2
127817,0.03
127818,0.135
127819,0.165
127820,0.38
127821,0.025
127822,0.32
127823,0.145
127824,0.885
127825,0.185
127826,0.085
127827,0.265
127828,0.075
127829,0.005
127830,0.215
127831,0.195
127832,0.66
127833,0.075
127834,0.145
127835,0.485
127836,0.235
127837,0.005
127838,0.5
127839,0.775
127840,0.095
127841,0.145
127842,0.07
127843,0.185
127844,0.155
127845,0.01
127846,0.13
127847,0.075
127848,0.175
127849,0.23
127850,0.225
127851,0.21
127852,0.025
127853,0.485
127854,0.035
127855,0.305
127856,0.34
127857,0.175
127858,0.11
127859,0.01
127860,0.125
127861,0.26
127862,0.18
127863,0.245
127864,0.145
127865,0.035
127866,0.4
127867,0.285
127868,0.135
127869,0.17
127870,0.32
127871,0.13
127872,0.07
127873,0.22
127874,0.48
127875,0.25
127876,0.165
127877,0.205
127878,0.085
127879,0.46
127880,0.265
127881,0.535
127882,0.015
127883,0.13
127884,0.01
127885,0.065
127886,0.89
127887,0.42
127888,0.605
127889,0.05
127890,0.25
127891,0.035
127892,0.37
127893,0.18
127894,0.39
127895,0.225
127896,0.025
127897,0.115
127898,0.945
127899,0.055
127900,0.2
127901,0.56
127902,0.495
127903,0.1
127904,0.055
127905,0.665
127906,0.055
127907,0.165
127908,0.375
127909,0.125
127910,0.275
127911,0.675
127912,0.165
127913,0.065
127914,0.03
127915,0.63
127916,0.135
127917,0.24
127918,0.095
127919,0.04
127920,0.045
127921,0.145
127922,0.195
127923,0.01
127924,0.695
127925,0.13
127926,0.095
127927,0.585
127928,0.1
127929,0.125
127930,0.57
127931,0.015
127932,0.215
127933,0.015
127934,0.97
127935,0.305
127936,0.265
127937,0.17
127938,0.055
127939,0.205
127940,0.145
127941,0.52
127942,0.18
127943,0.56
127944,0.335
127945,0.15
127946,0.05
127947,0.095
127948,0.39
127949,0.12
127950,0.81
127951,0.07
127952,0.15
127953,0.36
127954,0.17
127955,0.09
127956,0.05
127957,0.08
127958,0.085
127959,0.01
127960,0.115
127961,0.095
127962,0.235
127963,0.21
127964,0.735
127965,0.2
127966,0.12
127967,0.2
127968,0.055
127969,0.195
127970,0.095
127971,0.075
127972,0.75
127973,0.04
127974,0.07
127975,0.245
127976,0.065
127977,0.41
127978,0.195
127979,0.085
127980,0.16
127981,0.275
127982,0.155
127983,0.255
127984,0.06
127985,0.015
127986,0.19
127987,0.56
127988,0.34
127989,0.93
127990,0.175
127991,0.105
127992,0.21
127993,0.165
127994,0.1
127995,0.095
127996,0.095
127997,0.125
127998,0.075
127999,0.125
128000,0.165
128001,0.04
128002,0.185
128003,0.005
128004,0.79
128005,0.045
128006,0.13
128007,0.07
128008,0.245
128009,0.03
128010,0.245
128011,0.73
128012,0.125
128013,0.045
128014,0.465
128015,0.025
128016,0.005
128017,0.06
128018,0.17
128019,0.275
128020,0.5
128021,0.35
128022,0.06
128023,0.54
128024,0.225
128025,0.08
128026,0.1
128027,0.39
128028,0.11
128029,0.185
128030,0.06
128031,0.07
128032,0.575
128033,0.235
128034,0.77
128035,0.535
128036,0.025
128037,0.005
128038,0.195
128039,0.07
128040,0.255
128041,0.63
128042,0.235
128043,0.37
128044,0.15
128045,0.1
128046,0.09
128047,0.085
128048,0.045
128049,0.105
128050,0.335
128051,0.265
128052,0.06
128053,0.13
128054,0.28
128055,0.175
128056,0.525
128057,0.25
128058,0.67
128059,0.185
128060,0.045
128061,0.17
128062,0.2
128063,0.09
128064,0.305
128065,0.19
128066,0.175
128067,0.26
128068,0.095
128069,0.205
128070,0.105
128071,0.11
128072,0.155
128073,0.06
128074,0.035
128075,0.205
128076,0.085
128077,0.365
128078,0.115
128079,0.08
128080,0.52
128081,0.1
128082,0.155
128083,0.08
128084,0.265
128085,0.755
128086,0.27
128087,0.38
128088,0.27
128089,0.09
128090,0.27
128091,0.565
128092,0.105
128093,0.19
128094,0.055
128095,0.1
128096,0.175
128097,0.135
128098,0.035
128099,0.065
128100,0.065
128101,0.195
128102,0.24
128103,0.305
128104,0.18
128105,0.06
128106,0.16
128107,0.24
128108,0.12
128109,0.09
128110,0.395
128111,0.16
128112,0.165
128113,0.075
128114,0.075
128115,0.195
128116,0.605
128117,0.115
128118,0.16
128119,0.055
128120,0.055
128121,0.285
128122,0.47
128123,0.455
128124,0.3
128125,0.265
128126,0.735
128127,0.16
128128,0.15
128129,0.015
128130,0.01
128131,0.205
128132,0.695
128133,0.055
128134,0.085
128135,0.035
128136,0.33
128137,0.335
128138,0.17
128139,0.055
128140,0.035
128141,0.285
128142,0.66
128143,0.13
128144,0.065
128145,0.56
128146,0.19
128147,0.11
128148,0.05
128149,0.055
128150,0.3
128151,0.07
128152,0.19
128153,0.04
128154,0.145
128155,0.5
128156,0.185
128157,0.345
128158,0.44
128159,0.12
128160,0.365
128161,0.115
128162,0.195
128163,0.16
128164,0.365
128165,0.01
128166,0.59
128167,0.02
128168,0.09
128169,0.495
128170,0.89
128171,0.05
128172,0.17
128173,0.21
128174,0.105
128175,0.075
128176,0.07
128177,0.065
128178,0.425
128179,0.14
128180,0.13
128181,0.1
128182,0.02
128183,0.075
128184,0.615
128185,0.36
128186,0.31
128187,0.04
128188,0.58
128189,0.045
128190,0.135
128191,0.055
128192,0.06
128193,0.095
128194,0.215
128195,0.1
128196,0.155
128197,0.685
128198,0.17
128199,0.47
128200,0.315
128201,0.425
128202,0.11
128203,0.05
128204,0.785
128205,0.115
128206,0.105
128207,0.075
128208,0.285
128209,0.32
128210,0.03
128211,0.05
128212,0.145
128213,0.075
128214,0.02
128215,0.06
128216,0.22
128217,0.1
128218,0.215
128219,0.34
128220,0.01
128221,0.155
128222,0.2
128223,0.405
128224,0.215
128225,0.26
128226,0.39
128227,0.265
128228,0.215
128229,0.12
128230,0.03
128231,0.235
128232,0.18
128233,0.025
128234,0.18
128235,0.205
128236,0.065
128237,0.08
128238,0.24
128239,0.32
128240,0.01
128241,0.095
128242,0.235
128243,0.105
128244,0.095
128245,0.495
128246,0.095
128247,0.065
128248,0.215
128249,0.13
128250,0.03
128251,0.065
128252,0.26
128253,0.02
128254,0.025
128255,0.31
128256,0.04
128257,0.305
128258,0.07
128259,0.07
128260,0.05
128261,0.38
128262,0.03
128263,0.15
128264,0.015
128265,0.13
128266,0.235
128267,0.13
128268,0.095
128269,0.37
128270,0.285
128271,0.175
128272,0.11
128273,0.03
128274,0.105
128275,0.07
128276,0.075
128277,0.31
128278,0.065
128279,0.115
128280,0.005
128281,0.095
128282,0.255
128283,0.6
128284,0.015
128285,0.02
128286,0.135
128287,0.05
128288,0.09
128289,0.475
128290,0.195
128291,0.085
128292,0.16
128293,0.13
128294,0.095
128295,0.12
128296,0.065
128297,0.145
128298,0.12
128299,0.03
128300,0.055
128301,0.56
128302,0.855
128303,0.175
128304,0.125
128305,0.095
128306,0.03
128307,0.085
128308,0.14
128309,0.13
128310,0.045
128311,0.085
128312,0.135
128313,0.035
128314,0.56
128315,0.18
128316,0.08
128317,0.11
128318,0.03
128319,0.155
128320,0.275
128321,0.265
128322,0.015
128323,0.13
128324,0.115
128325,0.07
128326,0.135
128327,0.64
128328,0.42
128329,0.565
128330,0.555
128331,0.045
128332,0.095
128333,0.05
128334,0.1
128335,0.05
128336,0.035
128337,0.1
128338,0.155
128339,0.585
128340,0.08
128341,0.405
128342,0.48
128343,0.265
128344,0.33
128345,0.66
128346,0.095
128347,0.36
128348,0.285
128349,0.195
128350,0.185
128351,0.055
128352,0.255
128353,0.045
128354,0.09
128355,0.5
128356,0.115
128357,0.255
128358,0.215
128359,0.05
128360,0.445
128361,0.305
128362,0.325
128363,0.245
128364,0.245
128365,0.025
128366,0.1
128367,0.15
128368,0.0
128369,0.095
128370,0.175
128371,0.13
128372,0.08
128373,0.14
128374,0.08
128375,0.05
128376,0.32
128377,0.18
128378,0.085
128379,0.43
128380,0.055
128381,0.075
128382,0.435
128383,0.36
128384,0.09
128385,0.915
128386,0.38
128387,0.11
128388,0.35
128389,0.04
128390,0.105
128391,0.255
128392,0.255
128393,0.015
128394,0.675
128395,0.05
128396,0.05
128397,0.695
128398,0.25
128399,0.585
128400,0.025
128401,0.02
128402,0.195
128403,0.19
128404,0.04
128405,0.055
128406,0.8
128407,0.27
128408,0.215
128409,0.46
128410,0.105
128411,0.735
128412,0.015
128413,0.225
128414,0.04
128415,0.21
128416,0.11
128417,0.075
128418,0.055
128419,0.935
128420,0.01
128421,0.04
128422,0.17
128423,0.165
128424,0.87
128425,0.1
128426,0.19
128427,0.02
128428,0.115
128429,0.08
128430,0.395
128431,0.155
128432,0.275
128433,0.21
128434,0.075
128435,0.04
128436,0.08
128437,0.235
128438,0.25
128439,0.145
128440,0.17
128441,0.06
128442,0.08
128443,0.115
128444,0.685
128445,0.09
128446,0.125
128447,0.63
128448,0.4
128449,0.105
128450,0.02
128451,0.22
128452,0.22
128453,0.19
128454,0.015
128455,0.055
128456,0.2
128457,0.265
128458,0.19
128459,0.275
128460,0.14
128461,0.495
128462,0.06
128463,0.81
128464,0.085
128465,0.055
128466,0.41
128467,0.1
128468,0.11
128469,0.035
128470,0.32
128471,0.08
128472,0.055
128473,0.3
128474,0.025
128475,0.19
128476,0.62
128477,0.065
128478,0.55
128479,0.105
128480,0.11
128481,0.115
128482,0.025
128483,0.49
128484,0.25
128485,0.595
128486,0.07
128487,0.085
128488,0.13
128489,0.06
128490,0.305
128491,0.435
128492,0.185
128493,0.005
128494,0.14
128495,0.255
128496,0.08
128497,0.18
128498,0.025
128499,0.225
128500,0.275
128501,0.125
128502,0.1
128503,0.325
128504,0.245
128505,0.27
128506,0.09
128507,0.005
128508,0.555
128509,0.89
128510,0.07
128511,0.02
128512,0.09
128513,0.325
128514,0.16
128515,0.15
128516,0.11
128517,0.285
128518,0.25
128519,0.045
128520,0.43
128521,0.11
128522,0.135
128523,0.015
128524,0.24
128525,0.115
128526,0.17
128527,0.105
128528,0.535
128529,0.275
128530,0.08
128531,0.115
128532,0.31
128533,0.63
128534,0.095
128535,0.645
128536,0.055
128537,0.02
128538,0.28
128539,0.1
128540,0.1
128541,0.085
128542,0.815
128543,0.615
128544,0.415
128545,0.105
128546,0.1
128547,0.215
128548,0.09
128549,0.33
128550,0.15
128551,0.245
128552,0.24
128553,0.07
128554,0.255
128555,0.21
128556,0.355
128557,0.035
128558,0.29
128559,0.06
128560,0.31
128561,0.19
128562,0.005
128563,0.135
128564,0.19
128565,0.11
128566,0.245
128567,0.11
128568,0.09
128569,0.06
128570,0.23
128571,0.175
128572,0.91
128573,0.14
128574,0.18
128575,0.09
128576,0.12
128577,0.14
128578,0.045
128579,0.365
128580,0.025
128581,0.14
128582,0.01
128583,0.41
128584,0.01
128585,0.145
128586,0.275
128587,0.7
128588,0.1
128589,0.2
128590,0.445
128591,0.255
128592,0.035
128593,0.04
128594,0.05
128595,0.255
128596,0.385
128597,0.115
128598,0.145
128599,0.165
128600,0.09
128601,0.14
128602,0.15
128603,0.15
128604,0.05
128605,0.255
128606,0.495
128607,0.075
128608,0.0
128609,0.805
128610,0.275
128611,0.185
128612,0.005
128613,0.075
128614,0.495
128615,0.2
128616,0.285
128617,0.07
128618,0.48
128619,0.22
128620,0.17
128621,0.38
128622,0.75
128623,0.05
128624,0.02
128625,0.49
128626,0.555
128627,0.13
128628,0.33
128629,0.86
128630,0.06
128631,0.13
128632,0.095
128633,0.025
128634,0.355
128635,0.055
128636,0.355
128637,0.16
128638,0.055
128639,0.07
128640,0.145
128641,0.29
128642,0.105
128643,0.35
128644,0.49
128645,0.24
128646,0.69
128647,0.13
128648,0.155
128649,0.015
128650,0.2
128651,0.03
128652,0.305
128653,0.07
128654,0.085
128655,0.025
128656,0.03
128657,0.065
128658,0.285
128659,0.07
128660,0.03
128661,0.08
128662,0.05
128663,0.65
128664,0.0
128665,0.045
128666,0.035
128667,0.005
128668,0.245
128669,0.055
128670,0.075
128671,0.405
128672,0.09
128673,0.73
128674,0.135
128675,0.305
128676,0.14
128677,0.265
128678,0.03
128679,0.55
128680,0.08
128681,0.625
128682,0.26
128683,0.455
128684,0.22
128685,0.37
128686,0.26
128687,0.39
128688,0.035
128689,0.085
128690,0.195
128691,0.3
128692,0.145
128693,0.125
128694,0.08
128695,0.265
128696,0.065
128697,0.05
128698,0.21
128699,0.23
128700,0.065
128701,0.155
128702,0.265
128703,0.435
128704,0.18
128705,0.07
128706,0.64
128707,0.06
128708,0.205
128709,0.235
128710,0.475
128711,0.075
128712,0.07
128713,0.065
128714,0.29
128715,0.205
128716,0.185
128717,0.1
128718,0.105
128719,0.185
128720,0.05
128721,0.24
128722,0.025
128723,0.18
128724,0.36
128725,0.135
128726,0.015
128727,0.055
128728,0.915
128729,0.535
128730,0.155
128731,0.45
128732,0.015
128733,0.05
128734,0.5
128735,0.045
128736,0.75
128737,0.025
128738,0.035
128739,0.065
128740,0.305
128741,0.24
128742,0.075
128743,0.11
128744,0.17
128745,0.01
128746,0.03
128747,0.22
128748,0.0
128749,0.045
128750,0.095
128751,0.135
128752,0.29
128753,0.045
128754,0.28
128755,0.02
128756,0.265
128757,0.355
128758,0.055
128759,0.21
128760,0.27
128761,0.145
128762,0.04
128763,0.25
128764,0.08
128765,0.275
128766,0.26
128767,0.07
128768,0.115
128769,0.62
128770,0.025
128771,0.03
128772,0.18
128773,0.28
128774,0.065
128775,0.02
128776,0.14
128777,0.265
128778,0.015
128779,0.015
128780,0.095
128781,0.06
128782,0.09
128783,0.36
128784,0.39
128785,0.3
128786,0.135
128787,0.05
128788,0.23
128789,0.04
128790,0.09
128791,0.155
128792,0.175
128793,0.075
128794,0.245
128795,0.535
128796,0.155
128797,0.0
128798,0.06
128799,0.445
128800,0.05
128801,0.34
128802,0.09
128803,0.065
128804,0.2
128805,0.525
128806,0.11
128807,0.77
128808,0.285
128809,0.145
128810,0.21
128811,0.21
128812,0.115
128813,0.14
128814,0.23
128815,0.43
128816,0.18
128817,0.065
128818,0.05
128819,0.72
128820,0.275
128821,0.0
128822,0.16
128823,0.18
128824,0.305
128825,0.13
128826,0.865
128827,0.67
128828,0.02
128829,0.475
128830,0.015
128831,0.275
128832,0.165
128833,0.165
128834,0.525
128835,0.115
128836,0.09
128837,0.05
128838,0.35
128839,0.255
128840,0.13
128841,0.015
128842,0.835
128843,0.615
128844,0.855
128845,0.11
128846,0.19
128847,0.035
128848,0.3
128849,0.58
128850,0.06
128851,0.175
128852,0.825
128853,0.585
128854,0.565
128855,0.04
128856,0.31
128857,0.215
128858,0.065
128859,0.215
128860,0.07
128861,0.24
128862,0.215
128863,0.52
128864,0.495
128865,0.13
128866,0.51
128867,0.03
128868,0.3
128869,0.16
128870,0.12
128871,0.365
128872,0.37
128873,0.01
128874,0.69
128875,0.115
128876,0.26
128877,0.255
128878,0.165
128879,0.225
128880,0.05
128881,0.16
128882,0.89
128883,0.155
128884,0.195
128885,0.45
128886,0.11
128887,0.035
128888,0.12
128889,0.39
128890,0.05
128891,0.76
128892,0.175
128893,0.21
128894,0.065
128895,0.095
128896,0.01
128897,0.11
128898,0.19
128899,0.735
128900,0.075
128901,0.505
128902,0.29
128903,0.575
128904,0.25
128905,0.03
128906,0.11
128907,0.215
128908,0.025
128909,0.095
128910,0.49
128911,0.43
128912,0.03
128913,0.52
128914,0.25
128915,0.02
128916,0.045
128917,0.79
128918,0.12
128919,0.155
128920,0.2
128921,0.04
128922,0.27
128923,0.08
128924,0.55
128925,0.295
128926,0.025
128927,0.24
128928,0.08
128929,0.085
128930,0.235
128931,0.25
128932,0.29
128933,0.225
128934,0.13
128935,0.305
128936,0.15
128937,0.425
128938,0.19
128939,0.08
128940,0.71
128941,0.855
128942,0.33
128943,0.03
128944,0.335
128945,0.2
128946,0.42
128947,0.195
128948,0.45
128949,0.18
128950,0.41
128951,0.98
128952,0.015
128953,0.15
128954,0.065
128955,0.055
128956,0.02
128957,0.505
128958,0.095
128959,0.135
128960,0.245
128961,0.78
128962,0.29
128963,0.995
128964,0.105
128965,0.165
128966,0.705
128967,0.915
128968,0.47
128969,0.035
128970,0.1
128971,0.555
128972,0.95
128973,0.09
128974,0.135
128975,0.02
128976,0.225
128977,0.195
128978,0.17
128979,0.79
128980,0.025
128981,0.115
128982,0.675
128983,0.575
128984,0.045
128985,0.17
128986,0.26
128987,0.08
128988,0.095
128989,0.22
128990,0.05
128991,0.235
128992,0.185
128993,0.12
128994,0.02
128995,0.085
128996,0.46
128997,0.1
128998,0.53
128999,0.05
129000,0.185
129001,0.975
129002,0.485
129003,0.285
129004,0.565
129005,0.2
129006,0.16
129007,0.26
129008,0.7
129009,0.05
129010,0.515
129011,0.13
129012,0.23
129013,0.09
129014,0.105
129015,0.165
129016,0.04
129017,0.94
129018,0.045
129019,0.13
129020,0.31
129021,0.775
129022,0.02
129023,0.595
129024,0.11
129025,0.34
129026,0.05
129027,0.06
129028,0.97
129029,0.835
129030,0.06
129031,0.105
129032,0.12
129033,0.065
129034,0.11
129035,0.69
129036,0.11
129037,0.365
129038,0.45
129039,0.16
129040,0.16
129041,0.12
129042,0.095
129043,0.18
129044,0.26
129045,0.2
129046,0.22
129047,0.095
129048,0.135
129049,0.165
129050,0.085
129051,0.09
129052,0.125
129053,0.19
129054,0.08
129055,0.44
129056,0.095
129057,0.495
129058,0.215
129059,0.025
129060,0.845
129061,0.25
129062,0.185
129063,0.045
129064,0.09
129065,0.225
129066,0.165
129067,0.055
129068,0.125
129069,0.095
129070,0.545
129071,0.14
129072,0.25
129073,0.09
129074,0.48
129075,0.105
129076,0.245
129077,0.025
129078,0.025
129079,0.055
129080,0.365
129081,0.135
129082,0.445
129083,0.15
129084,0.11
129085,0.09
129086,0.05
129087,0.18
129088,0.42
129089,0.145
129090,0.725
129091,0.115
129092,0.115
129093,0.28
129094,0.215
129095,0.09
129096,0.1
129097,0.055
129098,0.135
129099,0.19
129100,0.315
129101,0.135
129102,0.08
129103,0.32
129104,0.035
129105,0.075
129106,0.045
129107,0.095
129108,0.09
129109,0.02
129110,0.055
129111,0.065
129112,0.035
129113,0.035
129114,0.035
129115,0.095
129116,0.475
129117,0.155
129118,0.46
129119,0.48
129120,0.095
129121,0.05
129122,0.05
129123,0.535
129124,0.245
129125,0.11
129126,0.495
129127,0.165
129128,0.125
129129,0.295
129130,0.02
129131,0.1
129132,0.055
129133,0.155
129134,0.67
129135,0.06
129136,0.02
129137,0.635
129138,0.015
129139,0.335
129140,0.085
129141,0.77
129142,0.705
129143,0.06
129144,0.325
129145,0.175
129146,0.095
129147,0.06
129148,0.445
129149,0.11
129150,0.08
129151,0.355
129152,0.2
129153,0.095
129154,0.135
129155,0.195
129156,0.045
129157,0.14
129158,0.195
129159,0.31
129160,0.245
129161,0.08
129162,0.155
129163,0.755
129164,0.38
129165,0.175
129166,0.095
129167,0.16
129168,0.51
129169,0.1
129170,0.51
129171,0.085
129172,0.15
129173,0.035
129174,0.15
129175,0.22
129176,0.25
129177,0.65
129178,0.11
129179,0.095
129180,0.235
129181,0.135
129182,0.3
129183,0.555
129184,0.045
129185,0.165
129186,0.115
129187,0.1
129188,0.17
129189,0.175
129190,0.22
129191,0.27
129192,0.095
129193,0.11
129194,0.3
129195,0.225
129196,0.345
129197,0.135
129198,0.24
129199,0.265
129200,0.05
129201,0.025
129202,0.2
129203,0.08
129204,0.055
129205,0.06
129206,0.01
129207,0.23
129208,0.075
129209,0.435
129210,0.265
129211,0.15
129212,0.145
129213,0.17
129214,0.205
129215,0.085
129216,0.095
129217,0.115
129218,0.095
129219,0.015
129220,0.385
129221,0.13
129222,0.225
129223,0.21
129224,0.615
129225,0.245
129226,0.145
129227,0.275
129228,0.855
129229,0.045
129230,0.085
129231,0.84
129232,0.165
129233,0.165
129234,0.21
129235,0.585
129236,0.385
129237,0.07
129238,0.355
129239,0.035
129240,0.005
129241,0.33
129242,0.035
129243,0.29
129244,0.11
129245,0.085
129246,0.21
129247,0.265
129248,0.08
129249,0.405
129250,0.045
129251,0.555
129252,0.11
129253,0.245
129254,0.68
129255,0.09
129256,0.415
129257,0.1
129258,0.065
129259,0.225
129260,0.275
129261,0.475
129262,0.355
129263,0.16
129264,0.4
129265,0.145
129266,0.065
129267,0.23
129268,0.105
129269,0.255
129270,0.8
129271,0.85
129272,0.135
129273,0.12
129274,0.35
129275,0.135
129276,0.7
129277,0.74
129278,0.09
129279,0.265
129280,0.02
129281,0.305
129282,0.025
129283,0.285
129284,0.07
129285,0.135
129286,0.02
129287,0.32
129288,0.01
129289,0.085
129290,0.08
129291,0.655
129292,0.025
129293,0.07
129294,0.015
129295,0.085
129296,0.01
129297,0.61
129298,0.115
129299,0.305
129300,0.155
129301,0.685
129302,0.245
129303,0.12
129304,0.43
129305,0.2
129306,0.055
129307,0.035
129308,0.135
129309,0.08
129310,0.045
129311,0.14
129312,0.475
129313,0.19
129314,0.025
129315,0.205
129316,0.065
129317,0.21
129318,0.105
129319,0.68
129320,0.325
129321,0.015
129322,0.31
129323,0.24
129324,0.695
129325,0.535
129326,0.035
129327,0.15
129328,0.42
129329,0.505
129330,0.655
129331,0.765
129332,0.24
129333,0.125
129334,0.07
129335,0.19
129336,0.15
129337,0.05
129338,0.365
129339,0.68
129340,0.115
129341,0.055
129342,0.14
129343,0.12
129344,0.3
129345,0.005
129346,0.52
129347,0.4
129348,0.295
129349,0.225
129350,0.165
129351,0.29
129352,0.41
129353,0.065
129354,0.125
129355,0.69
129356,0.99
129357,0.165
129358,0.335
129359,0.625
129360,0.05
129361,0.545
129362,0.22
129363,0.015
129364,0.155
129365,0.75
129366,0.295
129367,0.175
129368,0.245
129369,0.27
129370,0.18
129371,0.16
129372,0.545
129373,0.04
129374,0.195
129375,0.16
129376,0.13
129377,0.51
129378,0.155
129379,0.67
129380,0.345
129381,0.605
129382,0.455
129383,0.015
129384,0.01
129385,0.315
129386,0.2
129387,0.71
129388,0.355
129389,0.085
129390,0.66
129391,0.135
129392,0.21
129393,0.045
129394,0.215
129395,0.085
129396,0.135
129397,0.005
129398,0.04
129399,0.09
129400,0.11
129401,0.165
129402,0.225
129403,0.06
129404,0.025
129405,0.625
129406,0.105
129407,0.515
129408,0.01
129409,0.14
129410,0.535
129411,0.245
129412,0.095
129413,0.065
129414,0.02
129415,0.39
129416,0.07
129417,0.045
129418,0.11
129419,0.12
129420,0.205
129421,0.75
129422,0.105
129423,0.555
129424,0.05
129425,0.165
129426,0.255
129427,0.075
129428,0.02
129429,0.435
129430,0.15
129431,0.005
129432,0.41
129433,0.365
129434,0.86
129435,0.98
129436,0.415
129437,0.295
129438,0.33
129439,0.38
129440,0.61
129441,0.075
129442,0.1
129443,0.205
129444,0.135
129445,0.15
129446,0.335
129447,0.05
129448,0.04
129449,0.155
129450,0.315
129451,0.27
129452,0.98
129453,0.075
129454,0.24
129455,0.085
129456,0.29
129457,0.33
129458,0.045
129459,0.12
129460,0.145
129461,0.17
129462,0.025
129463,0.65
129464,0.12
129465,0.02
129466,0.32
129467,0.305
129468,0.1
129469,0.185
129470,0.115
129471,0.125
129472,0.585
129473,0.035
129474,0.12
129475,0.035
129476,0.045
129477,0.15
129478,0.475
129479,0.635
129480,0.145
129481,0.025
129482,0.04
129483,0.195
129484,0.365
129485,0.095
129486,0.07
129487,0.285
129488,0.745
129489,0.535
129490,0.005
129491,0.415
129492,0.06
129493,0.145
129494,0.0
129495,0.08
129496,0.085
129497,0.125
129498,0.115
129499,0.325
129500,0.21
129501,0.085
129502,0.05
129503,0.02
129504,0.015
129505,0.225
129506,0.645
129507,0.035
129508,0.26
129509,0.285
129510,0.2
129511,0.11
129512,0.05
129513,0.655
129514,0.705
129515,0.08
129516,0.06
129517,0.095
129518,0.065
129519,0.36
129520,0.03
129521,0.195
129522,0.035
129523,0.02
129524,0.245
129525,0.245
129526,0.24
129527,0.085
129528,0.055
129529,0.335
129530,0.2
129531,0.03
129532,0.085
129533,0.005
129534,0.175
129535,0.035
129536,0.425
129537,0.08
129538,0.15
129539,0.525
129540,0.31
129541,0.125
129542,0.05
129543,0.105
129544,0.03
129545,0.015
129546,0.22
129547,0.25
129548,0.23
129549,0.395
129550,0.16
129551,0.085
129552,0.235
129553,0.03
129554,0.19
129555,0.21
129556,0.09
129557,0.38
129558,0.605
129559,0.055
129560,0.36
129561,0.06
129562,0.805
129563,0.145
129564,0.57
129565,0.335
129566,0.035
129567,0.27
129568,0.0
129569,0.17
129570,0.28
129571,0.025
129572,0.375
129573,0.665
129574,0.16
129575,0.38
129576,0.425
129577,0.295
129578,0.08
129579,0.17
129580,0.615
129581,0.43
129582,0.16
129583,0.59
129584,0.76
129585,0.72
129586,0.165
129587,0.66
129588,0.15
129589,0.135
129590,0.235
129591,0.265
129592,0.985
129593,0.09
129594,0.23
129595,0.71
129596,0.3
129597,0.21
129598,0.84
129599,0.035
129600,0.075
129601,0.035
129602,0.0
129603,0.035
129604,0.5
129605,0.045
129606,0.485
129607,0.065
129608,0.335
129609,0.14
129610,0.21
129611,0.215
129612,0.375
129613,0.23
129614,0.55
129615,0.1
129616,0.25
129617,0.135
129618,0.3
129619,0.24
129620,0.05
129621,0.04
129622,0.265
129623,0.195
129624,0.24
129625,0.07
129626,0.57
129627,0.065
129628,0.035
129629,0.03
129630,0.12
129631,0.02
129632,0.05
129633,0.0
129634,0.2
129635,0.125
129636,0.1
129637,0.29
129638,0.055
129639,0.075
129640,0.61
129641,0.155
129642,0.07
129643,0.025
129644,0.085
129645,0.17
129646,0.065
129647,0.175
129648,0.19
129649,0.085
129650,0.155
129651,0.38
129652,0.03
129653,0.855
129654,0.02
129655,0.31
129656,0.14
129657,0.075
129658,0.38
129659,0.21
129660,0.495
129661,0.17
129662,0.105
129663,0.135
129664,0.395
129665,0.415
129666,0.045
129667,0.565
129668,0.065
129669,0.08
129670,0.175
129671,0.845
129672,0.085
129673,0.225
129674,0.145
129675,0.145
129676,0.04
129677,0.065
129678,0.13
129679,0.16
129680,0.13
129681,0.095
129682,0.37
129683,0.455
129684,0.095
129685,0.04
129686,0.085
129687,0.21
129688,0.19
129689,0.27
129690,0.23
129691,0.115
129692,0.16
129693,0.06
129694,0.055
129695,0.08
129696,0.065
129697,0.025
129698,0.07
129699,0.13
129700,0.295
129701,0.085
129702,0.04
129703,0.33
129704,0.035
129705,0.15
129706,0.06
129707,0.075
129708,0.015
129709,0.065
129710,0.84
129711,0.22
129712,0.62
129713,0.55
129714,0.295
129715,0.26
129716,0.045
129717,0.4
129718,0.065
129719,0.2
129720,0.065
129721,0.275
129722,0.335
129723,0.48
129724,0.365
129725,0.28
129726,0.18
129727,0.185
129728,0.03
129729,0.035
129730,0.135
129731,0.08
129732,0.37
129733,0.34
129734,0.05
129735,0.575
129736,0.055
129737,0.025
129738,0.065
129739,0.15
129740,0.34
129741,0.285
129742,0.015
129743,0.12
129744,0.025
129745,0.825
129746,0.095
129747,0.175
129748,0.15
129749,0.655
129750,0.125
129751,0.19
129752,0.115
129753,0.045
129754,0.075
129755,0.055
129756,0.01
129757,0.26
129758,0.93
129759,0.135
129760,0.83
129761,0.025
129762,0.085
129763,0.84
129764,0.06
129765,0.245
129766,0.085
129767,0.03
129768,0.58
129769,0.86
129770,0.795
129771,0.35
129772,0.54
129773,0.24
129774,0.135
129775,0.025
129776,0.08
129777,0.215
129778,0.815
129779,0.44
129780,0.105
129781,0.02
129782,0.21
129783,0.2
129784,0.77
129785,0.12
129786,0.715
129787,0.145
129788,0.41
129789,0.25
129790,0.045
129791,0.125
129792,0.04
129793,0.08
129794,0.545
129795,0.09
129796,0.14
129797,0.04
129798,0.835
129799,0.175
129800,0.02
129801,0.585
129802,0.195
129803,0.095
129804,0.175
129805,0.175
129806,0.05
129807,0.12
129808,0.21
129809,0.42
129810,0.0
129811,0.105
129812,0.44
129813,0.05
129814,0.105
129815,0.5
129816,0.09
129817,0.65
129818,0.18
129819,0.185
129820,0.03
129821,0.36
129822,0.05
129823,0.085
129824,0.125
129825,0.44
129826,0.17
129827,0.11
129828,0.24
129829,0.24
129830,0.765
129831,0.32
129832,0.06
129833,0.14
129834,0.28
129835,0.56
129836,0.145
129837,0.11
129838,0.12
129839,0.75
129840,0.04
129841,0.03
129842,0.045
129843,0.805
129844,0.585
129845,0.155
129846,0.345
129847,0.09
129848,0.58
129849,0.43
129850,0.42
129851,0.105
129852,0.195
129853,0.1
129854,0.04
129855,0.055
129856,0.185
129857,0.055
129858,0.25
129859,0.215
129860,0.315
129861,0.625
129862,0.38
129863,0.085
129864,0.11
129865,0.275
129866,0.73
129867,0.025
129868,0.625
129869,0.15
129870,0.1
129871,0.11
129872,0.065
129873,0.08
129874,0.005
129875,0.3
129876,0.05
129877,0.13
129878,0.015
129879,0.285
129880,0.58
129881,0.045
129882,0.325
129883,0.12
129884,0.08
129885,0.155
129886,0.125
129887,0.23
129888,0.785
129889,0.0
129890,0.29
129891,0.01
129892,0.015
129893,0.42
129894,0.4
129895,0.01
129896,0.2
129897,0.845
129898,0.255
129899,0.055
129900,0.445
129901,0.085
129902,0.555
129903,0.205
129904,0.175
129905,0.19
129906,0.385
129907,0.2
129908,0.17
129909,0.085
129910,0.075
129911,0.015
129912,0.085
129913,0.125
129914,0.02
129915,0.07
129916,0.82
129917,0.165
129918,0.585
129919,0.095
129920,0.705
129921,0.29
129922,0.145
129923,0.16
129924,0.43
129925,0.065
129926,0.645
129927,0.24
129928,0.505
129929,0.185
129930,0.155
129931,0.325
129932,0.41
129933,0.395
129934,0.39
129935,0.145
129936,0.255
129937,0.085
129938,0.135
129939,0.195
129940,0.075
129941,0.45
129942,0.355
129943,0.025
129944,0.06
129945,0.625
129946,0.165
129947,0.06
129948,0.24
129949,0.06
129950,0.185
129951,0.02
129952,0.77
129953,0.275
129954,0.115
129955,0.12
129956,0.03
129957,0.195
129958,0.185
129959,0.025
129960,0.18
129961,0.06
129962,0.11
129963,0.245
129964,0.405
129965,0.135
129966,0.05
129967,0.035
129968,0.11
129969,0.015
129970,0.055
129971,0.16
129972,0.13
129973,0.41
129974,0.25
129975,0.105
129976,0.2
129977,0.26
129978,0.05
129979,0.34
129980,0.085
129981,0.11
129982,0.16
129983,0.31
129984,0.21
129985,0.08
129986,0.45
129987,0.025
129988,0.25
129989,0.505
129990,0.185
129991,0.455
129992,0.06
129993,0.04
129994,0.595
129995,0.225
129996,0.165
129997,0.005
129998,0.075
129999,0.165
130000,0.135
130001,0.145
130002,0.105
130003,0.44
130004,0.07
130005,0.295
130006,0.29
130007,0.375
130008,0.12
130009,0.11
130010,0.12
130011,0.015
130012,0.2
130013,0.065
130014,0.12
130015,0.06
130016,0.035
130017,0.555
130018,0.055
130019,0.025
130020,0.02
130021,0.335
130022,0.035
130023,0.31
130024,0.175
130025,0.31
130026,0.07
130027,0.07
130028,0.315
130029,0.3
130030,0.065
130031,0.52
130032,0.29
130033,0.125
130034,0.09
130035,0.04
130036,0.49
130037,0.3
130038,0.05
130039,0.18
130040,0.67
130041,0.23
130042,0.285
130043,0.31
130044,0.075
130045,0.06
130046,0.16
130047,0.13
130048,0.115
130049,0.16
130050,0.08
130051,0.105
130052,0.235
130053,0.14
130054,0.2
130055,0.065
130056,0.605
130057,0.505
130058,0.09
130059,0.0
130060,0.125
130061,0.11
130062,0.04
130063,0.235
130064,0.08
130065,0.035
130066,0.04
130067,0.5
130068,0.25
130069,0.1
130070,0.655
130071,0.16
130072,0.52
130073,0.5
130074,0.305
130075,0.245
130076,0.43
130077,0.07
130078,0.08
130079,0.205
130080,0.52
130081,0.235
130082,0.235
130083,0.07
130084,0.17
130085,0.185
130086,0.015
130087,0.14
130088,0.065
130089,0.035
130090,0.47
130091,0.26
130092,0.13
130093,0.19
130094,0.905
130095,0.125
130096,0.715
130097,0.44
130098,0.205
130099,0.11
130100,0.125
130101,0.57
130102,0.16
130103,0.14
130104,0.105
130105,0.065
130106,0.02
130107,0.65
130108,0.07
130109,0.165
130110,0.475
130111,0.18
130112,0.155
130113,0.07
130114,0.12
130115,0.11
130116,0.11
130117,0.38
130118,0.35
130119,0.79
130120,0.635
130121,0.15
130122,0.015
130123,0.08
130124,0.09
130125,0.49
130126,0.185
130127,0.185
130128,0.045
130129,0.4
130130,0.495
130131,0.04
130132,0.43
130133,0.02
130134,0.47
130135,0.395
130136,0.115
130137,0.565
130138,0.53
130139,0.195
130140,0.39
130141,0.1
130142,0.105
130143,0.29
130144,0.155
130145,0.035
130146,0.685
130147,0.155
130148,0.015
130149,0.03
130150,0.265
130151,0.13
130152,0.0
130153,0.205
130154,0.555
130155,0.15
130156,0.23
130157,0.18
130158,0.605
130159,0.16
130160,0.115
130161,0.2
130162,0.035
130163,0.045
130164,0.11
130165,0.065
130166,0.055
130167,0.08
130168,0.68
130169,0.99
130170,0.195
130171,0.375
130172,0.03
130173,0.065
130174,0.105
130175,0.055
130176,0.4
130177,0.005
130178,0.5
130179,0.015
130180,0.335
130181,0.44
130182,0.135
130183,0.07
130184,0.2
130185,0.125
130186,0.48
130187,0.175
130188,0.25
130189,0.005
130190,0.045
130191,0.34
130192,0.23
130193,0.16
130194,0.16
130195,0.405
130196,0.655
130197,0.385
130198,0.145
130199,0.125
130200,0.18
130201,0.315
130202,0.325
130203,0.02
130204,0.19
130205,0.265
130206,0.0
130207,0.115
130208,0.59
130209,0.565
130210,0.6
130211,0.515
130212,0.105
130213,0.63
130214,0.17
130215,0.935
130216,0.12
130217,0.235
130218,0.06
130219,0.02
130220,0.125
130221,0.285
130222,0.01
130223,0.07
130224,0.18
130225,0.495
130226,0.035
130227,0.39
130228,0.08
130229,0.435
130230,0.88
130231,0.165
130232,0.17
130233,0.025
130234,0.18
130235,0.12
130236,0.17
130237,0.385
130238,0.105
130239,0.16
130240,0.26
130241,0.1
130242,0.43
130243,0.23
130244,0.085
130245,0.125
130246,0.12
130247,0.72
130248,0.025
130249,0.14
130250,0.07
130251,0.41
130252,0.02
130253,0.095
130254,0.19
130255,0.685
130256,0.05
130257,0.06
130258,0.055
130259,0.115
130260,0.19
130261,0.13
130262,0.57
130263,0.365
130264,0.23
130265,0.05
130266,0.035
130267,0.205
130268,0.67
130269,0.35
130270,0.025
130271,0.155
130272,0.03
130273,0.085
130274,0.12
130275,0.105
130276,0.025
130277,0.575
130278,0.66
130279,0.12
130280,0.01
130281,0.705
130282,0.48
130283,0.18
130284,0.05
130285,0.11
130286,0.77
130287,0.055
130288,0.19
130289,0.31
130290,0.09
130291,0.32
130292,0.075
130293,0.495
130294,0.11
130295,0.215
130296,0.435
130297,0.065
130298,0.035
130299,0.22
130300,0.215
130301,0.195
130302,0.245
130303,0.27
130304,0.06
130305,0.055
130306,0.195
130307,0.6
130308,0.085
130309,0.175
130310,0.135
130311,0.18
130312,0.115
130313,0.065
130314,0.215
130315,0.205
130316,0.125
130317,0.05
130318,0.47
130319,0.09
130320,0.0
130321,0.025
130322,0.155
130323,0.35
130324,0.34
130325,0.175
130326,0.03
130327,0.055
130328,0.15
130329,0.195
130330,0.565
130331,0.015
130332,0.025
130333,0.075
130334,0.105
130335,0.285
130336,0.075
130337,0.4
130338,0.095
130339,0.05
130340,0.155
130341,0.395
130342,0.17
130343,0.02
130344,0.27
130345,0.12
130346,0.055
130347,0.285
130348,0.44
130349,0.61
130350,0.19
130351,0.2
130352,0.575
130353,0.035
130354,0.54
130355,0.06
130356,0.745
130357,0.545
130358,0.175
130359,0.02
130360,0.14
130361,0.255
130362,0.125
130363,0.1
130364,0.035
130365,0.125
130366,0.105
130367,0.275
130368,0.35
130369,0.345
130370,0.605
130371,0.365
130372,0.045
130373,0.12
130374,0.03
130375,0.115
130376,0.045
130377,0.01
130378,0.025
130379,0.05
130380,0.49
130381,0.085
130382,0.05
130383,0.52
130384,0.705
130385,0.04
130386,0.175
130387,0.2
130388,0.345
130389,0.63
130390,0.26
130391,0.05
130392,0.245
130393,0.69
130394,0.79
130395,0.595
130396,0.305
130397,0.41
130398,0.355
130399,0.085
130400,0.18
130401,0.495
130402,0.585
130403,0.175
130404,0.215
130405,0.445
130406,0.125
130407,0.08
130408,0.57
130409,0.26
130410,0.12
130411,0.085
130412,0.245
130413,0.005
130414,0.005
130415,0.22
130416,0.14
130417,0.345
130418,0.285
130419,0.07
130420,0.875
130421,0.04
130422,0.085
130423,0.235
130424,0.415
130425,0.88
130426,0.525
130427,0.245
130428,0.36
130429,0.025
130430,0.015
130431,0.05
130432,0.46
130433,0.015
130434,0.19
130435,0.0
130436,0.665
130437,0.04
130438,0.535
130439,0.12
130440,0.215
130441,0.19
130442,0.11
130443,0.05
130444,0.06
130445,0.015
130446,0.135
130447,0.44
130448,0.115
130449,0.185
130450,0.0
130451,0.365
130452,0.33
130453,0.065
130454,0.285
130455,0.16
130456,0.09
130457,0.12
130458,0.105
130459,0.14
130460,0.055
130461,0.095
130462,0.12
130463,0.58
130464,0.18
130465,0.155
130466,0.645
130467,0.615
130468,0.105
130469,0.225
130470,0.18
130471,0.12
130472,0.075
130473,0.23
130474,0.16
130475,0.095
130476,0.27
130477,0.115
130478,0.145
130479,0.425
130480,0.185
130481,0.065
130482,0.5
130483,0.055
130484,0.265
130485,0.21
130486,0.265
130487,0.08
130488,0.265
130489,0.085
130490,0.23
130491,0.13
130492,0.32
130493,0.06
130494,0.535
130495,0.315
130496,0.03
130497,0.165
130498,0.835
130499,0.085
130500,0.475
130501,0.615
130502,0.075
130503,0.11
130504,0.71
130505,0.31
130506,0.335
130507,0.135
130508,0.035
130509,0.585
130510,0.175
130511,0.125
130512,0.22
130513,0.015
130514,0.095
130515,0.29
130516,0.21
130517,0.14
130518,0.015
130519,0.27
130520,0.045
130521,0.195
130522,0.0
130523,0.36
130524,0.325
130525,0.3
130526,0.22
130527,0.035
130528,0.09
130529,0.61
130530,0.63
130531,0.25
130532,0.495
130533,0.125
130534,0.49
130535,0.115
130536,0.1
130537,0.38
130538,0.355
130539,0.095
130540,0.06
130541,0.125
130542,0.985
130543,0.38
130544,0.025
130545,0.725
130546,0.22
130547,0.445
130548,0.32
130549,0.015
130550,0.265
130551,0.19
130552,0.185
130553,0.195
130554,0.09
130555,0.155
130556,0.01
130557,0.025
130558,0.31
130559,0.33
130560,0.105
130561,0.23
130562,0.085
130563,0.06
130564,0.245
130565,0.34
130566,0.045
130567,0.32
130568,0.0
130569,0.28
130570,0.075
130571,0.14
130572,0.25
130573,0.25
130574,0.16
130575,0.05
130576,0.375
130577,0.015
130578,0.735
130579,0.4
130580,0.81
130581,0.37
130582,0.05
130583,0.835
130584,0.07
130585,0.125
130586,0.385
130587,0.365
130588,0.49
130589,0.19
130590,0.245
130591,0.055
130592,0.075
130593,0.055
130594,0.165
130595,0.095
130596,0.3
130597,0.355
130598,0.415
130599,0.21
130600,0.055
130601,0.03
130602,0.255
130603,0.06
130604,0.15
130605,0.155
130606,0.09
130607,0.06
130608,0.08
130609,0.095
130610,0.415
130611,0.32
130612,0.115
130613,0.33
130614,0.245
130615,0.88
130616,0.565
130617,0.17
130618,0.13
130619,0.135
130620,0.12
130621,0.3
130622,0.255
130623,0.085
130624,0.14
130625,0.23
130626,0.125
130627,0.245
130628,0.05
130629,0.37
130630,0.1
130631,0.19
130632,0.005
130633,0.2
130634,0.325
130635,0.89
130636,0.43
130637,0.04
130638,0.185
130639,0.0
130640,0.215
130641,0.15
130642,0.21
130643,0.035
130644,0.205
130645,0.2
130646,0.745
130647,0.27
130648,0.025
130649,0.185
130650,0.06
130651,0.02
130652,0.125
130653,0.195
130654,0.3
130655,0.445
130656,0.695
130657,0.2
130658,0.1
130659,0.165
130660,0.305
130661,0.325
130662,0.035
130663,0.08
130664,0.105
130665,0.01
130666,0.135
130667,0.04
130668,0.185
130669,0.09
130670,0.115
130671,0.315
130672,0.035
130673,0.055
130674,0.505
130675,0.065
130676,0.085
130677,0.14
130678,0.425
130679,0.065
130680,0.095
130681,0.065
130682,0.055
130683,0.11
130684,0.51
130685,0.34
130686,0.145
130687,0.405
130688,0.07
130689,0.12
130690,0.385
130691,0.12
130692,0.045
130693,0.09
130694,0.175
130695,0.275
130696,0.31
130697,0.065
130698,0.075
130699,0.02
130700,0.75
130701,0.445
130702,0.6
130703,0.075
130704,0.18
130705,0.125
130706,0.02
130707,0.2
130708,0.27
130709,0.295
130710,0.505
130711,0.235
130712,0.0
130713,0.435
130714,0.58
130715,0.71
130716,0.085
130717,0.16
130718,0.105
130719,0.12
130720,0.345
130721,0.38
130722,0.76
130723,0.035
130724,0.04
130725,0.245
130726,0.185
130727,0.395
130728,0.235
130729,0.04
130730,0.145
130731,0.395
130732,0.195
130733,0.01
130734,0.045
130735,0.145
130736,0.105
130737,0.03
130738,0.26
130739,0.17
130740,0.22
130741,0.145
130742,0.025
130743,0.58
130744,0.955
130745,0.525
130746,0.085
130747,0.255
130748,0.105
130749,0.065
130750,0.625
130751,0.055
130752,0.065
130753,0.455
130754,0.27
130755,0.06
130756,0.055
130757,0.08
130758,0.355
130759,0.885
130760,0.13
130761,0.07
130762,0.1
130763,0.91
130764,0.35
130765,0.02
130766,0.0
130767,0.245
130768,0.035
130769,0.03
130770,0.055
130771,0.035
130772,0.15
130773,0.3
130774,0.49
130775,0.655
130776,0.195
130777,0.04
130778,0.14
130779,0.06
130780,0.04
130781,0.125
130782,0.04
130783,0.135
130784,0.045
130785,0.63
130786,0.165
130787,0.105
130788,0.08
130789,0.04
130790,0.085
130791,0.535
130792,0.005
130793,0.145
130794,0.055
130795,0.155
130796,0.14
130797,0.01
130798,0.24
130799,0.15
130800,0.015
130801,0.11
130802,0.83
130803,0.105
130804,0.615
130805,0.505
130806,0.21
130807,0.1
130808,0.09
130809,0.415
130810,0.155
130811,0.085
130812,0.13
130813,0.085
130814,0.02
130815,0.11
130816,0.385
130817,0.62
130818,0.465
130819,0.085
130820,0.16
130821,0.73
130822,0.05
130823,0.14
130824,0.045
130825,0.105
130826,0.205
130827,0.015
130828,0.08
130829,0.225
130830,0.08
130831,0.04
130832,0.9
130833,0.555
130834,0.1
130835,0.225
130836,0.035
130837,0.125
130838,0.56
130839,0.17
130840,0.535
130841,0.025
130842,0.01
130843,0.135
130844,0.265
130845,0.42
130846,0.445
130847,0.075
130848,0.555
130849,0.28
130850,0.23
130851,0.135
130852,0.195
130853,0.32
130854,0.225
130855,0.155
130856,0.14
130857,0.21
130858,0.115
130859,0.78
130860,0.815
130861,0.225
130862,0.255
130863,0.275
130864,0.225
130865,0.895
130866,0.7
130867,0.205
130868,0.04
130869,0.005
130870,0.175
130871,0.23
130872,0.39
130873,0.14
130874,0.29
130875,0.115
130876,0.055
130877,0.27
130878,0.35
130879,0.28
130880,0.105
130881,0.06
130882,0.33
130883,0.095
130884,0.07
130885,0.76
130886,0.23
130887,0.115
130888,0.785
130889,0.2
130890,0.025
130891,0.25
130892,0.105
130893,0.08
130894,0.105
130895,0.405
130896,0.045
130897,0.205
130898,0.15
130899,0.275
130900,0.015
130901,0.07
130902,0.38
130903,0.22
130904,0.05
130905,0.08
130906,0.26
130907,0.11
130908,0.12
130909,0.745
130910,0.1
130911,0.125
130912,0.145
130913,0.1
130914,0.04
130915,0.18
130916,0.235
130917,0.075
130918,0.13
130919,0.275
130920,0.085
130921,0.1
130922,0.18
130923,0.965
130924,0.605
130925,0.705
130926,0.15
130927,0.34
130928,0.035
130929,0.005
130930,0.04
130931,0.165
130932,0.26
130933,0.14
130934,0.05
130935,0.335
130936,0.22
130937,0.505
130938,0.1
130939,0.02
130940,0.07
130941,0.2
130942,0.29
130943,0.055
130944,0.495
130945,0.645
130946,0.1
130947,0.065
130948,0.42
130949,0.46
130950,0.06
130951,0.24
130952,0.04
130953,0.325
130954,0.1
130955,0.065
130956,0.145
130957,0.055
130958,0.205
130959,0.085
130960,0.595
130961,0.2
130962,0.82
130963,0.135
130964,0.295
130965,0.025
130966,0.08
130967,0.325
130968,0.22
130969,0.23
130970,0.515
130971,0.485
130972,0.205
130973,0.34
130974,0.095
130975,0.05
130976,0.065
130977,0.64
130978,0.08
130979,0.39
130980,0.185
130981,0.15
130982,0.02
130983,0.075
130984,0.165
130985,0.02
130986,0.245
130987,0.225
130988,0.03
130989,0.06
130990,0.365
130991,0.095
130992,0.36
130993,0.26
130994,0.16
130995,0.16
130996,0.205
130997,0.79
130998,0.85
130999,0.41
131000,0.15
131001,0.1
131002,0.23
131003,0.075
131004,0.07
131005,0.11
131006,0.28
131007,0.25
131008,0.085
131009,0.39
131010,0.355
131011,0.24
131012,0.635
131013,0.055
131014,0.415
131015,0.05
131016,0.135
131017,0.085
131018,0.075
131019,0.115
131020,0.015
131021,0.27
131022,0.18
131023,0.095
131024,0.235
131025,0.66
131026,0.4
131027,0.145
131028,0.295
131029,0.1
131030,0.1
131031,0.12
131032,0.25
131033,0.4
131034,0.11
131035,0.4
131036,0.59
131037,0.075
131038,0.83
131039,0.54
131040,0.17
131041,0.375
131042,0.31
131043,0.025
131044,0.215
131045,0.43
131046,0.415
131047,0.095
131048,0.045
131049,0.035
131050,0.17
131051,0.71
131052,0.055
131053,0.27
131054,0.845
131055,0.09
131056,0.555
131057,0.28
131058,0.13
131059,0.185
131060,0.19
131061,0.045
131062,0.08
131063,0.315
131064,0.05
131065,0.3
131066,0.35
131067,0.455
131068,0.315
131069,0.205
131070,0.92
131071,0.29
131072,0.08
131073,0.13
131074,0.36
131075,0.355
131076,0.205
131077,0.41
131078,0.035
131079,0.225
131080,0.015
131081,0.04
131082,0.145
131083,0.43
131084,0.045
131085,0.235
131086,0.165
131087,0.685
131088,0.185
131089,0.57
131090,0.055
131091,0.005
131092,0.02
131093,0.485
131094,0.015
131095,0.23
131096,0.235
131097,0.03
131098,0.145
131099,0.225
131100,0.13
131101,0.03
131102,0.025
131103,0.525
131104,0.18
131105,0.115
131106,0.025
131107,0.065
131108,0.345
131109,0.19
131110,0.14
131111,0.45
131112,0.185
131113,0.545
131114,0.3
131115,0.67
131116,0.295
131117,0.435
131118,0.22
131119,0.0
131120,0.005
131121,0.07
131122,0.555
131123,0.89
131124,0.15
131125,0.055
131126,0.08
131127,0.26
131128,0.0
131129,0.73
131130,0.06
131131,0.255
131132,0.29
131133,0.04
131134,0.165
131135,0.545
131136,0.03
131137,0.265
131138,0.305
131139,0.575
131140,0.445
131141,0.05
131142,0.015
131143,0.48
131144,0.135
131145,0.07
131146,0.055
131147,0.005
131148,0.15
131149,0.09
131150,0.06
131151,0.495
131152,0.025
131153,0.59
131154,0.475
131155,0.035
131156,0.265
131157,0.455
131158,0.065
131159,0.775
131160,0.29
131161,0.295
131162,0.145
131163,0.095
131164,0.03
131165,0.175
131166,0.105
131167,0.02
131168,0.045
131169,0.065
131170,0.755
131171,0.115
131172,0.28
131173,0.195
131174,0.23
131175,0.28
131176,0.235
131177,0.18
131178,0.525
131179,0.095
131180,0.605
131181,0.02
131182,0.265
131183,0.02
131184,0.18
131185,0.18
131186,0.26
131187,0.13
131188,0.54
131189,0.005
131190,0.03
131191,0.805
131192,0.325
131193,0.15
131194,0.395
131195,0.155
131196,0.065
131197,0.135
131198,0.01
131199,0.275
131200,0.15
131201,0.105
131202,0.17
131203,0.03
131204,0.195
131205,0.67
131206,0.265
131207,0.05
131208,0.215
131209,0.025
131210,0.885
131211,0.09
131212,0.07
131213,0.13
131214,0.105
131215,0.48
131216,0.655
131217,0.34
131218,0.13
131219,0.37
131220,0.005
131221,0.025
131222,0.04
131223,0.285
131224,0.07
131225,0.045
131226,0.235
131227,0.19
131228,0.255
131229,0.295
131230,0.115
131231,0.115
131232,0.25
131233,0.08
131234,0.06
131235,0.54
131236,0.45
131237,0.06
131238,0.65
131239,0.365
131240,0.43
131241,0.385
131242,0.01
131243,0.37
131244,0.045
131245,0.2
131246,0.07
131247,0.145
131248,0.21
131249,0.225
131250,0.05
131251,0.2
131252,0.255
131253,0.05
131254,0.1
131255,0.19
131256,0.075
131257,0.9
131258,0.05
131259,0.415
131260,0.275
131261,0.005
131262,0.3
131263,0.49
131264,0.295
131265,0.495
131266,0.255
131267,0.065
131268,0.1
131269,0.11
131270,0.275
131271,0.075
131272,0.03
131273,0.03
131274,0.14
131275,0.135
131276,0.29
131277,0.115
131278,0.025
131279,0.01
131280,0.155
131281,0.03
131282,0.075
131283,0.63
131284,0.05
131285,0.155
131286,0.025
131287,0.045
131288,0.265
131289,0.64
131290,0.095
131291,0.08
131292,0.025
131293,0.075
131294,0.56
131295,0.695
131296,0.095
131297,0.075
131298,0.255
131299,0.005
131300,0.585
131301,0.055
131302,0.21
131303,0.49
131304,0.21
131305,0.055
131306,0.005
131307,0.76
131308,0.195
131309,0.085
131310,0.13
131311,0.295
131312,0.045
131313,0.215
131314,0.53
131315,0.035
131316,0.08
131317,0.45
131318,0.015
131319,0.415
131320,0.01
131321,0.195
131322,0.31
131323,0.02
131324,0.11
131325,0.025
131326,0.32
131327,0.075
131328,0.325
131329,0.045
131330,0.215
131331,0.145
131332,0.055
131333,0.14
131334,0.23
131335,0.0
131336,0.12
131337,0.035
131338,0.405
131339,0.445
131340,0.505
131341,0.015
131342,0.005
131343,0.085
131344,0.355
131345,0.23
131346,0.085
131347,0.12
131348,0.035
131349,0.165
131350,0.065
131351,0.69
131352,0.09
131353,0.38
131354,0.16
131355,0.06
131356,0.24
131357,0.495
131358,0.395
131359,0.14
131360,0.07
131361,0.7
131362,0.03
131363,0.0
131364,0.11
131365,0.215
131366,0.185
131367,0.015
131368,0.015
131369,0.34
131370,0.14
131371,0.69
131372,0.145
131373,0.045
131374,0.165
131375,0.44
131376,0.075
131377,0.085
131378,0.19
131379,0.185
131380,0.725
131381,0.21
131382,0.14
131383,0.05
131384,0.025
131385,0.16
131386,0.59
131387,0.03
131388,0.21
131389,0.41
131390,0.29
131391,0.05
131392,0.13
131393,0.155
131394,0.15
131395,0.015
131396,0.675
131397,0.16
131398,0.51
131399,0.345
131400,0.185
131401,0.875
131402,0.425
131403,0.71
131404,0.14
131405,0.31
131406,0.125
131407,0.2
131408,0.08
131409,0.28
131410,0.15
131411,0.15
131412,0.745
131413,0.335
131414,0.415
131415,0.075
131416,0.155
131417,0.145
131418,0.16
131419,0.195
131420,0.105
131421,0.145
131422,0.795
131423,0.02
131424,0.11
131425,0.025
131426,0.37
131427,0.21
131428,0.275
131429,0.745
131430,0.105
131431,0.145
131432,0.35
131433,0.155
131434,0.015
131435,0.22
131436,0.09
131437,0.155
131438,0.61
131439,0.075
131440,0.585
131441,0.045
131442,0.09
131443,0.22
131444,0.075
131445,0.135
131446,0.08
131447,0.135
131448,0.15
131449,0.27
131450,0.745
131451,0.175
131452,0.31
131453,0.26
131454,0.05
131455,0.08
131456,0.215
131457,0.175
131458,0.08
131459,0.29
131460,0.235
131461,0.19
131462,0.0
131463,0.095
131464,0.11
131465,0.08
131466,0.075
131467,0.055
131468,0.075
131469,0.02
131470,0.245
131471,0.095
131472,0.125
131473,0.135
131474,0.065
131475,0.115
131476,0.055
131477,0.315
131478,0.285
131479,0.4
131480,0.185
131481,0.035
131482,0.055
131483,0.015
131484,0.38
131485,0.325
131486,0.06
131487,0.285
131488,0.035
131489,0.085
131490,0.13
131491,0.03
131492,0.035
131493,0.325
131494,0.05
131495,0.985
131496,0.07
131497,0.02
131498,0.135
131499,0.685
131500,0.035
131501,0.03
131502,0.445
131503,0.05
131504,0.685
131505,0.125
131506,0.03
131507,0.17
131508,0.01
131509,0.125
131510,0.095
131511,0.415
131512,0.185
131513,0.13
131514,0.5
131515,0.11
131516,0.235
131517,0.095
131518,0.025
131519,0.12
131520,0.035
131521,0.26
131522,0.105
131523,0.29
131524,0.05
131525,0.045
131526,0.16
131527,0.075
131528,0.24
131529,0.26
131530,0.05
131531,0.185
131532,0.335
131533,0.42
131534,0.18
131535,0.02
131536,0.05
131537,0.155
131538,0.255
131539,0.32
131540,0.545
131541,0.245
131542,0.02
131543,0.195
131544,0.02
131545,0.045
131546,0.15
131547,0.275
131548,0.285
131549,0.37
131550,0.24
131551,0.72
131552,0.085
131553,0.835
131554,0.16
131555,0.19
131556,0.67
131557,0.215
131558,0.72
131559,0.9
131560,0.375
131561,0.09
131562,0.05
131563,0.71
131564,0.04
131565,0.175
131566,0.02
131567,0.07
131568,0.015
131569,0.085
131570,0.06
131571,0.235
131572,0.495
131573,0.085
131574,0.105
131575,0.285
131576,0.125
131577,0.455
131578,0.205
131579,0.05
131580,0.055
131581,0.06
131582,0.08
131583,0.025
131584,0.11
131585,0.05
131586,0.05
131587,0.32
131588,0.175
131589,0.195
131590,0.125
131591,0.085
131592,0.4
131593,0.055
131594,0.055
131595,0.22
131596,0.24
131597,0.35
131598,0.275
131599,0.225
131600,0.035
131601,0.0
131602,0.315
131603,0.29
131604,0.545
131605,0.015
131606,0.83
131607,0.075
131608,0.21
131609,0.265
131610,0.3
131611,0.16
131612,0.06
131613,0.105
131614,0.87
131615,0.11
131616,0.215
131617,0.15
131618,0.02
131619,0.235
131620,0.21
131621,0.405
131622,0.035
131623,0.01
131624,0.67
131625,0.11
131626,0.34
131627,0.145
131628,0.45
131629,0.305
131630,0.19
131631,0.17
131632,0.045
131633,0.16
131634,0.565
131635,0.025
131636,0.04
131637,0.245
131638,0.185
131639,0.145
131640,0.53
131641,0.175
131642,0.25
131643,0.05
131644,0.2
131645,0.23
131646,0.1
131647,0.035
131648,0.135
131649,0.08
131650,0.245
131651,0.275
131652,0.18
131653,0.6
131654,0.22
131655,0.125
131656,0.16
131657,0.695
131658,0.01
131659,0.015
131660,0.295
131661,0.175
131662,0.09
131663,0.24
131664,0.135
131665,0.12
131666,0.525
131667,0.075
131668,0.175
131669,0.07
131670,0.09
131671,0.21
131672,0.13
131673,0.23
131674,0.125
131675,0.755
131676,0.31
131677,0.46
131678,0.17
131679,0.43
131680,0.23
131681,0.02
131682,0.205
131683,0.62
131684,0.13
131685,0.095
131686,0.055
131687,0.025
131688,0.185
131689,0.055
131690,0.04
131691,0.02
131692,0.12
131693,0.035
131694,0.05
131695,0.085
131696,0.065
131697,0.03
131698,0.015
131699,0.105
131700,0.025
131701,0.265
131702,0.01
131703,0.06
131704,0.09
131705,0.065
131706,0.605
131707,0.065
131708,0.145
131709,0.055
131710,0.16
131711,0.08
131712,0.08
131713,0.105
131714,0.085
131715,0.095
131716,0.145
131717,0.24
131718,0.155
131719,0.285
131720,0.495
131721,0.115
131722,0.085
131723,0.61
131724,0.005
131725,0.075
131726,0.48
131727,0.04
131728,0.28
131729,0.09
131730,0.18
131731,0.115
131732,0.13
131733,0.055
131734,0.015
131735,0.105
131736,0.16
131737,0.07
131738,0.22
131739,0.03
131740,0.325
131741,0.235
131742,0.105
131743,0.185
131744,0.22
131745,0.515
131746,0.14
131747,0.13
131748,0.13
131749,0.09
131750,0.405
131751,0.36
131752,0.3
131753,0.105
131754,0.275
131755,0.73
131756,0.805
131757,0.15
131758,0.035
131759,0.09
131760,0.03
131761,0.205
131762,0.055
131763,0.11
131764,0.04
131765,0.1
131766,0.1
131767,0.115
131768,0.075
131769,0.08
131770,0.055
131771,0.07
131772,0.81
131773,0.03
131774,0.125
131775,0.405
131776,0.035
131777,0.025
131778,0.21
131779,0.08
131780,0.11
131781,0.05
131782,0.01
131783,0.07
131784,0.565
131785,0.04
131786,0.52
131787,0.26
131788,0.145
131789,0.055
131790,0.14
131791,0.6
131792,0.52
131793,0.16
131794,0.145
131795,0.02
131796,0.875
131797,0.065
131798,0.05
131799,0.04
131800,0.63
131801,0.16
131802,0.645
131803,0.235
131804,0.005
131805,0.045
131806,0.13
131807,0.1
131808,0.265
131809,0.49
131810,0.18
131811,0.48
131812,0.085
131813,0.355
131814,0.355
131815,0.225
131816,0.41
131817,0.09
131818,0.15
131819,0.2
131820,0.035
131821,0.07
131822,0.175
131823,0.04
131824,0.38
131825,0.07
131826,0.05
131827,0.165
131828,0.11
131829,0.045
131830,0.135
131831,0.145
131832,0.115
131833,0.21
131834,0.18
131835,0.08
131836,0.545
131837,0.165
131838,0.765
131839,0.28
131840,0.085
131841,0.485
131842,0.235
131843,0.105
131844,0.2
131845,0.065
131846,0.245
131847,0.21
131848,0.035
131849,0.15
131850,0.06
131851,0.2
131852,0.105
131853,0.06
131854,0.045
131855,0.03
131856,0.135
131857,0.25
131858,0.135
131859,0.215
131860,0.02
131861,0.035
131862,0.005
131863,0.32
131864,0.055
131865,0.025
131866,0.115
131867,0.39
131868,0.145
131869,0.95
131870,0.195
131871,0.335
131872,0.05
131873,0.355
131874,0.17
131875,0.08
131876,0.135
131877,0.06
131878,0.12
131879,0.17
131880,0.29
131881,0.1
131882,0.19
131883,0.055
131884,0.135
131885,0.32
131886,0.405
131887,0.465
131888,0.275
131889,0.425
131890,0.045
131891,0.205
131892,0.105
131893,0.175
131894,0.18
131895,0.04
131896,0.135
131897,0.165
131898,0.305
131899,0.015
131900,0.15
131901,0.53
131902,0.125
131903,0.23
131904,0.2
131905,0.645
131906,0.2
131907,0.06
131908,0.425
131909,0.03
131910,0.065
131911,0.675
131912,0.135
131913,0.735
131914,0.63
131915,0.365
131916,0.09
131917,0.04
131918,0.075
131919,0.05
131920,0.015
131921,0.22
131922,0.27
131923,0.53
131924,0.195
131925,0.08
131926,0.01
131927,0.05
131928,0.665
131929,0.41
131930,0.13
131931,0.54
131932,0.14
131933,0.05
131934,0.105
131935,0.06
131936,0.185
131937,0.12
131938,0.115
131939,0.185
131940,0.04
131941,0.755
131942,0.05
131943,0.07
131944,0.315
131945,0.3
131946,0.08
131947,0.21
131948,0.25
131949,0.61
131950,0.105
131951,0.53
131952,0.415
131953,0.155
131954,0.055
131955,0.635
131956,0.085
131957,0.02
131958,0.2
131959,0.475
131960,0.475
131961,0.31
131962,0.045
131963,0.07
131964,0.705
131965,0.62
131966,0.235
131967,0.385
131968,0.49
131969,0.53
131970,0.16
131971,0.005
131972,0.605
131973,0.13
131974,0.235
131975,0.345
131976,0.39
131977,0.15
131978,0.1
131979,0.065
131980,0.47
131981,0.055
131982,0.345
131983,0.05
131984,0.19
131985,0.585
131986,0.09
131987,0.24
131988,0.445
131989,0.415
131990,0.15
131991,0.15
131992,0.055
131993,0.035
131994,0.315
131995,0.11
131996,0.11
131997,0.695
131998,0.675
131999,0.2
132000,0.11
132001,0.04
132002,0.425
132003,0.425
132004,0.215
132005,0.625
132006,0.68
132007,0.02
132008,0.4
132009,0.43
132010,0.045
132011,0.34
132012,0.53
132013,0.075
132014,0.015
132015,0.355
132016,0.18
132017,0.345
132018,0.145
132019,0.425
132020,0.435
132021,0.06
132022,0.86
132023,0.03
132024,0.16
132025,0.115
132026,0.1
132027,0.275
132028,0.28
132029,0.18
132030,0.1
132031,0.48
132032,0.095
132033,0.085
132034,0.275
132035,0.115
132036,0.295
132037,0.11
132038,0.31
132039,0.36
132040,0.32
132041,0.105
132042,0.525
132043,0.02
132044,0.535
132045,0.9
132046,0.465
132047,0.185
132048,0.145
132049,0.075
132050,0.055
132051,0.115
132052,0.575
132053,0.095
132054,0.53
132055,0.115
132056,0.06
132057,0.115
132058,0.545
132059,0.07
132060,0.095
132061,0.14
132062,0.72
132063,0.71
132064,0.005
132065,0.64
132066,0.51
132067,0.215
132068,0.29
132069,0.655
132070,0.91
132071,0.105
132072,0.005
132073,0.135
132074,0.05
132075,0.495
132076,0.47
132077,0.86
132078,0.21
132079,0.25
132080,0.09
132081,0.055
132082,0.05
132083,0.01
132084,0.055
132085,0.65
132086,0.1
132087,0.075
132088,0.09
132089,0.16
132090,0.155
132091,0.23
132092,0.285
132093,0.49
132094,0.335
132095,0.015
132096,0.23
132097,0.01
132098,0.115
132099,0.105
132100,0.175
132101,0.075
132102,0.225
132103,0.1
132104,0.19
132105,0.045
132106,0.075
132107,0.085
132108,0.165
132109,0.475
132110,0.115
132111,0.095
132112,0.14
132113,0.135
132114,0.98
132115,0.305
132116,0.15
132117,0.17
132118,0.39
132119,0.27
132120,0.115
132121,0.355
132122,0.75
132123,0.23
132124,0.12
132125,0.26
132126,0.17
132127,0.28
132128,0.215
132129,0.195
132130,0.18
132131,0.36
132132,0.16
132133,0.365
132134,0.075
132135,0.02
132136,0.065
132137,0.21
132138,0.235
132139,0.07
132140,0.27
132141,0.16
132142,0.14
132143,0.21
132144,0.23
132145,0.09
132146,0.45
132147,0.19
132148,0.02
132149,0.34
132150,0.12
132151,0.085
132152,0.455
132153,0.17
132154,0.28
132155,0.675
132156,0.14
132157,0.19
132158,0.415
132159,0.05
132160,0.12
132161,0.13
132162,0.045
132163,0.02
132164,0.835
132165,0.33
132166,0.065
132167,0.295
132168,0.04
132169,0.475
132170,0.42
132171,0.385
132172,0.125
132173,0.825
132174,0.09
132175,0.415
132176,0.08
132177,0.165
132178,0.08
132179,0.11
132180,0.145
132181,0.77
132182,0.255
132183,0.06
132184,0.155
132185,0.255
132186,0.03
132187,0.005
132188,0.25
132189,0.425
132190,0.215
132191,0.08
132192,0.135
132193,0.085
132194,0.475
132195,0.34
132196,0.155
132197,0.375
132198,0.645
132199,0.01
132200,0.055
132201,0.045
132202,0.48
132203,0.4
132204,0.58
132205,0.105
132206,0.025
132207,0.085
132208,0.185
132209,0.06
132210,0.54
132211,0.51
132212,0.105
132213,0.0
132214,0.205
132215,0.155
132216,0.73
132217,0.035
132218,0.105
132219,0.85
132220,0.085
132221,0.205
132222,0.885
132223,0.185
132224,0.025
132225,0.26
132226,0.475
132227,0.695
132228,0.35
132229,0.215
132230,0.09
132231,0.36
132232,0.615
132233,0.05
132234,0.085
132235,0.225
132236,0.075
132237,0.06
132238,0.83
132239,0.105
132240,0.215
132241,0.405
132242,0.855
132243,0.035
132244,0.535
132245,0.37
132246,0.215
132247,0.195
132248,0.085
132249,0.035
132250,0.095
132251,0.18
132252,0.42
132253,0.16
132254,0.41
132255,0.08
132256,0.11
132257,0.075
132258,0.56
132259,0.235
132260,0.2
132261,0.02
132262,0.115
132263,0.815
132264,0.365
132265,0.085
132266,0.27
132267,0.085
132268,0.165
132269,0.025
132270,0.16
132271,0.455
132272,0.05
132273,0.035
132274,0.18
132275,0.065
132276,0.965
132277,0.075
132278,0.025
132279,0.09
132280,0.31
132281,0.18
132282,0.27
132283,0.085
132284,0.25
132285,0.05
132286,0.235
132287,0.21
132288,0.565
132289,0.54
132290,0.045
132291,0.765
132292,0.145
132293,0.245
132294,0.105
132295,0.38
132296,0.005
132297,0.12
132298,0.065
132299,0.145
132300,0.52
132301,0.07
132302,0.17
132303,0.285
132304,0.34
132305,0.135
132306,0.45
132307,0.17
132308,0.44
132309,0.09
132310,0.19
132311,0.175
132312,0.18
132313,0.135
132314,0.055
132315,0.105
132316,0.34
132317,0.2
132318,0.3
132319,0.345
132320,0.25
132321,0.555
132322,0.04
132323,0.055
132324,0.035
132325,0.315
132326,0.385
132327,0.195
132328,0.135
132329,0.02
132330,0.42
132331,0.015
132332,0.405
132333,0.025
132334,0.795
132335,0.38
132336,0.05
132337,0.36
132338,0.105
132339,0.145
132340,0.1
132341,0.07
132342,0.295
132343,0.3
132344,0.335
132345,0.09
132346,0.28
132347,0.265
132348,0.24
132349,0.1
132350,0.02
132351,0.16
132352,0.115
132353,0.545
132354,0.21
132355,0.03
132356,0.475
132357,0.15
132358,0.095
132359,0.015
132360,0.075
132361,0.415
132362,0.15
132363,0.05
132364,0.23
132365,0.05
132366,0.83
132367,0.05
132368,0.215
132369,0.075
132370,0.115
132371,0.28
132372,0.075
132373,0.185
132374,0.055
132375,0.08
132376,0.06
132377,0.065
132378,0.465
132379,0.08
132380,0.12
132381,0.095
132382,0.115
132383,0.045
132384,0.005
132385,0.24
132386,0.175
132387,0.38
132388,0.13
132389,0.045
132390,0.25
132391,0.46
132392,0.585
132393,0.99
132394,0.53
132395,0.16
132396,0.225
132397,0.095
132398,0.1
132399,0.11
132400,0.145
132401,0.075
132402,0.24
132403,0.48
132404,0.14
132405,0.305
132406,0.61
132407,0.14
132408,0.47
132409,0.065
132410,0.24
132411,0.065
132412,0.13
132413,0.085
132414,0.255
132415,0.15
132416,0.05
132417,0.395
132418,0.135
132419,0.515
132420,0.5
132421,0.09
132422,0.275
132423,0.115
132424,0.2
132425,0.42
132426,0.14
132427,0.04
132428,0.02
132429,0.095
132430,0.095
132431,0.355
132432,0.225
132433,0.21
132434,0.19
132435,0.215
132436,0.27
132437,0.275
132438,0.03
132439,0.07
132440,0.185
132441,0.21
132442,0.105
132443,0.135
132444,0.395
132445,0.05
132446,0.065
132447,0.495
132448,0.27
132449,0.055
132450,0.06
132451,0.095
132452,0.045
132453,0.0
132454,0.225
132455,0.45
132456,0.065
132457,0.25
132458,0.305
132459,0.16
132460,0.055
132461,0.315
132462,0.105
132463,0.515
132464,0.705
132465,0.355
132466,0.025
132467,0.09
132468,0.06
132469,0.19
132470,0.03
132471,0.095
132472,0.03
132473,0.48
132474,0.065
132475,0.3
132476,0.115
132477,0.195
132478,0.145
132479,0.33
132480,0.145
132481,0.16
132482,0.025
132483,0.07
132484,0.235
132485,0.14
132486,0.15
132487,0.16
132488,0.055
132489,0.185
132490,0.25
132491,0.06
132492,0.13
132493,0.35
132494,0.17
132495,0.545
132496,0.165
132497,0.015
132498,0.165
132499,0.07
132500,0.23
132501,0.08
132502,0.155
132503,0.215
132504,0.035
132505,0.335
132506,0.19
132507,0.01
132508,0.025
132509,0.075
132510,0.33
132511,0.135
132512,0.13
132513,0.025
132514,0.715
132515,0.885
132516,0.44
132517,0.505
132518,0.16
132519,0.125
132520,0.72
132521,0.015
132522,0.1
132523,0.085
132524,0.015
132525,0.21
132526,0.125
132527,0.485
132528,0.07
132529,0.045
132530,0.09
132531,0.105
132532,0.24
132533,0.335
132534,0.06
132535,0.185
132536,0.365
132537,0.13
132538,0.175
132539,0.105
132540,0.055
132541,0.025
132542,0.365
132543,0.815
132544,0.285
132545,0.045
132546,0.055
132547,0.72
132548,0.245
132549,0.67
132550,0.06
132551,0.235
132552,0.805
132553,0.56
132554,0.145
132555,0.01
132556,0.245
132557,0.39
132558,0.105
132559,0.31
132560,0.24
132561,0.135
132562,0.02
132563,0.05
132564,0.105
132565,0.15
132566,0.035
132567,0.335
132568,0.535
132569,0.005
132570,0.2
132571,0.615
132572,0.21
132573,0.07
132574,0.435
132575,0.185
132576,0.67
132577,0.065
132578,0.465
132579,0.645
132580,0.125
132581,0.065
132582,0.175
132583,0.5
132584,0.32
132585,0.02
132586,0.065
132587,0.165
132588,0.115
132589,0.285
132590,0.095
132591,0.0
132592,0.025
132593,0.235
132594,0.055
132595,0.07
132596,0.195
132597,0.305
132598,0.66
132599,0.21
132600,0.7
132601,0.13
132602,0.695
132603,0.04
132604,0.1
132605,0.26
132606,0.1
132607,0.385
132608,0.135
132609,0.065
132610,0.27
132611,0.31
132612,0.33
132613,0.155
132614,0.115
132615,0.82
132616,0.905
132617,0.03
132618,0.235
132619,0.275
132620,0.515
132621,0.255
132622,0.095
132623,0.74
132624,0.045
132625,0.255
132626,0.205
132627,0.22
132628,0.065
132629,0.195
132630,0.355
132631,0.275
132632,0.065
132633,0.07
132634,0.055
132635,0.48
132636,0.055
132637,0.055
132638,0.035
132639,0.89
132640,0.67
132641,0.065
132642,0.0
132643,0.165
132644,0.185
132645,0.26
132646,0.54
132647,0.68
132648,0.11
132649,0.135
132650,0.145
132651,0.115
132652,0.07
132653,0.56
132654,0.015
132655,0.115
132656,0.505
132657,0.415
132658,0.05
132659,0.075
132660,0.155
132661,0.27
132662,0.045
132663,0.26
132664,0.17
132665,0.015
132666,0.215
132667,0.01
132668,0.03
132669,0.25
132670,0.225
132671,0.23
132672,0.165
132673,0.445
132674,0.085
132675,0.255
132676,0.015
132677,0.255
132678,0.705
132679,0.63
132680,0.09
132681,0.245
132682,0.455
132683,0.975
132684,0.15
132685,0.045
132686,0.415
132687,0.09
132688,0.04
132689,0.375
132690,0.04
132691,0.16
132692,0.29
132693,0.15
132694,0.335
132695,0.035
132696,0.11
132697,0.265
132698,0.095
132699,0.16
132700,0.05
132701,0.055
132702,0.13
132703,0.695
132704,0.08
132705,0.085
132706,0.27
132707,0.06
132708,0.03
132709,0.44
132710,0.12
132711,0.075
132712,0.395
132713,0.18
132714,0.11
132715,0.43
132716,0.045
132717,0.045
132718,0.03
132719,0.195
132720,0.15
132721,0.065
132722,0.145
132723,0.09
132724,0.185
132725,0.075
132726,0.165
132727,0.045
132728,0.08
132729,0.14
132730,0.16
132731,0.645
132732,0.835
132733,0.14
132734,0.04
132735,0.035
132736,0.065
132737,0.145
132738,0.225
132739,0.02
132740,0.16
132741,0.02
132742,0.165
132743,0.475
132744,0.13
132745,0.22
132746,0.535
132747,0.13
132748,0.345
132749,0.075
132750,0.04
132751,0.715
132752,0.245
132753,0.045
132754,0.215
132755,0.175
132756,0.17
132757,0.2
132758,0.045
132759,0.13
132760,0.3
132761,0.175
132762,0.32
132763,0.03
132764,0.075
132765,0.05
132766,0.485
132767,0.115
132768,0.165
132769,0.185
132770,0.02
132771,0.07
132772,0.19
132773,0.125
132774,0.125
132775,0.015
132776,0.785
132777,0.085
132778,0.185
132779,0.35
132780,0.075
132781,0.055
132782,0.03
132783,0.135
132784,0.67
132785,0.465
132786,0.265
132787,0.35
132788,0.01
132789,0.73
132790,0.11
132791,0.1
132792,0.265
132793,0.015
132794,0.375
132795,0.145
132796,0.08
132797,0.73
132798,0.1
132799,0.12
132800,0.065
132801,0.11
132802,0.755
132803,0.16
132804,0.075
132805,0.3
132806,0.07
132807,0.125
132808,0.045
132809,0.425
132810,0.035
132811,0.11
132812,0.125
132813,0.02
132814,0.33
132815,0.09
132816,0.005
132817,0.195
132818,0.04
132819,0.065
132820,0.485
132821,0.565
132822,0.285
132823,0.01
132824,0.17
132825,0.155
132826,0.415
132827,0.125
132828,0.235
132829,0.31
132830,0.05
132831,0.64
132832,0.18
132833,0.76
132834,0.03
132835,0.01
132836,0.1
132837,0.005
132838,0.02
132839,0.09
132840,0.085
132841,0.105
132842,0.13
132843,0.085
132844,0.17
132845,0.04
132846,0.135
132847,0.01
132848,0.73
132849,0.03
132850,0.195
132851,0.04
132852,0.375
132853,0.08
132854,0.04
132855,0.005
132856,0.135
132857,0.135
132858,0.165
132859,0.085
132860,0.075
132861,0.005
132862,0.055
132863,0.235
132864,0.83
132865,0.48
132866,0.195
132867,0.035
132868,0.12
132869,0.545
132870,0.31
132871,0.05
132872,0.525
132873,0.085
132874,0.15
132875,0.09
132876,0.14
132877,0.595
132878,0.045
132879,0.01
132880,0.01
132881,0.19
132882,0.06
132883,0.08
132884,0.11
132885,0.12
132886,0.265
132887,0.055
132888,0.12
132889,0.79
132890,0.79
132891,0.05
132892,0.34
132893,0.205
132894,0.395
132895,0.375
132896,0.13
132897,0.07
132898,0.155
132899,0.375
132900,0.145
132901,0.395
132902,0.105
132903,0.07
132904,0.235
132905,0.71
132906,0.105
132907,0.025
132908,0.08
132909,0.1
132910,0.31
132911,0.27
132912,0.81
132913,0.12
132914,0.64
132915,0.05
132916,0.15
132917,0.02
132918,0.32
132919,0.075
132920,0.06
132921,0.245
132922,0.015
132923,0.27
132924,0.075
132925,0.15
132926,0.02
132927,0.22
132928,0.11
132929,0.225
132930,0.105
132931,0.06
132932,0.04
132933,0.49
132934,0.725
132935,0.105
132936,0.065
132937,0.065
132938,0.105
132939,0.1
132940,0.655
132941,0.09
132942,0.13
132943,0.155
132944,0.085
132945,0.295
132946,0.09
132947,0.5
132948,0.2
132949,0.01
132950,0.27
132951,0.285
132952,0.475
132953,0.165
132954,0.805
132955,0.125
132956,0.03
132957,0.075
132958,0.33
132959,0.03
132960,0.18
132961,0.125
132962,0.185
132963,0.19
132964,0.22
132965,0.03
132966,0.105
132967,0.355
132968,0.215
132969,0.15
132970,0.63
132971,0.54
132972,0.45
132973,0.015
132974,0.09
132975,0.315
132976,0.035
132977,0.385
132978,0.09
132979,0.1
132980,0.21
132981,0.085
132982,0.04
132983,0.06
132984,0.51
132985,0.76
132986,0.075
132987,0.03
132988,0.22
132989,0.84
132990,0.095
132991,0.09
132992,0.06
132993,0.635
132994,0.0
132995,0.03
132996,0.555
132997,0.24
132998,0.025
132999,0.67
133000,0.02
133001,0.46
133002,0.01
133003,0.01
133004,0.695
133005,0.125
133006,0.395
133007,0.34
133008,0.655
133009,0.14
133010,0.17
133011,0.44
133012,0.28
133013,0.3
133014,0.13
133015,0.39
133016,0.045
133017,0.185
133018,0.015
133019,0.045
133020,0.06
133021,0.145
133022,0.005
133023,0.005
133024,0.505
133025,0.185
133026,0.145
133027,0.08
133028,0.1
133029,0.045
133030,0.065
133031,0.475
133032,0.515
133033,0.225
133034,0.09
133035,0.0
133036,0.07
133037,0.05
133038,0.07
133039,0.01
133040,0.02
133041,0.505
133042,0.12
133043,0.255
133044,0.05
133045,0.06
133046,0.46
133047,0.09
133048,0.32
133049,0.42
133050,0.175
133051,0.11
133052,0.095
133053,0.115
133054,0.985
133055,0.185
133056,0.13
133057,0.035
133058,0.485
133059,0.605
133060,0.16
133061,0.04
133062,0.065
133063,0.035
133064,0.5
133065,0.345
133066,0.29
133067,0.245
133068,0.115
133069,0.16
133070,0.11
133071,0.32
133072,0.29
133073,0.17
133074,0.01
133075,0.235
133076,0.105
133077,0.165
133078,0.69
133079,0.105
133080,0.1
133081,0.135
133082,0.09
133083,0.14
133084,0.35
133085,0.22
133086,0.33
133087,0.195
133088,0.135
133089,0.14
133090,0.06
133091,0.515
133092,0.245
133093,0.67
133094,0.375
133095,0.105
133096,0.255
133097,0.19
133098,0.21
133099,0.405
133100,0.16
133101,0.05
133102,0.085
133103,0.055
133104,0.095
133105,0.185
133106,0.135
133107,0.07
133108,0.41
133109,0.21
133110,0.325
133111,0.0
133112,0.16
133113,0.1
133114,0.19
133115,0.18
133116,0.15
133117,0.125
133118,0.505
133119,0.195
133120,0.025
133121,0.045
133122,0.05
133123,0.125
133124,0.48
133125,0.125
133126,0.03
133127,0.395
133128,0.025
133129,0.09
133130,0.53
133131,0.89
133132,0.16
133133,0.325
133134,0.065
133135,0.02
133136,0.0
133137,0.3
133138,0.055
133139,0.04
133140,0.28
133141,0.295
133142,0.115
133143,0.49
133144,0.19
133145,0.265
133146,0.14
133147,0.035
133148,0.065
133149,0.065
133150,0.26
133151,0.125
133152,0.26
133153,0.26
133154,0.985
133155,0.105
133156,0.74
133157,0.23
133158,0.105
133159,0.64
133160,0.04
133161,0.6
133162,0.105
133163,0.74
133164,0.285
133165,0.365
133166,0.095
133167,0.025
133168,0.65
133169,0.78
133170,0.535
133171,0.585
133172,0.085
133173,0.015
133174,0.07
133175,0.19
133176,0.245
133177,0.305
133178,0.07
133179,0.565
133180,0.295
133181,0.07
133182,0.365
133183,0.035
133184,0.055
133185,0.33
133186,0.03
133187,0.04
133188,0.03
133189,0.14
133190,0.115
133191,0.065
133192,0.065
133193,0.195
133194,0.265
133195,0.735
133196,0.045
133197,0.63
133198,0.215
133199,0.235
133200,0.27
133201,0.025
133202,0.75
133203,0.03
133204,0.205
133205,0.05
133206,0.67
133207,0.18
133208,0.095
133209,0.155
133210,0.155
133211,0.265
133212,0.195
133213,0.265
133214,0.195
133215,0.035
133216,0.01
133217,0.34
133218,0.31
133219,0.255
133220,0.005
133221,0.075
133222,0.14
133223,0.08
133224,0.02
133225,0.47
133226,0.13
133227,0.115
133228,0.305
133229,0.09
133230,0.395
133231,0.075
133232,0.64
133233,0.155
133234,0.305
133235,0.09
133236,0.615
133237,0.005
133238,0.165
133239,0.025
133240,0.34
133241,0.17
133242,0.34
133243,0.03
133244,0.145
133245,0.06
133246,0.125
133247,0.195
133248,0.415
133249,0.12
133250,0.05
133251,0.245
133252,0.115
133253,0.18
133254,0.225
133255,0.03
133256,0.01
133257,0.41
133258,0.14
133259,0.1
133260,0.24
133261,0.02
133262,0.53
133263,0.025
133264,0.01
133265,0.08
133266,0.3
133267,0.765
133268,0.055
133269,0.385
133270,0.06
133271,0.5
133272,0.065
133273,0.78
133274,0.035
133275,0.125
133276,0.155
133277,0.075
133278,0.36
133279,0.22
133280,0.13
133281,0.08
133282,0.145
133283,0.5
133284,0.015
133285,0.065
133286,0.145
133287,0.115
133288,0.32
133289,0.28
133290,0.265
133291,0.175
133292,0.245
133293,0.92
133294,0.265
133295,0.19
133296,0.115
133297,0.1
133298,0.01
133299,0.45
133300,0.02
133301,0.485
133302,0.305
133303,0.61
133304,0.035
133305,0.475
133306,0.18
133307,0.275
133308,0.46
133309,0.155
133310,0.525
133311,0.015
133312,0.03
133313,0.42
133314,0.15
133315,0.075
133316,0.1
133317,0.195
133318,0.17
133319,0.275
133320,0.065
133321,0.15
133322,0.045
133323,0.295
133324,0.67
133325,0.065
133326,0.015
133327,0.02
133328,0.08
133329,0.355
133330,0.04
133331,0.475
133332,0.385
133333,0.005
133334,0.08
133335,0.14
133336,0.095
133337,0.56
133338,0.035
133339,0.43
133340,0.085
133341,0.02
133342,0.13
133343,0.155
133344,0.015
133345,0.09
133346,0.12
133347,0.355
133348,0.535
133349,0.14
133350,0.09
133351,0.64
133352,0.11
133353,0.085
133354,0.21
133355,0.305
133356,0.115
133357,0.06
133358,0.125
133359,0.22
133360,0.015
133361,0.42
133362,0.97
133363,0.195
133364,0.475
133365,0.23
133366,0.165
133367,0.05
133368,0.075
133369,0.165
133370,0.22
133371,0.01
133372,0.025
133373,0.035
133374,0.115
133375,0.17
133376,0.16
133377,0.185
133378,0.42
133379,0.03
133380,0.235
133381,0.115
133382,0.24
133383,0.215
133384,0.035
133385,0.17
133386,0.6
133387,0.26
133388,0.73
133389,0.25
133390,0.14
133391,0.29
133392,0.075
133393,0.595
133394,0.995
133395,0.08
133396,0.065
133397,0.33
133398,0.06
133399,0.255
133400,0.135
133401,0.085
133402,0.13
133403,0.14
133404,0.165
133405,0.315
133406,0.2
133407,0.015
133408,0.11
133409,0.12
133410,0.275
133411,0.55
133412,0.83
133413,0.715
133414,0.765
133415,0.12
133416,0.11
133417,0.16
133418,0.39
133419,0.455
133420,0.16
133421,0.345
133422,0.225
133423,0.155
133424,0.04
133425,0.165
133426,0.175
133427,0.52
133428,0.05
133429,0.185
133430,0.03
133431,0.135
133432,0.805
133433,0.655
133434,0.395
133435,0.155
133436,0.675
133437,0.1
133438,0.12
133439,0.665
133440,0.06
133441,0.445
133442,0.135
133443,0.025
133444,0.19
133445,0.425
133446,0.16
133447,0.08
133448,0.835
133449,0.58
133450,0.24
133451,0.21
133452,0.065
133453,0.045
133454,0.09
133455,0.14
133456,0.035
133457,0.155
133458,0.48
133459,0.195
133460,0.12
133461,0.095
133462,0.04
133463,0.02
133464,0.03
133465,0.12
133466,0.4
133467,0.12
133468,0.16
133469,0.035
133470,0.745
133471,0.03
133472,0.065
133473,0.08
133474,0.1
133475,0.31
133476,0.1
133477,0.7
133478,0.685
133479,0.485
133480,0.11
133481,0.625
133482,0.205
133483,0.055
133484,0.065
133485,0.06
133486,0.04
133487,0.17
133488,0.075
133489,0.02
133490,0.155
133491,0.205
133492,0.01
133493,0.545
133494,0.04
133495,0.24
133496,0.72
133497,0.02
133498,0.075
133499,0.075
133500,0.095
133501,0.21
133502,0.185
133503,0.095
133504,0.005
133505,0.32
133506,0.065
133507,0.06
133508,0.085
133509,0.295
133510,0.125
133511,0.04
133512,0.03
133513,0.235
133514,0.015
133515,0.08
133516,0.18
133517,0.08
133518,0.13
133519,0.3
133520,0.035
133521,0.07
133522,0.19
133523,0.125
133524,0.37
133525,0.105
133526,0.135
133527,0.17
133528,0.18
133529,0.07
133530,0.01
133531,0.1
133532,0.205
133533,0.25
133534,0.435
133535,0.01
133536,0.215
133537,0.045
133538,0.265
133539,0.61
133540,0.475
133541,0.16
133542,0.055
133543,0.12
133544,0.25
133545,0.325
133546,0.175
133547,0.665
133548,0.135
133549,0.145
133550,0.385
133551,0.26
133552,0.6
133553,0.23
133554,0.105
133555,0.23
133556,0.27
133557,0.01
133558,0.05
133559,0.275
133560,0.235
133561,0.02
133562,0.0
133563,0.36
133564,0.6
133565,0.035
133566,0.175
133567,0.95
133568,0.17
133569,0.03
133570,0.015
133571,0.2
133572,0.11
133573,0.085
133574,0.11
133575,0.235
133576,0.51
133577,0.545
133578,0.79
133579,0.215
133580,0.08
133581,0.935
133582,0.04
133583,0.31
133584,0.125
133585,0.345
133586,0.545
133587,0.435
133588,0.095
133589,0.12
133590,0.195
133591,0.88
133592,0.16
133593,0.055
133594,0.29
133595,0.45
133596,0.255
133597,0.105
133598,0.04
133599,0.195
133600,0.065
133601,0.13
133602,0.17
133603,0.215
133604,0.015
133605,0.115
133606,0.245
133607,0.025
133608,0.37
133609,0.76
133610,0.685
133611,0.34
133612,0.135
133613,0.015
133614,0.07
133615,0.285
133616,0.2
133617,0.09
133618,0.125
133619,0.11
133620,0.045
133621,0.03
133622,0.175
133623,0.2
133624,0.1
133625,0.685
133626,0.31
133627,0.045
133628,0.02
133629,0.315
133630,0.08
133631,0.025
133632,0.025
133633,0.085
133634,0.26
133635,0.035
133636,0.17
133637,0.845
133638,0.08
133639,0.0
133640,0.14
133641,0.235
133642,0.19
133643,0.1
133644,0.055
133645,0.095
133646,0.085
133647,0.04
133648,0.1
133649,0.55
133650,0.71
133651,0.125
133652,0.145
133653,0.065
133654,0.065
133655,0.155
133656,0.135
133657,0.065
133658,0.485
133659,0.695
133660,0.305
133661,0.145
133662,0.24
133663,0.17
133664,0.89
133665,0.785
133666,0.12
133667,0.47
133668,0.28
133669,0.155
133670,0.125
133671,0.19
133672,0.06
133673,0.31
133674,0.045
133675,0.31
133676,0.03
133677,0.09
133678,0.05
133679,0.235
133680,0.02
133681,0.085
133682,0.2
133683,0.125
133684,0.055
133685,0.075
133686,0.695
133687,0.12
133688,0.065
133689,0.53
133690,0.145
133691,0.325
133692,0.655
133693,0.22
133694,0.7
133695,0.095
133696,0.075
133697,0.145
133698,0.195
133699,0.61
133700,0.625
133701,0.105
133702,0.1
133703,0.23
133704,0.14
133705,0.29
133706,0.06
133707,0.29
133708,0.09
133709,0.24
133710,0.025
133711,0.095
133712,0.045
133713,0.065
133714,0.205
133715,0.195
133716,0.305
133717,0.47
133718,0.01
133719,0.175
133720,0.455
133721,0.865
133722,0.15
133723,0.07
133724,0.24
133725,0.475
133726,0.13
133727,0.16
133728,0.18
133729,0.095
133730,0.105
133731,0.1
133732,0.01
133733,0.19
133734,0.06
133735,0.66
133736,0.32
133737,0.01
133738,0.755
133739,0.24
133740,0.44
133741,0.125
133742,0.065
133743,0.08
133744,0.155
133745,0.12
133746,0.125
133747,0.325
133748,0.15
133749,0.445
133750,0.055
133751,0.135
133752,0.12
133753,0.4
133754,0.28
133755,0.225
133756,0.05
133757,0.175
133758,0.125
133759,0.055
133760,0.17
133761,0.52
133762,0.09
133763,0.01
133764,0.21
133765,0.235
133766,0.145
133767,0.66
133768,0.17
133769,0.16
133770,0.305
133771,0.135
133772,0.1
133773,0.09
133774,0.045
133775,0.155
133776,0.095
133777,0.695
133778,0.0
133779,0.135
133780,0.09
133781,0.09
133782,0.37
133783,0.76
133784,0.775
133785,0.135
133786,0.73
133787,0.09
133788,0.725
133789,0.11
133790,0.155
133791,0.05
133792,0.06
133793,0.275
133794,0.06
133795,0.39
133796,0.07
133797,0.085
133798,0.24
133799,0.055
133800,0.045
133801,0.165
133802,0.49
133803,0.155
133804,0.105
133805,0.025
133806,0.215
133807,0.415
133808,0.015
133809,0.15
133810,0.525
133811,0.42
133812,0.19
133813,0.04
133814,0.095
133815,0.09
133816,0.565
133817,0.445
133818,0.075
133819,0.24
133820,0.21
133821,0.12
133822,0.485
133823,0.035
133824,0.39
133825,0.085
133826,0.205
133827,0.19
133828,0.06
133829,0.34
133830,0.36
133831,0.045
133832,0.155
133833,0.475
133834,0.41
133835,0.17
133836,0.02
133837,0.33
133838,0.275
133839,0.12
133840,0.07
133841,0.55
133842,0.105
133843,0.015
133844,0.115
133845,0.735
133846,0.765
133847,0.23
133848,0.565
133849,0.16
133850,0.065
133851,0.485
133852,0.19
133853,0.795
133854,0.15
133855,0.285
133856,0.24
133857,0.49
133858,0.485
133859,0.885
133860,0.1
133861,0.1
133862,0.985
133863,0.425
133864,0.125
133865,0.18
133866,0.23
133867,0.125
133868,0.17
133869,0.18
133870,0.57
133871,0.12
133872,0.21
133873,0.155
133874,0.165
133875,0.045
133876,0.01
133877,0.045
133878,0.24
133879,0.205
133880,0.265
133881,0.145
133882,0.035
133883,0.055
133884,0.1
133885,0.05
133886,0.09
133887,0.25
133888,0.045
133889,0.085
133890,0.1
133891,0.13
133892,0.145
133893,0.235
133894,0.01
133895,0.07
133896,0.12
133897,0.13
133898,0.06
133899,0.095
133900,0.04
133901,0.105
133902,0.405
133903,0.3
133904,0.04
133905,0.07
133906,0.055
133907,0.025
133908,0.09
133909,0.0
133910,0.74
133911,0.07
133912,0.045
133913,0.11
133914,0.03
133915,0.035
133916,0.13
133917,0.13
133918,0.08
133919,0.065
133920,0.075
133921,0.495
133922,0.16
133923,0.22
133924,0.135
133925,0.16
133926,0.05
133927,0.075
133928,0.075
133929,0.645
133930,0.245
133931,0.41
133932,0.09
133933,0.005
133934,0.01
133935,0.09
133936,0.385
133937,0.645
133938,0.095
133939,0.005
133940,0.25
133941,0.305
133942,0.165
133943,0.215
133944,0.09
133945,0.2
133946,0.095
133947,0.195
133948,0.135
133949,0.16
133950,0.045
133951,0.005
133952,0.045
133953,0.3
133954,0.005
133955,0.11
133956,0.065
133957,0.565
133958,0.235
133959,0.16
133960,0.135
133961,0.36
133962,0.395
133963,0.085
133964,0.035
133965,0.66
133966,0.4
133967,0.79
133968,0.03
133969,0.07
133970,0.07
133971,0.21
133972,0.2
133973,0.095
133974,0.035
133975,0.32
133976,0.37
133977,0.925
133978,0.3
133979,0.68
133980,0.18
133981,0.33
133982,0.175
133983,0.305
133984,0.065
133985,0.245
133986,0.045
133987,0.09
133988,0.075
133989,0.24
133990,0.14
133991,0.05
133992,0.18
133993,0.465
133994,0.045
133995,0.025
133996,0.12
133997,0.34
133998,0.085
133999,0.09
134000,0.015
134001,0.76
134002,0.625
134003,0.135
134004,0.155
134005,0.3
134006,0.3
134007,0.61
134008,0.175
134009,0.175
134010,0.355
134011,0.055
134012,0.14
134013,0.16
134014,0.195
134015,0.18
134016,0.315
134017,0.05
134018,0.03
134019,0.12
134020,0.005
134021,0.055
134022,0.055
134023,0.12
134024,0.12
134025,0.185
134026,0.1
134027,0.61
134028,0.17
134029,0.225
134030,0.85
134031,0.645
134032,0.125
134033,0.015
134034,0.25
134035,0.085
134036,0.12
134037,0.14
134038,0.02
134039,0.545
134040,0.07
134041,0.075
134042,0.085
134043,0.075
134044,0.08
134045,0.065
134046,0.005
134047,0.11
134048,0.115
134049,0.11
134050,0.105
134051,0.06
134052,0.14
134053,0.185
134054,0.21
134055,0.105
134056,0.12
134057,0.025
134058,0.115
134059,0.48
134060,0.09
134061,0.375
134062,0.37
134063,0.26
134064,0.035
134065,0.21
134066,0.075
134067,0.13
134068,0.025
134069,0.03
134070,0.065
134071,0.105
134072,0.03
134073,0.72
134074,0.38
134075,0.275
134076,0.415
134077,0.26
134078,0.31
134079,0.225
134080,0.07
134081,0.065
134082,0.6
134083,0.085
134084,0.39
134085,0.77
134086,0.13
134087,0.03
134088,0.07
134089,0.295
134090,0.05
134091,0.16
134092,0.175
134093,0.255
134094,0.085
134095,0.385
134096,0.025
134097,0.2
134098,0.025
134099,0.06
134100,0.09
134101,0.025
134102,0.53
134103,0.0
134104,0.16
134105,0.385
134106,0.075
134107,0.19
134108,0.23
134109,0.195
134110,0.075
134111,0.035
134112,0.035
134113,0.175
134114,0.01
134115,0.015
134116,0.29
134117,0.08
134118,0.255
134119,0.425
134120,0.265
134121,0.01
134122,0.185
134123,0.78
134124,0.085
134125,0.065
134126,0.09
134127,0.14
134128,0.4
134129,0.375
134130,0.355
134131,0.11
134132,0.305
134133,0.045
134134,0.435
134135,0.325
134136,0.075
134137,0.045
134138,0.04
134139,0.34
134140,0.255
134141,0.085
134142,0.07
134143,0.13
134144,0.13
134145,0.02
134146,0.69
134147,0.865
134148,0.085
134149,0.635
134150,0.375
134151,0.095
134152,0.19
134153,0.045
134154,0.01
134155,0.25
134156,0.22
134157,0.12
134158,0.355
134159,0.505
134160,0.455
134161,0.08
134162,0.0
134163,0.015
134164,0.03
134165,0.85
134166,0.085
134167,0.625
134168,0.31
134169,0.15
134170,0.065
134171,0.06
134172,0.18
134173,0.035
134174,0.14
134175,0.1
134176,0.095
134177,0.235
134178,0.135
134179,0.08
134180,0.005
134181,0.03
134182,0.22
134183,0.085
134184,0.12
134185,0.095
134186,0.405
134187,0.235
134188,0.11
134189,0.075
134190,0.035
134191,0.665
134192,0.01
134193,0.745
134194,0.165
134195,0.06
134196,0.08
134197,0.235
134198,0.07
134199,0.165
134200,0.58
134201,0.06
134202,0.08
134203,0.085
134204,0.07
134205,0.05
134206,0.72
134207,0.095
134208,0.09
134209,0.03
134210,0.08
134211,0.085
134212,0.675
134213,0.15
134214,0.085
134215,0.22
134216,0.16
134217,0.405
134218,0.025
134219,0.045
134220,0.76
134221,0.295
134222,0.035
134223,0.145
134224,0.02
134225,0.02
134226,0.62
134227,0.665
134228,0.14
134229,0.04
134230,0.0
134231,0.065
134232,0.52
134233,0.19
134234,0.62
134235,0.545
134236,0.045
134237,0.6
134238,0.055
134239,0.105
134240,0.225
134241,0.08
134242,0.36
134243,0.24
134244,0.065
134245,0.48
134246,0.23
134247,0.2
134248,0.12
134249,0.49
134250,0.15
134251,0.19
134252,0.23
134253,0.62
134254,0.185
134255,0.515
134256,0.245
134257,0.005
134258,0.51
134259,0.2
134260,0.665
134261,0.7
134262,0.285
134263,0.195
134264,0.455
134265,0.105
134266,0.695
134267,0.29
134268,0.14
134269,0.125
134270,0.09
134271,0.83
134272,0.165
134273,0.09
134274,0.145
134275,0.43
134276,0.29
134277,0.34
134278,0.55
134279,0.495
134280,0.11
134281,0.29
134282,0.56
134283,0.015
134284,0.435
134285,0.12
134286,0.025
134287,0.67
134288,0.06
134289,0.255
134290,0.43
134291,0.055
134292,0.005
134293,0.085
134294,0.0
134295,0.4
134296,0.085
134297,0.12
134298,0.05
134299,0.53
134300,0.275
134301,0.06
134302,0.39
134303,0.295
134304,0.19
134305,0.05
134306,0.07
134307,0.125
134308,0.735
134309,0.45
134310,0.01
134311,0.195
134312,0.16
134313,0.02
134314,0.57
134315,0.05
134316,0.55
134317,0.225
134318,0.08
134319,0.015
134320,0.6
134321,0.985
134322,0.165
134323,0.295
134324,0.14
134325,0.19
134326,0.03
134327,0.11
134328,0.59
134329,0.57
134330,0.05
134331,0.12
134332,0.11
134333,0.71
134334,0.22
134335,0.085
134336,0.11
134337,0.105
134338,0.05
134339,0.185
134340,0.11
134341,0.64
134342,0.265
134343,0.015
134344,0.1
134345,0.06
134346,0.335
134347,0.185
134348,0.19
134349,0.28
134350,0.15
134351,0.115
134352,0.405
134353,0.39
134354,0.065
134355,0.115
134356,0.06
134357,0.075
134358,0.38
134359,0.05
134360,0.105
134361,0.015
134362,0.04
134363,0.115
134364,0.14
134365,0.075
134366,0.09
134367,0.03
134368,0.69
134369,0.13
134370,0.125
134371,0.025
134372,0.28
134373,0.18
134374,0.01
134375,0.18
134376,0.05
134377,0.145
134378,0.14
134379,0.07
134380,0.22
134381,0.08
134382,0.295
134383,0.145
134384,0.005
134385,0.345
134386,0.22
134387,0.275
134388,0.54
134389,0.095
134390,0.685
134391,0.03
134392,0.585
134393,0.08
134394,0.77
134395,0.05
134396,0.095
134397,0.07
134398,0.065
134399,0.3
134400,0.09
134401,0.155
134402,0.605
134403,0.075
134404,0.14
134405,0.295
134406,0.135
134407,0.045
134408,0.085
134409,0.015
134410,0.23
134411,0.02
134412,0.07
134413,0.165
134414,0.175
134415,0.1
134416,0.02
134417,0.085
134418,0.085
134419,0.49
134420,0.405
134421,0.18
134422,0.03
134423,0.085
134424,0.225
134425,0.0
134426,0.665
134427,0.095
134428,0.09
134429,0.05
134430,0.065
134431,0.56
134432,0.375
134433,0.085
134434,0.17
134435,0.08
134436,0.53
134437,0.03
134438,0.125
134439,0.035
134440,0.07
134441,0.18
134442,0.19
134443,0.22
134444,0.555
134445,0.09
134446,0.365
134447,0.405
134448,0.0
134449,0.05
134450,0.12
134451,0.505
134452,0.24
134453,0.2
134454,0.755
134455,0.31
134456,0.215
134457,0.17
134458,0.24
134459,0.635
134460,0.52
134461,0.16
134462,0.035
134463,0.045
134464,0.31
134465,0.05
134466,0.01
134467,0.245
134468,0.21
134469,0.425
134470,0.19
134471,0.075
134472,0.12
134473,0.07
134474,0.125
134475,0.935
134476,0.175
134477,0.125
134478,0.04
134479,0.165
134480,0.695
134481,0.2
134482,0.09
134483,0.105
134484,0.21
134485,0.56
134486,0.045
134487,0.115
134488,0.3
134489,0.03
134490,0.095
134491,0.27
134492,0.525
134493,0.885
134494,0.47
134495,0.53
134496,0.255
134497,0.235
134498,0.235
134499,0.1
134500,0.155
134501,0.15
134502,0.03
134503,0.09
134504,0.28
134505,0.435
134506,0.24
134507,0.005
134508,0.06
134509,0.005
134510,0.07
134511,0.1
134512,0.165
134513,0.245
134514,0.695
134515,0.065
134516,0.07
134517,0.165
134518,0.235
134519,0.355
134520,0.135
134521,0.365
134522,0.455
134523,0.35
134524,0.015
134525,0.23
134526,0.03
134527,0.09
134528,0.06
134529,0.05
134530,0.12
134531,0.465
134532,0.03
134533,0.745
134534,0.435
134535,0.13
134536,0.29
134537,0.385
134538,0.05
134539,0.14
134540,0.07
134541,0.08
134542,0.115
134543,0.165
134544,0.045
134545,0.105
134546,0.095
134547,0.16
134548,0.42
134549,0.305
134550,0.64
134551,0.21
134552,0.29
134553,0.06
134554,0.36
134555,0.79
134556,0.15
134557,0.71
134558,0.095
134559,0.665
134560,0.675
134561,0.095
134562,0.31
134563,0.155
134564,0.68
134565,0.47
134566,0.625
134567,0.095
134568,0.125
134569,0.41
134570,0.12
134571,0.07
134572,0.145
134573,0.165
134574,0.24
134575,0.165
134576,0.05
134577,0.095
134578,0.24
134579,0.415
134580,0.32
134581,0.2
134582,0.55
134583,0.04
134584,0.305
134585,0.16
134586,0.065
134587,0.05
134588,0.12
134589,0.085
134590,0.08
134591,0.07
134592,0.17
134593,0.265
134594,0.18
134595,0.035
134596,0.16
134597,0.05
134598,0.275
134599,0.17
134600,0.29
134601,0.215
134602,0.075
134603,0.21
134604,0.135
134605,0.2
134606,0.055
134607,0.17
134608,0.0
134609,0.47
134610,0.52
134611,0.665
134612,0.225
134613,0.17
134614,0.395
134615,0.09
134616,0.21
134617,0.03
134618,0.485
134619,0.23
134620,0.06
134621,0.11
134622,0.045
134623,0.085
134624,0.255
134625,0.135
134626,0.725
134627,0.04
134628,0.345
134629,0.26
134630,0.125
134631,0.12
134632,0.54
134633,0.445
134634,0.07
134635,0.205
134636,0.525
134637,0.61
134638,0.92
134639,0.9
134640,0.045
134641,0.185
134642,0.285
134643,0.11
134644,0.18
134645,0.05
134646,0.135
134647,0.35
134648,0.215
134649,0.11
134650,0.16
134651,0.33
134652,0.105
134653,0.03
134654,0.095
134655,0.005
134656,0.05
134657,0.085
134658,0.62
134659,0.965
134660,0.12
134661,0.71
134662,0.03
134663,0.1
134664,0.52
134665,0.175
134666,0.025
134667,0.555
134668,0.21
134669,0.155
134670,0.36
134671,0.135
134672,0.255
134673,0.245
134674,0.22
134675,0.35
134676,0.545
134677,0.045
134678,0.28
134679,0.22
134680,0.105
134681,0.775
134682,0.07
134683,0.17
134684,0.235
134685,0.11
134686,0.08
134687,0.045
134688,0.39
134689,0.09
134690,0.22
134691,0.06
134692,0.0
134693,0.06
134694,0.22
134695,0.1
134696,0.865
134697,0.805
134698,0.365
134699,0.3
134700,0.12
134701,0.035
134702,0.255
134703,0.02
134704,0.375
134705,0.13
134706,0.82
134707,0.09
134708,0.175
134709,0.08
134710,0.08
134711,0.035
134712,0.17
134713,0.275
134714,0.07
134715,0.5
134716,0.06
134717,0.125
134718,0.09
134719,0.33
134720,0.125
134721,0.035
134722,0.165
134723,0.16
134724,0.13
134725,0.305
134726,0.07
134727,0.305
134728,0.105
134729,0.085
134730,0.185
134731,0.165
134732,0.01
134733,0.04
134734,0.1
134735,0.36
134736,0.6
134737,0.385
134738,0.12
134739,0.92
134740,0.045
134741,0.01
134742,0.68
134743,0.215
134744,0.125
134745,0.065
134746,0.14
134747,0.82
134748,0.705
134749,0.165
134750,0.24
134751,0.3
134752,0.38
134753,0.085
134754,0.11
134755,0.105
134756,0.18
134757,0.045
134758,0.23
134759,0.505
134760,0.045
134761,0.265
134762,0.185
134763,0.04
134764,0.07
134765,0.175
134766,0.275
134767,0.66
134768,0.905
134769,0.72
134770,0.42
134771,0.085
134772,0.135
134773,0.035
134774,0.015
134775,0.04
134776,0.04
134777,0.085
134778,0.815
134779,0.055
134780,0.28
134781,0.21
134782,0.19
134783,0.25
134784,0.28
134785,0.305
134786,0.1
134787,0.06
134788,0.0
134789,0.105
134790,0.095
134791,0.215
134792,0.2
134793,0.095
134794,0.175
134795,0.255
134796,0.085
134797,0.745
134798,0.655
134799,0.415
134800,0.02
134801,0.165
134802,0.165
134803,0.555
134804,0.22
134805,0.25
134806,0.395
134807,0.03
134808,0.175
134809,0.425
134810,0.855
134811,0.065
134812,0.14
134813,0.735
134814,0.03
134815,0.895
134816,0.815
134817,0.055
134818,0.055
134819,0.015
134820,0.24
134821,0.38
134822,0.285
134823,0.62
134824,0.075
134825,0.12
134826,0.18
134827,0.04
134828,0.03
134829,0.4
134830,0.355
134831,0.15
134832,0.305
134833,0.22
134834,0.215
134835,0.175
134836,0.16
134837,0.61
134838,0.005
134839,0.27
134840,0.395
134841,0.16
134842,0.145
134843,0.04
134844,0.295
134845,0.075
134846,0.045
134847,0.535
134848,0.005
134849,0.3
134850,0.39
134851,0.005
134852,0.12
134853,0.22
134854,0.63
134855,0.025
134856,0.155
134857,0.03
134858,0.22
134859,0.32
134860,0.18
134861,0.015
134862,0.05
134863,0.06
134864,0.065
134865,0.32
134866,0.05
134867,0.135
134868,0.125
134869,0.175
134870,0.14
134871,0.46
134872,0.09
134873,0.035
134874,0.055
134875,0.085
134876,0.17
134877,0.77
134878,0.12
134879,0.655
134880,0.075
134881,0.38
134882,0.02
134883,0.02
134884,0.205
134885,0.045
134886,0.565
134887,0.05
134888,0.03
134889,0.19
134890,0.04
134891,0.135
134892,0.085
134893,0.075
134894,0.69
134895,0.035
134896,0.495
134897,0.375
134898,0.58
134899,0.78
134900,0.205
134901,0.245
134902,0.205
134903,0.09
134904,0.31
134905,0.02
134906,0.085
134907,0.615
134908,0.24
134909,0.17
134910,0.115
134911,0.03
134912,0.085
134913,0.01
134914,0.195
134915,0.415
134916,0.14
134917,0.735
134918,0.135
134919,0.22
134920,0.23
134921,0.055
134922,0.145
134923,0.27
134924,0.285
134925,0.165
134926,0.075
134927,0.12
134928,0.2
134929,0.745
134930,0.295
134931,0.195
134932,0.215
134933,0.105
134934,0.25
134935,0.35
134936,0.555
134937,0.27
134938,0.28
134939,0.53
134940,0.115
134941,0.52
134942,0.36
134943,0.345
134944,0.025
134945,0.105
134946,0.095
134947,0.095
134948,0.2
134949,0.325
134950,0.5
134951,0.4
134952,0.035
134953,0.02
134954,0.19
134955,0.21
134956,0.45
134957,0.175
134958,0.345
134959,0.505
134960,0.05
134961,0.84
134962,0.09
134963,0.19
134964,0.04
134965,0.03
134966,0.32
134967,0.095
134968,0.005
134969,0.02
134970,0.085
134971,0.3
134972,0.055
134973,0.245
134974,0.105
134975,0.105
134976,0.325
134977,0.15
134978,0.18
134979,0.295
134980,0.085
134981,0.34
134982,0.12
134983,0.07
134984,0.235
134985,0.53
134986,0.105
134987,0.12
134988,0.235
134989,0.15
134990,0.19
134991,0.205
134992,0.71
134993,0.11
134994,0.06
134995,0.25
134996,0.4
134997,0.115
134998,0.33
134999,0.095
135000,0.405
135001,0.765
135002,0.015
135003,0.11
135004,0.69
135005,0.27
135006,0.43
135007,0.07
135008,0.2
135009,0.075
135010,0.44
135011,0.77
135012,0.105
135013,0.1
135014,0.04
135015,0.54
135016,0.32
135017,0.065
135018,0.365
135019,0.195
135020,0.34
135021,0.105
135022,0.105
135023,0.49
135024,0.36
135025,0.055
135026,0.035
135027,0.27
135028,0.245
135029,0.085
135030,0.145
135031,0.25
135032,0.675
135033,0.1
135034,0.32
135035,0.1
135036,0.675
135037,0.35
135038,0.09
135039,0.05
135040,0.15
135041,0.205
135042,0.97
135043,0.135
135044,0.475
135045,0.105
135046,0.725
135047,0.215
135048,0.28
135049,0.085
135050,0.045
135051,0.09
135052,0.07
135053,0.02
135054,0.53
135055,0.695
135056,0.085
135057,0.29
135058,0.115
135059,0.15
135060,0.12
135061,0.05
135062,0.25
135063,0.125
135064,0.325
135065,0.685
135066,0.005
135067,0.09
135068,0.07
135069,0.095
135070,0.04
135071,0.43
135072,0.07
135073,0.025
135074,0.085
135075,0.065
135076,0.145
135077,0.095
135078,0.075
135079,0.395
135080,0.105
135081,0.06
135082,0.035
135083,0.09
135084,0.14
135085,0.1
135086,0.13
135087,0.87
135088,0.04
135089,0.14
135090,0.13
135091,0.15
135092,0.08
135093,0.845
135094,0.015
135095,0.195
135096,0.135
135097,0.085
135098,0.07
135099,0.11
135100,0.145
135101,0.05
135102,0.43
135103,0.155
135104,0.415
135105,0.265
135106,0.635
135107,0.245
135108,0.08
135109,0.815
135110,0.23
135111,0.08
135112,0.125
135113,0.25
135114,0.66
135115,0.025
135116,0.15
135117,0.095
135118,0.145
135119,0.09
135120,0.145
135121,0.055
135122,0.125
135123,0.075
135124,0.175
135125,0.23
135126,0.3
135127,0.105
135128,0.105
135129,0.23
135130,0.3
135131,0.06
135132,0.2
135133,0.115
135134,0.015
135135,0.14
135136,0.21
135137,0.04
135138,0.695
135139,0.08
135140,0.76
135141,0.18
135142,0.25
135143,0.03
135144,0.14
135145,0.09
135146,0.035
135147,0.025
135148,0.165
135149,0.52
135150,0.41
135151,0.605
135152,0.695
135153,0.155
135154,0.035
135155,0.075
135156,0.12
135157,0.065
135158,0.205
135159,0.155
135160,0.095
135161,0.085
135162,0.11
135163,0.065
135164,0.18
135165,0.185
135166,0.08
135167,0.385
135168,0.21
135169,0.25
135170,0.23
135171,0.075
135172,0.095
135173,0.24
135174,0.245
135175,0.545
135176,0.65
135177,0.11
135178,0.045
135179,0.31
135180,0.125
135181,0.56
135182,0.185
135183,0.095
135184,0.44
135185,0.11
135186,0.44
135187,0.03
135188,0.25
135189,0.145
135190,0.145
135191,0.08
135192,0.655
135193,0.62
135194,0.085
135195,0.09
135196,0.045
135197,0.065
135198,0.175
135199,0.16
135200,0.11
135201,0.02
135202,0.155
135203,0.53
135204,0.05
135205,0.015
135206,0.465
135207,0.29
135208,0.77
135209,0.04
135210,0.21
135211,0.045
135212,0.12
135213,0.125
135214,0.01
135215,0.02
135216,0.055
135217,0.655
135218,0.005
135219,0.105
135220,0.38
135221,0.53
135222,0.015
135223,0.05
135224,0.495
135225,0.17
135226,0.81
135227,0.045
135228,0.05
135229,0.105
135230,0.85
135231,0.08
135232,0.17
135233,0.09
135234,0.475
135235,0.27
135236,0.39
135237,0.54
135238,0.1
135239,0.265
135240,0.05
135241,0.02
135242,0.22
135243,0.12
135244,0.495
135245,0.07
135246,0.385
135247,0.095
135248,0.11
135249,0.15
135250,0.17
135251,0.595
135252,0.01
135253,0.105
135254,0.05
135255,0.03
135256,0.03
135257,0.28
135258,0.53
135259,0.015
135260,0.395
135261,0.085
135262,0.04
135263,0.595
135264,0.095
135265,0.75
135266,0.185
135267,0.07
135268,0.445
135269,0.09
135270,0.06
135271,0.62
135272,0.11
135273,0.105
135274,0.055
135275,0.065
135276,0.115
135277,0.41
135278,0.125
135279,0.665
135280,0.04
135281,0.005
135282,0.245
135283,0.305
135284,0.08
135285,0.17
135286,0.015
135287,0.185
135288,0.72
135289,0.205
135290,0.105
135291,0.0
135292,0.14
135293,0.17
135294,0.05
135295,0.44
135296,0.28
135297,0.25
135298,0.125
135299,0.605
135300,0.095
135301,0.065
135302,0.1
135303,0.32
135304,0.045
135305,0.275
135306,0.05
135307,0.045
135308,0.175
135309,0.29
135310,0.175
135311,0.165
135312,0.285
135313,0.42
135314,0.415
135315,0.38
135316,0.12
135317,0.18
135318,0.09
135319,0.275
135320,0.185
135321,0.19
135322,0.17
135323,0.675
135324,0.155
135325,0.06
135326,0.115
135327,0.33
135328,0.085
135329,0.01
135330,0.125
135331,0.025
135332,0.015
135333,0.045
135334,0.02
135335,0.06
135336,0.255
135337,0.245
135338,0.175
135339,0.245
135340,0.41
135341,0.03
135342,0.1
135343,0.37
135344,0.205
135345,0.465
135346,0.035
135347,0.08
135348,0.205
135349,0.045
135350,0.06
135351,0.065
135352,0.2
135353,0.375
135354,0.16
135355,0.025
135356,0.11
135357,0.145
135358,0.08
135359,0.22
135360,0.405
135361,0.6
135362,0.0
135363,0.14
135364,0.35
135365,0.97
135366,0.955
135367,0.15
135368,0.87
135369,0.18
135370,0.11
135371,0.085
135372,0.19
135373,0.465
135374,0.375
135375,0.13
135376,0.095
135377,0.015
135378,0.705
135379,0.185
135380,0.115
135381,0.695
135382,0.175
135383,0.36
135384,0.16
135385,0.26
135386,0.18
135387,0.455
135388,0.205
135389,0.225
135390,0.165
135391,0.06
135392,0.075
135393,0.02
135394,0.855
135395,0.0
135396,0.105
135397,0.01
135398,0.435
135399,0.03
135400,0.18
135401,0.165
135402,0.13
135403,0.595
135404,0.53
135405,0.22
135406,0.1
135407,0.05
135408,0.14
135409,0.04
135410,0.305
135411,0.75
135412,0.77
135413,0.13
135414,0.315
135415,0.17
135416,0.09
135417,0.18
135418,0.16
135419,0.21
135420,0.01
135421,0.115
135422,0.085
135423,0.35
135424,0.035
135425,0.17
135426,0.17
135427,0.215
135428,0.395
135429,0.485
135430,0.04
135431,0.135
135432,0.005
135433,0.26
135434,0.06
135435,0.05
135436,0.06
135437,0.225
135438,0.55
135439,0.06
135440,0.28
135441,0.185
135442,0.145
135443,0.29
135444,0.175
135445,0.29
135446,0.265
135447,0.225
135448,0.115
135449,0.105
135450,0.405
135451,0.71
135452,0.105
135453,0.455
135454,0.255
135455,0.025
135456,0.03
135457,0.075
135458,0.035
135459,0.22
135460,0.06
135461,0.28
135462,0.07
135463,0.775
135464,0.165
135465,0.255
135466,0.575
135467,0.155
135468,0.945
135469,0.18
135470,0.06
135471,0.105
135472,0.18
135473,0.19
135474,0.14
135475,0.08
135476,0.275
135477,0.66
135478,0.27
135479,0.135
135480,0.035
135481,0.085
135482,0.765
135483,0.11
135484,0.22
135485,0.14
135486,0.63
135487,0.49
135488,0.33
135489,0.165
135490,0.085
135491,0.11
135492,0.1
135493,0.02
135494,0.56
135495,0.05
135496,0.08
135497,0.12
135498,0.345
135499,0.185
135500,0.085
135501,0.265
135502,0.375
135503,0.0
135504,0.695
135505,0.255
135506,0.075
135507,0.165
135508,0.04
135509,0.54
135510,0.82
135511,0.8
135512,0.025
135513,0.625
135514,0.215
135515,0.2
135516,0.565
135517,0.06
135518,0.185
135519,0.52
135520,0.09
135521,0.005
135522,0.055
135523,0.225
135524,0.69
135525,0.005
135526,0.655
135527,0.13
135528,0.57
135529,0.35
135530,0.41
135531,0.155
135532,0.06
135533,0.055
135534,0.32
135535,0.22
135536,0.145
135537,0.09
135538,0.11
135539,0.005
135540,0.41
135541,0.265
135542,0.125
135543,0.4
135544,0.09
135545,0.5
135546,0.245
135547,0.48
135548,0.25
135549,0.27
135550,0.125
135551,0.16
135552,0.725
135553,0.595
135554,0.115
135555,0.07
135556,0.35
135557,0.06
135558,0.195
135559,0.785
135560,0.24
135561,0.32
135562,0.06
135563,0.085
135564,0.54
135565,0.085
135566,0.335
135567,0.185
135568,0.265
135569,0.265
135570,0.125
135571,0.025
135572,0.405
135573,0.065
135574,0.56
135575,0.105
135576,0.105
135577,0.6
135578,0.025
135579,0.04
135580,0.205
135581,0.115
135582,0.22
135583,0.06
135584,0.9
135585,0.025
135586,0.05
135587,0.165
135588,0.03
135589,0.205
135590,0.17
135591,0.135
135592,0.06
135593,0.385
135594,0.565
135595,0.095
135596,0.355
135597,0.105
135598,0.96
135599,0.05
135600,0.45
135601,0.26
135602,0.03
135603,0.63
135604,0.395
135605,0.405
135606,0.04
135607,0.955
135608,0.04
135609,0.385
135610,0.1
135611,0.375
135612,0.11
135613,0.145
135614,0.295
135615,0.065
135616,0.315
135617,0.045
135618,0.305
135619,0.075
135620,0.05
135621,0.255
135622,0.49
135623,0.05
135624,0.02
135625,0.13
135626,0.13
135627,0.15
135628,0.07
135629,0.035
135630,0.675
135631,0.18
135632,0.03
135633,0.165
135634,0.64
135635,0.57
135636,0.19
135637,0.14
135638,0.115
135639,0.665
135640,0.53
135641,0.22
135642,0.03
135643,0.315
135644,0.075
135645,0.26
135646,0.245
135647,0.135
135648,0.125
135649,0.56
135650,0.055
135651,0.15
135652,0.295
135653,0.17
135654,0.405
135655,0.25
135656,0.075
135657,0.275
135658,0.14
135659,0.01
135660,0.005
135661,0.055
135662,0.05
135663,0.125
135664,0.05
135665,0.02
135666,0.5
135667,0.08
135668,0.625
135669,0.705
135670,0.125
135671,0.065
135672,0.065
135673,0.09
135674,0.145
135675,0.17
135676,0.12
135677,0.455
135678,0.16
135679,0.26
135680,0.05
135681,0.175
135682,0.075
135683,0.13
135684,0.12
135685,0.135
135686,0.695
135687,0.04
135688,0.235
135689,0.05
135690,0.225
135691,0.015
135692,0.26
135693,0.3
135694,0.01
135695,0.11
135696,0.41
135697,0.25
135698,0.255
135699,0.07
135700,0.075
135701,0.255
135702,0.105
135703,0.255
135704,0.03
135705,0.105
135706,0.12
135707,0.115
135708,0.14
135709,0.135
135710,0.055
135711,0.27
135712,0.145
135713,0.23
135714,0.205
135715,0.15
135716,0.62
135717,0.195
135718,0.555
135719,0.415
135720,0.39
135721,0.11
135722,0.005
135723,0.125
135724,0.43
135725,0.305
135726,0.095
135727,0.085
135728,0.17
135729,0.07
135730,0.89
135731,0.47
135732,0.32
135733,0.365
135734,0.135
135735,0.185
135736,0.14
135737,0.14
135738,0.435
135739,0.025
135740,0.135
135741,0.26
135742,0.435
135743,0.08
135744,0.07
135745,0.155
135746,0.095
135747,0.03
135748,0.07
135749,0.265
135750,0.095
135751,0.085
135752,0.13
135753,0.12
135754,0.165
135755,0.35
135756,0.15
135757,0.185
135758,0.0
135759,0.41
135760,0.135
135761,0.84
135762,0.225
135763,0.11
135764,0.005
135765,0.76
135766,0.195
135767,0.135
135768,0.155
135769,0.17
135770,0.03
135771,0.065
135772,0.195
135773,0.235
135774,0.05
135775,0.15
135776,0.14
135777,0.12
135778,0.275
135779,0.285
135780,0.015
135781,0.395
135782,0.205
135783,0.075
135784,0.255
135785,0.675
135786,0.06
135787,0.04
135788,0.675
135789,0.045
135790,0.235
135791,0.395
135792,0.1
135793,0.545
135794,0.36
135795,0.755
135796,0.055
135797,0.07
135798,0.09
135799,0.835
135800,0.51
135801,0.66
135802,0.695
135803,0.315
135804,0.035
135805,0.135
135806,0.07
135807,0.03
135808,0.375
135809,0.17
135810,0.195
135811,0.285
135812,0.865
135813,0.445
135814,0.11
135815,0.235
135816,0.045
135817,0.595
135818,0.005
135819,0.075
135820,0.7
135821,0.095
135822,0.215
135823,0.74
135824,0.11
135825,0.185
135826,0.155
135827,0.21
135828,0.03
135829,0.13
135830,0.235
135831,0.22
135832,0.265
135833,0.245
135834,0.18
135835,0.05
135836,0.12
135837,0.42
135838,0.47
135839,0.065
135840,0.02
135841,0.115
135842,0.2
135843,0.31
135844,0.155
135845,0.005
135846,0.035
135847,0.125
135848,0.34
135849,0.625
135850,0.42
135851,0.12
135852,0.565
135853,0.1
135854,0.03
135855,0.06
135856,0.035
135857,0.265
135858,0.11
135859,0.08
135860,0.055
135861,0.04
135862,0.895
135863,0.085
135864,0.01
135865,0.01
135866,0.38
135867,0.165
135868,0.0
135869,0.53
135870,0.125
135871,0.105
135872,0.15
135873,0.015
135874,0.14
135875,0.78
135876,0.04
135877,0.065
135878,0.4
135879,0.095
135880,0.17
135881,0.2
135882,0.185
135883,0.605
135884,0.12
135885,0.285
135886,0.555
135887,0.03
135888,0.03
135889,0.05
135890,0.305
135891,0.635
135892,0.275
135893,0.255
135894,0.075
135895,0.155
135896,0.405
135897,0.195
135898,0.02
135899,0.075
135900,0.535
135901,0.715
135902,0.11
135903,0.885
135904,0.365
135905,0.0
135906,0.22
135907,0.24
135908,0.025
135909,0.425
135910,0.69
135911,0.285
135912,0.63
135913,0.09
135914,0.265
135915,0.205
135916,0.03
135917,0.055
135918,0.33
135919,0.21
135920,0.245
135921,0.21
135922,0.095
135923,0.07
135924,0.04
135925,0.065
135926,0.05
135927,0.025
135928,0.11
135929,0.015
135930,0.06
135931,0.41
135932,0.07
135933,0.185
135934,0.035
135935,0.025
135936,0.235
135937,0.705
135938,0.39
135939,0.62
135940,0.145
135941,0.2
135942,0.055
135943,0.125
135944,0.02
135945,0.495
135946,0.05
135947,0.045
135948,0.115
135949,0.04
135950,0.14
135951,0.015
135952,0.065
135953,0.075
135954,0.605
135955,0.235
135956,0.085
135957,0.23
135958,0.335
135959,0.52
135960,0.045
135961,0.165
135962,0.195
135963,0.205
135964,0.305
135965,0.295
135966,0.4
135967,0.11
135968,0.53
135969,0.025
135970,0.025
135971,0.125
135972,0.335
135973,0.285
135974,0.165
135975,0.025
135976,0.7
135977,0.53
135978,0.025
135979,0.47
135980,0.195
135981,0.155
135982,0.35
135983,0.255
135984,0.36
135985,0.055
135986,0.04
135987,0.065
135988,0.205
135989,0.095
135990,0.03
135991,0.185
135992,0.185
135993,0.135
135994,0.32
135995,0.19
135996,0.485
135997,0.26
135998,0.34
135999,0.495
136000,0.17
136001,0.045
136002,0.045
136003,0.19
136004,0.595
136005,0.09
136006,0.09
136007,0.24
136008,0.31
136009,0.11
136010,0.08
136011,0.44
136012,0.455
136013,0.01
136014,0.315
136015,0.03
136016,0.515
136017,0.12
136018,0.04
136019,0.205
136020,0.13
136021,0.25
136022,0.125
136023,0.055
136024,0.06
136025,0.25
136026,0.24
136027,0.21
136028,0.35
136029,0.285
136030,0.03
136031,0.005
136032,0.06
136033,0.2
136034,0.095
136035,0.585
136036,0.985
136037,0.33
136038,0.085
136039,0.275
136040,0.105
136041,0.225
136042,0.075
136043,0.095
136044,0.05
136045,0.525
136046,0.045
136047,0.315
136048,0.12
136049,0.67
136050,0.095
136051,0.145
136052,0.04
136053,0.16
136054,0.035
136055,0.17
136056,0.415
136057,0.105
136058,0.085
136059,0.375
136060,0.445
136061,0.315
136062,0.02
136063,0.24
136064,0.335
136065,0.225
136066,0.135
136067,0.34
136068,0.02
136069,0.15
136070,0.28
136071,0.905
136072,0.01
136073,0.2
136074,0.845
136075,0.0
136076,0.495
136077,0.015
136078,0.1
136079,0.065
136080,0.18
136081,0.83
136082,0.23
136083,0.465
136084,0.19
136085,0.34
136086,0.075
136087,0.54
136088,0.06
136089,0.315
136090,0.16
136091,0.325
136092,0.2
136093,0.405
136094,0.055
136095,0.105
136096,0.08
136097,0.035
136098,0.09
136099,0.24
136100,0.125
136101,0.125
136102,0.085
136103,0.205
136104,0.145
136105,0.015
136106,0.58
136107,0.055
136108,0.425
136109,0.77
136110,0.755
136111,0.425
136112,0.155
136113,0.015
136114,0.02
136115,0.215
136116,0.13
136117,0.05
136118,0.11
136119,0.12
136120,0.405
136121,0.59
136122,0.17
136123,0.08
136124,0.16
136125,0.11
136126,0.06
136127,0.02
136128,0.245
136129,0.43
136130,0.135
136131,0.07
136132,0.18
136133,0.79
136134,0.14
136135,0.325
136136,0.37
136137,0.445
136138,0.05
136139,0.03
136140,0.26
136141,0.08
136142,0.545
136143,0.145
136144,0.075
136145,0.085
136146,0.085
136147,0.155
136148,0.25
136149,0.06
136150,0.035
136151,0.04
136152,0.05
136153,0.21
136154,0.34
136155,0.2
136156,0.06
136157,0.18
136158,0.18
136159,0.02
136160,0.61
136161,0.435
136162,0.095
136163,0.14
136164,0.095
136165,0.215
136166,0.99
136167,0.315
136168,0.34
136169,0.285
136170,0.135
136171,0.165
136172,0.155
136173,0.21
136174,0.045
136175,0.385
136176,0.17
136177,0.145
136178,0.01
136179,0.65
136180,0.02
136181,0.02
136182,0.12
136183,0.33
136184,0.23
136185,0.495
136186,0.08
136187,0.21
136188,0.77
136189,0.125
136190,0.075
136191,0.455
136192,0.035
136193,0.26
136194,0.15
136195,0.105
136196,0.125
136197,0.135
136198,0.3
136199,0.05
136200,0.695
136201,0.74
136202,0.225
136203,0.04
136204,0.355
136205,0.005
136206,0.075
136207,0.12
136208,0.495
136209,0.345
136210,0.255
136211,0.275
136212,0.195
136213,0.175
136214,0.14
136215,0.01
136216,0.5
136217,0.325
136218,0.06
136219,0.675
136220,0.23
136221,0.605
136222,0.145
136223,0.675
136224,0.41
136225,0.125
136226,0.015
136227,0.265
136228,0.45
136229,0.15
136230,0.025
136231,0.235
136232,0.005
136233,0.09
136234,0.11
136235,0.385
136236,0.98
136237,0.2
136238,0.11
136239,0.185
136240,0.015
136241,0.63
136242,0.435
136243,0.115
136244,0.12
136245,0.195
136246,0.315
136247,0.095
136248,0.14
136249,0.215
136250,0.32
136251,0.35
136252,0.02
136253,0.155
136254,0.125
136255,0.08
136256,0.065
136257,0.04
136258,0.135
136259,0.04
136260,0.015
136261,0.09
136262,0.22
136263,0.165
136264,0.205
136265,0.505
136266,0.235
136267,0.145
136268,0.105
136269,0.22
136270,0.585
136271,0.41
136272,0.04
136273,0.19
136274,0.145
136275,0.19
136276,0.755
136277,0.07
136278,0.045
136279,0.215
136280,0.655
136281,0.08
136282,0.165
136283,0.43
136284,0.335
136285,0.505
136286,0.085
136287,0.06
136288,0.895
136289,0.225
136290,0.39
136291,0.115
136292,0.37
136293,0.355
136294,0.105
136295,0.045
136296,0.075
136297,0.055
136298,0.21
136299,0.1
136300,0.395
136301,0.07
136302,0.24
136303,0.37
136304,0.035
136305,0.1
136306,0.075
136307,0.57
136308,0.07
136309,0.0
136310,0.285
136311,0.14
136312,0.33
136313,0.065
136314,0.05
136315,0.08
136316,0.17
136317,0.135
136318,0.11
136319,0.21
136320,0.11
136321,0.525
136322,0.66
136323,0.625
136324,0.105
136325,0.19
136326,0.24
136327,0.17
136328,0.23
136329,0.085
136330,0.15
136331,0.02
136332,0.14
136333,0.055
136334,0.055
136335,0.175
136336,0.145
136337,0.29
136338,0.16
136339,0.79
136340,0.075
136341,0.12
136342,0.59
136343,0.265
136344,0.26
136345,0.07
136346,0.045
136347,0.13
136348,0.165
136349,0.11
136350,0.32
136351,0.06
136352,0.285
136353,0.34
136354,0.59
136355,0.725
136356,0.305
136357,0.06
136358,0.225
136359,0.1
136360,0.045
136361,0.045
136362,0.075
136363,0.045
136364,0.18
136365,0.055
136366,0.105
136367,0.455
136368,0.18
136369,0.335
136370,0.07
136371,0.575
136372,0.515
136373,0.265
136374,0.105
136375,0.04
136376,0.06
136377,0.14
136378,0.865
136379,0.05
136380,0.17
136381,0.14
136382,0.08
136383,0.065
136384,0.125
136385,0.065
136386,0.965
136387,0.015
136388,0.475
136389,0.315
136390,0.68
136391,0.25
136392,0.515
136393,0.21
136394,0.215
136395,0.13
136396,0.205
136397,0.03
136398,0.025
136399,0.075
136400,0.515
136401,0.18
136402,0.29
136403,0.155
136404,0.33
136405,0.79
136406,0.22
136407,0.095
136408,0.175
136409,0.065
136410,0.06
136411,0.505
136412,0.08
136413,0.055
136414,0.07
136415,0.035
136416,0.485
136417,0.145
136418,0.05
136419,0.235
136420,0.05
136421,0.25
136422,0.37
136423,0.065
136424,0.085
136425,0.265
136426,0.83
136427,0.025
136428,0.06
136429,0.755
136430,0.455
136431,0.045
136432,0.195
136433,0.445
136434,0.22
136435,0.43
136436,0.15
136437,0.33
136438,0.225
136439,0.24
136440,0.095
136441,0.205
136442,0.115
136443,0.155
136444,0.015
136445,0.25
136446,0.58
136447,0.105
136448,0.405
136449,0.145
136450,0.13
136451,0.205
136452,0.26
136453,0.16
136454,0.115
136455,0.42
136456,0.17
136457,0.115
136458,0.13
136459,0.145
136460,0.135
136461,0.21
136462,0.445
136463,0.545
136464,0.45
136465,0.31
136466,0.21
136467,0.345
136468,0.42
136469,0.66
136470,0.375
136471,0.005
136472,0.54
136473,0.11
136474,0.2
136475,0.185
136476,0.22
136477,0.16
136478,0.26
136479,0.295
136480,0.05
136481,0.06
136482,0.075
136483,0.22
136484,0.135
136485,0.05
136486,0.185
136487,0.115
136488,0.085
136489,0.02
136490,0.075
136491,0.785
136492,0.065
136493,0.19
136494,0.09
136495,0.015
136496,0.49
136497,0.2
136498,0.18
136499,0.26
136500,0.25
136501,0.045
136502,0.375
136503,0.19
136504,0.245
136505,0.15
136506,0.085
136507,0.11
136508,0.09
136509,0.275
136510,0.26
136511,0.195
136512,0.095
136513,0.36
136514,0.18
136515,0.24
136516,0.045
136517,0.185
136518,0.04
136519,0.12
136520,0.075
136521,0.04
136522,0.165
136523,0.155
136524,0.055
136525,0.095
136526,0.75
136527,0.065
136528,0.445
136529,0.235
136530,0.135
136531,0.085
136532,0.215
136533,0.185
136534,0.18
136535,0.08
136536,0.165
136537,0.645
136538,0.08
136539,0.07
136540,0.33
136541,0.085
136542,0.025
136543,0.02
136544,0.115
136545,0.135
136546,0.195
136547,0.05
136548,0.145
136549,0.09
136550,0.22
136551,0.465
136552,0.155
136553,0.62
136554,0.63
136555,0.08
136556,0.205
136557,0.125
136558,0.29
136559,0.555
136560,0.08
136561,0.175
136562,0.105
136563,0.2
136564,0.06
136565,0.08
136566,0.18
136567,0.11
136568,0.085
136569,0.25
136570,0.115
136571,0.055
136572,0.25
136573,0.055
136574,0.35
136575,0.81
136576,0.04
136577,0.405
136578,0.1
136579,0.165
136580,0.095
136581,0.22
136582,0.05
136583,0.29
136584,0.275
136585,0.255
136586,0.085
136587,0.29
136588,0.89
136589,0.255
136590,0.06
136591,0.03
136592,0.085
136593,0.125
136594,0.11
136595,0.455
136596,0.675
136597,0.295
136598,0.11
136599,0.025
136600,0.31
136601,0.47
136602,0.05
136603,0.02
136604,0.425
136605,0.135
136606,0.385
136607,0.315
136608,0.3
136609,0.175
136610,0.13
136611,0.135
136612,0.025
136613,0.065
136614,0.205
136615,0.045
136616,0.105
136617,0.08
136618,0.21
136619,0.265
136620,0.075
136621,0.17
136622,0.36
136623,0.09
136624,0.075
136625,0.14
136626,0.21
136627,0.305
136628,0.225
136629,0.29
136630,0.07
136631,0.715
136632,0.245
136633,0.535
136634,0.095
136635,0.145
136636,0.05
136637,0.015
136638,0.32
136639,0.085
136640,0.195
136641,0.165
136642,0.11
136643,0.135
136644,0.275
136645,0.045
136646,0.06
136647,0.48
136648,0.045
136649,0.515
136650,0.04
136651,0.32
136652,0.075
136653,0.97
136654,0.27
136655,0.11
136656,0.215
136657,0.045
136658,0.145
136659,0.13
136660,0.16
136661,0.505
136662,0.185
136663,0.145
136664,0.34
136665,0.625
136666,0.485
136667,0.04
136668,0.055
136669,0.21
136670,0.44
136671,0.115
136672,0.135
136673,0.335
136674,0.445
136675,0.09
136676,0.235
136677,0.315
136678,0.175
136679,0.21
136680,0.14
136681,0.09
136682,0.085
136683,0.08
136684,0.285
136685,0.65
136686,0.27
136687,0.025
136688,0.19
136689,0.015
136690,0.185
136691,0.025
136692,0.515
136693,0.11
136694,0.6
136695,0.105
136696,0.52
136697,0.44
136698,0.25
136699,0.26
136700,0.035
136701,0.205
136702,0.115
136703,0.76
136704,0.285
136705,0.285
136706,0.01
136707,0.185
136708,0.125
136709,0.035
136710,0.24
136711,0.105
136712,0.32
136713,0.145
136714,0.195
136715,0.27
136716,0.125
136717,0.24
136718,0.055
136719,0.445
136720,0.195
136721,0.055
136722,0.085
136723,0.225
136724,0.5
136725,0.04
136726,0.04
136727,0.035
136728,0.34
136729,0.11
136730,0.04
136731,0.055
136732,0.055
136733,0.09
136734,0.165
136735,0.03
136736,0.74
136737,0.525
136738,0.13
136739,0.165
136740,0.1
136741,0.375
136742,0.005
136743,0.09
136744,0.045
136745,0.9
136746,0.15
136747,0.18
136748,0.05
136749,0.085
136750,0.19
136751,0.335
136752,0.095
136753,0.025
136754,0.27
136755,0.05
136756,0.265
136757,0.525
136758,0.715
136759,0.235
136760,0.86
136761,0.05
136762,0.0
136763,0.23
136764,0.095
136765,0.065
136766,0.09
136767,0.04
136768,0.07
136769,0.775
136770,0.27
136771,0.05
136772,0.205
136773,0.09
136774,0.44
136775,0.065
136776,0.215
136777,0.2
136778,0.6
136779,0.365
136780,0.18
136781,0.755
136782,0.045
136783,0.07
136784,0.12
136785,0.315
136786,0.195
136787,0.1
136788,0.035
136789,0.23
136790,0.36
136791,0.225
136792,0.085
136793,0.075
136794,0.255
136795,0.465
136796,0.21
136797,0.01
136798,0.115
136799,0.23
136800,0.57
136801,0.275
136802,0.24
136803,0.375
136804,0.1
136805,0.075
136806,0.43
136807,0.18
136808,0.37
136809,0.035
136810,0.055
136811,0.285
136812,0.115
136813,0.045
136814,0.515
136815,0.03
136816,0.135
136817,0.075
136818,0.22
136819,0.215
136820,0.275
136821,0.205
136822,0.0
136823,0.01
136824,0.59
136825,0.285
136826,0.015
136827,0.61
136828,0.005
136829,0.46
136830,0.05
136831,0.62
136832,0.12
136833,0.07
136834,0.62
136835,0.3
136836,0.14
136837,0.135
136838,0.07
136839,0.125
136840,0.13
136841,0.14
136842,0.06
136843,0.74
136844,0.065
136845,0.33
136846,0.09
136847,0.965
136848,0.025
136849,0.95
136850,0.18
136851,0.215
136852,0.1
136853,0.14
136854,0.105
136855,0.03
136856,0.03
136857,0.26
136858,0.055
136859,0.365
136860,0.03
136861,0.18
136862,0.665
136863,0.155
136864,0.32
136865,0.59
136866,0.05
136867,0.065
136868,0.13
136869,0.045
136870,0.065
136871,0.025
136872,0.005
136873,0.085
136874,0.525
136875,0.04
136876,0.23
136877,0.205
136878,0.175
136879,0.065
136880,0.075
136881,0.275
136882,0.405
136883,0.13
136884,0.575
136885,0.19
136886,0.045
136887,0.79
136888,0.05
136889,0.18
136890,0.07
136891,0.375
136892,0.105
136893,0.115
136894,0.305
136895,0.145
136896,0.06
136897,0.685
136898,0.285
136899,0.215
136900,0.08
136901,0.25
136902,0.065
136903,0.025
136904,0.03
136905,0.08
136906,0.785
136907,0.095
136908,0.305
136909,0.255
136910,0.19
136911,0.36
136912,0.615
136913,0.48
136914,0.615
136915,0.015
136916,0.125
136917,0.06
136918,0.03
136919,0.295
136920,0.12
136921,0.145
136922,0.125
136923,0.06
136924,0.2
136925,0.135
136926,0.075
136927,0.16
136928,0.22
136929,0.06
136930,0.1
136931,0.3
136932,0.25
136933,0.22
136934,0.315
136935,0.025
136936,0.44
136937,0.095
136938,0.835
136939,0.115
136940,0.095
136941,0.185
136942,0.095
136943,0.8
136944,0.235
136945,0.04
136946,0.04
136947,0.24
136948,0.415
136949,0.02
136950,0.175
136951,0.185
136952,0.07
136953,0.0
136954,0.29
136955,0.045
136956,0.215
136957,0.02
136958,0.125
136959,0.045
136960,0.285
136961,0.11
136962,0.085
136963,0.125
136964,0.08
136965,0.065
136966,0.765
136967,0.015
136968,0.135
136969,0.055
136970,0.055
136971,0.4
136972,0.16
136973,0.075
136974,0.09
136975,0.67
136976,0.245
136977,0.18
136978,0.21
136979,0.265
136980,0.015
136981,0.365
136982,0.115
136983,0.185
136984,0.1
136985,0.08
136986,0.16
136987,0.065
136988,0.67
136989,0.27
136990,0.45
136991,0.15
136992,0.16
136993,0.435
136994,0.065
136995,0.01
136996,0.105
136997,0.04
136998,0.91
136999,0.05
137000,0.41
137001,0.4
137002,0.17
137003,0.05
137004,0.1
137005,0.15
137006,0.135
137007,0.105
137008,0.0
137009,0.16
137010,0.065
137011,0.01
137012,0.11
137013,0.43
137014,0.14
137015,0.65
137016,0.195
137017,0.05
137018,0.475
137019,0.335
137020,0.135
137021,0.105
137022,0.1
137023,0.195
137024,0.07
137025,0.03
137026,0.615
137027,0.635
137028,0.135
137029,0.245
137030,0.05
137031,0.41
137032,0.625
137033,0.09
137034,0.055
137035,0.145
137036,0.675
137037,0.01
137038,0.065
137039,0.14
137040,0.26
137041,0.125
137042,0.055
137043,0.015
137044,0.25
137045,0.09
137046,0.18
137047,0.14
137048,0.25
137049,0.275
137050,0.075
137051,0.125
137052,0.25
137053,0.08
137054,0.41
137055,0.085
137056,0.37
137057,0.2
137058,0.865
137059,0.01
137060,0.1
137061,0.17
137062,0.065
137063,0.435
137064,0.025
137065,0.715
137066,0.47
137067,0.105
137068,0.375
137069,0.02
137070,0.105
137071,0.195
137072,0.03
137073,0.27
137074,0.195
137075,0.515
137076,0.005
137077,0.005
137078,0.105
137079,0.14
137080,0.68
137081,0.205
137082,0.615
137083,0.095
137084,0.615
137085,0.135
137086,0.305
137087,0.14
137088,0.165
137089,0.5
137090,0.12
137091,0.285
137092,0.62
137093,0.095
137094,0.75
137095,0.18
137096,0.145
137097,0.115
137098,0.11
137099,0.315
137100,0.76
137101,0.265
137102,0.125
137103,0.055
137104,0.465
137105,0.545
137106,0.19
137107,0.73
137108,0.645
137109,0.05
137110,0.165
137111,0.065
137112,0.08
137113,0.17
137114,0.045
137115,0.24
137116,0.6
137117,0.425
137118,0.325
137119,0.03
137120,0.02
137121,0.165
137122,0.125
137123,0.14
137124,0.08
137125,0.085
137126,0.555
137127,0.115
137128,0.09
137129,0.11
137130,0.135
137131,0.16
137132,0.075
137133,0.08
137134,0.185
137135,0.02
137136,0.37
137137,0.03
137138,0.05
137139,0.2
137140,0.015
137141,0.61
137142,0.06
137143,0.145
137144,0.13
137145,0.195
137146,0.095
137147,0.16
137148,0.035
137149,0.265
137150,0.095
137151,0.205
137152,0.115
137153,0.05
137154,0.09
137155,0.42
137156,0.04
137157,0.03
137158,0.1
137159,0.455
137160,0.075
137161,0.275
137162,0.225
137163,0.095
137164,0.215
137165,0.795
137166,0.01
137167,0.62
137168,0.195
137169,0.045
137170,0.15
137171,0.155
137172,0.065
137173,0.16
137174,0.72
137175,0.255
137176,0.025
137177,0.19
137178,0.18
137179,0.12
137180,0.165
137181,0.24
137182,0.075
137183,0.05
137184,0.165
137185,0.125
137186,0.155
137187,0.08
137188,0.28
137189,0.075
137190,0.35
137191,0.32
137192,0.135
137193,0.345
137194,0.13
137195,0.035
137196,0.625
137197,0.065
137198,0.025
137199,0.38
137200,0.15
137201,0.915
137202,0.055
137203,0.205
137204,0.085
137205,0.21
137206,0.205
137207,0.14
137208,0.42
137209,0.17
137210,0.06
137211,0.255
137212,0.325
137213,0.04
137214,0.885
137215,0.235
137216,0.23
137217,0.88
137218,0.125
137219,0.565
137220,0.05
137221,0.105
137222,0.135
137223,0.2
137224,0.135
137225,0.705
137226,0.075
137227,0.185
137228,0.08
137229,0.255
137230,0.485
137231,0.06
137232,0.13
137233,0.165
137234,0.195
137235,0.205
137236,0.73
137237,0.62
137238,0.32
137239,0.055
137240,0.24
137241,0.17
137242,0.035
137243,0.115
137244,0.05
137245,0.195
137246,0.24
137247,0.765
137248,0.23
137249,0.23
137250,0.725
137251,0.52
137252,0.59
137253,0.115
137254,0.51
137255,0.04
137256,0.41
137257,0.275
137258,0.415
137259,0.14
137260,0.095
137261,0.385
137262,0.015
137263,0.055
137264,0.105
137265,0.025
137266,0.32
137267,0.425
137268,0.385
137269,0.025
137270,0.12
137271,0.735
137272,0.06
137273,0.04
137274,0.035
137275,0.045
137276,0.195
137277,0.685
137278,0.06
137279,0.06
137280,0.315
137281,0.065
137282,0.305
137283,0.165
137284,0.485
137285,0.045
137286,0.025
137287,0.43
137288,0.155
137289,0.67
137290,0.185
137291,0.45
137292,0.485
137293,0.515
137294,0.055
137295,0.04
137296,0.655
137297,0.16
137298,0.26
137299,0.59
137300,0.33
137301,0.08
137302,0.07
137303,0.865
137304,0.19
137305,0.35
137306,0.06
137307,0.025
137308,0.17
137309,0.07
137310,0.075
137311,0.165
137312,0.3
137313,0.1
137314,0.3
137315,0.72
137316,0.135
137317,0.575
137318,0.26
137319,0.135
137320,0.055
137321,0.915
137322,0.24
137323,0.115
137324,0.29
137325,0.28
137326,0.485
137327,0.17
137328,0.29
137329,0.175
137330,0.015
137331,0.05
137332,0.055
137333,0.045
137334,0.145
137335,0.285
137336,0.32
137337,0.165
137338,0.125
137339,0.095
137340,0.065
137341,0.15
137342,0.725
137343,0.665
137344,0.04
137345,0.19
137346,0.59
137347,0.065
137348,0.65
137349,0.82
137350,0.25
137351,0.705
137352,0.025
137353,0.24
137354,0.06
137355,0.07
137356,0.53
137357,0.14
137358,0.055
137359,0.4
137360,0.115
137361,0.065
137362,0.8
137363,0.375
137364,0.235
137365,0.425
137366,0.09
137367,0.115
137368,0.17
137369,0.04
137370,0.25
137371,0.08
137372,0.435
137373,0.515
137374,0.125
137375,0.06
137376,0.085
137377,0.125
137378,0.02
137379,0.13
137380,0.04
137381,0.11
137382,0.34
137383,0.5
137384,0.155
137385,0.33
137386,0.15
137387,0.105
137388,0.115
137389,0.005
137390,0.095
137391,0.04
137392,0.365
137393,0.225
137394,0.62
137395,0.255
137396,0.46
137397,0.025
137398,0.38
137399,0.04
137400,0.02
137401,0.09
137402,0.21
137403,0.07
137404,0.03
137405,0.065
137406,0.15
137407,0.13
137408,0.24
137409,0.17
137410,0.065
137411,0.045
137412,0.37
137413,0.14
137414,0.1
137415,0.265
137416,0.105
137417,0.305
137418,0.04
137419,0.085
137420,0.01
137421,0.55
137422,0.42
137423,0.01
137424,0.615
137425,0.005
137426,0.065
137427,0.19
137428,0.07
137429,0.335
137430,0.24
137431,0.15
137432,0.0
137433,0.6
137434,0.695
137435,0.125
137436,0.1
137437,0.145
137438,0.06
137439,0.015
137440,0.765
137441,0.105
137442,0.005
137443,0.465
137444,0.08
137445,0.335
137446,0.94
137447,0.05
137448,0.31
137449,0.415
137450,0.67
137451,0.395
137452,0.095
137453,0.065
137454,0.265
137455,0.03
137456,0.18
137457,0.145
137458,0.03
137459,0.13
137460,0.055
137461,0.245
137462,0.16
137463,0.37
137464,0.01
137465,0.755
137466,0.3
137467,0.12
137468,0.31
137469,0.155
137470,0.115
137471,0.195
137472,0.19
137473,0.375
137474,0.27
137475,0.035
137476,0.015
137477,0.235
137478,0.45
137479,0.155
137480,0.42
137481,0.08
137482,0.045
137483,0.205
137484,0.56
137485,0.02
137486,0.885
137487,0.135
137488,0.105
137489,0.29
137490,0.06
137491,0.26
137492,0.195
137493,0.145
137494,0.085
137495,0.345
137496,0.08
137497,0.595
137498,0.075
137499,0.21
137500,0.08
137501,0.02
137502,0.005
137503,0.745
137504,0.235
137505,0.005
137506,0.085
137507,0.135
137508,0.06
137509,0.105
137510,0.03
137511,0.225
137512,0.175
137513,0.095
137514,0.255
137515,0.02
137516,0.76
137517,0.035
137518,0.42
137519,0.07
137520,0.05
137521,0.375
137522,0.085
137523,0.27
137524,0.07
137525,0.065
137526,0.265
137527,0.515
137528,0.275
137529,0.085
137530,0.16
137531,0.1
137532,0.285
137533,0.625
137534,0.08
137535,0.05
137536,0.44
137537,0.37
137538,0.285
137539,0.11
137540,0.075
137541,0.07
137542,0.005
137543,0.03
137544,0.125
137545,0.07
137546,0.125
137547,0.16
137548,0.09
137549,0.17
137550,0.74
137551,0.305
137552,0.465
137553,0.08
137554,0.31
137555,0.17
137556,0.03
137557,0.295
137558,0.69
137559,0.415
137560,0.26
137561,0.175
137562,0.22
137563,0.035
137564,0.03
137565,0.72
137566,0.235
137567,0.31
137568,0.095
137569,0.145
137570,0.07
137571,0.0
137572,0.165
137573,0.095
137574,0.375
137575,0.34
137576,0.61
137577,0.06
137578,0.335
137579,0.515
137580,0.045
137581,0.075
137582,0.2
137583,0.17
137584,0.11
137585,0.115
137586,0.36
137587,0.065
137588,0.07
137589,0.32
137590,0.06
137591,0.09
137592,0.18
137593,0.275
137594,0.025
137595,0.16
137596,0.325
137597,0.08
137598,0.285
137599,0.055
137600,0.145
137601,0.275
137602,0.045
137603,0.455
137604,0.025
137605,0.03
137606,0.255
137607,0.36
137608,0.14
137609,0.04
137610,0.58
137611,0.56
137612,0.095
137613,0.19
137614,0.71
137615,0.035
137616,0.055
137617,0.04
137618,0.12
137619,0.13
137620,0.06
137621,0.37
137622,0.195
137623,0.24
137624,0.245
137625,0.61
137626,0.115
137627,0.01
137628,0.015
137629,0.635
137630,0.25
137631,0.11
137632,0.695
137633,0.1
137634,0.13
137635,0.335
137636,0.075
137637,0.1
137638,0.47
137639,0.37
137640,0.195
137641,0.035
137642,0.145
137643,0.095
137644,0.215
137645,0.45
137646,0.08
137647,0.08
137648,0.185
137649,0.15
137650,0.785
137651,0.17
137652,0.005
137653,0.095
137654,0.29
137655,0.315
137656,0.245
137657,0.335
137658,0.66
137659,0.03
137660,0.12
137661,0.25
137662,0.48
137663,0.12
137664,0.745
137665,0.04
137666,0.125
137667,0.3
137668,0.13
137669,0.135
137670,0.305
137671,0.935
137672,0.705
137673,0.09
137674,0.19
137675,0.12
137676,0.565
137677,0.015
137678,0.125
137679,0.125
137680,0.135
137681,0.07
137682,0.07
137683,0.15
137684,0.155
137685,0.465
137686,0.12
137687,0.03
137688,0.07
137689,0.1
137690,0.855
137691,0.04
137692,0.2
137693,0.045
137694,0.03
137695,0.335
137696,0.85
137697,0.155
137698,0.02
137699,0.055
137700,0.085
137701,0.745
137702,0.84
137703,0.09
137704,0.36
137705,0.06
137706,0.01
137707,0.095
137708,0.08
137709,0.03
137710,0.07
137711,0.01
137712,0.035
137713,0.095
137714,0.09
137715,0.66
137716,0.15
137717,0.03
137718,0.075
137719,0.1
137720,0.305
137721,0.085
137722,0.095
137723,0.1
137724,0.24
137725,0.115
137726,0.085
137727,0.115
137728,0.21
137729,0.085
137730,0.71
137731,0.025
137732,0.04
137733,0.225
137734,0.075
137735,0.08
137736,0.195
137737,0.01
137738,0.365
137739,0.015
137740,0.835
137741,0.035
137742,0.035
137743,0.435
137744,0.065
137745,0.295
137746,0.005
137747,0.02
137748,0.195
137749,0.09
137750,0.28
137751,0.57
137752,0.055
137753,0.16
137754,0.095
137755,0.5
137756,0.135
137757,0.225
137758,0.1
137759,0.01
137760,0.09
137761,0.18
137762,0.13
137763,0.66
137764,0.06
137765,0.07
137766,0.085
137767,0.235
137768,0.335
137769,0.115
137770,0.055
137771,0.31
137772,0.295
137773,0.8
137774,0.075
137775,0.16
137776,0.12
137777,0.35
137778,0.21
137779,0.085
137780,0.07
137781,0.075
137782,0.05
137783,0.1
137784,0.055
137785,0.005
137786,0.075
137787,0.185
137788,0.055
137789,0.205
137790,0.17
137791,0.0
137792,0.315
137793,0.225
137794,0.155
137795,0.005
137796,0.08
137797,0.185
137798,0.105
137799,0.12
137800,0.21
137801,0.08
137802,0.4
137803,0.44
137804,0.22
137805,0.37
137806,0.005
137807,0.35
137808,0.455
137809,0.345
137810,0.23
137811,0.11
137812,0.165
137813,0.49
137814,0.465
137815,0.78
137816,0.115
137817,0.055
137818,0.01
137819,0.17
137820,0.085
137821,0.155
137822,0.4
137823,0.0
137824,0.565
137825,0.095
137826,0.655
137827,0.1
137828,0.1
137829,0.72
137830,0.53
137831,0.065
137832,0.045
137833,0.33
137834,0.03
137835,0.225
137836,0.47
137837,0.025
137838,0.105
137839,0.0
137840,0.425
137841,0.11
137842,0.075
137843,0.37
137844,0.11
137845,0.825
137846,0.055
137847,0.075
137848,0.05
137849,0.03
137850,0.17
137851,0.14
137852,0.435
137853,0.25
137854,0.44
137855,0.02
137856,0.065
137857,0.525
137858,0.06
137859,0.495
137860,0.21
137861,0.17
137862,0.25
137863,0.695
137864,0.275
137865,0.06
137866,0.08
137867,0.1
137868,0.11
137869,0.1
137870,0.155
137871,0.025
137872,0.19
137873,0.395
137874,0.125
137875,0.105
137876,0.125
137877,0.46
137878,0.0
137879,0.8
137880,0.07
137881,0.15
137882,0.09
137883,0.025
137884,0.22
137885,0.11
137886,0.02
137887,0.05
137888,0.465
137889,0.43
137890,0.055
137891,0.12
137892,0.14
137893,0.295
137894,0.36
137895,0.02
137896,0.14
137897,0.09
137898,0.33
137899,0.1
137900,0.285
137901,0.1
137902,0.195
137903,0.105
137904,0.305
137905,0.425
137906,0.355
137907,0.075
137908,0.06
137909,0.145
137910,0.01
137911,0.0
137912,0.015
137913,0.29
137914,0.13
137915,0.02
137916,0.075
137917,0.075
137918,0.505
137919,0.47
137920,0.045
137921,0.14
137922,0.11
137923,0.21
137924,0.1
137925,0.16
137926,0.675
137927,0.015
137928,0.175
137929,0.055
137930,0.17
137931,0.125
137932,0.205
137933,0.065
137934,0.23
137935,0.255
137936,0.03
137937,0.12
137938,0.73
137939,0.035
137940,0.585
137941,0.165
137942,0.13
137943,0.275
137944,0.515
137945,0.165
137946,0.0
137947,0.61
137948,0.46
137949,0.91
137950,0.035
137951,0.205
137952,0.055
137953,0.18
137954,0.085
137955,0.125
137956,0.14
137957,0.1
137958,0.255
137959,0.075
137960,0.05
137961,0.145
137962,0.4
137963,0.025
137964,0.24
137965,0.21
137966,0.18
137967,0.11
137968,0.085
137969,0.09
137970,0.79
137971,0.605
137972,0.09
137973,0.15
137974,0.02
137975,0.09
137976,0.17
137977,0.055
137978,0.15
137979,0.03
137980,0.265
137981,0.275
137982,0.16
137983,0.56
137984,0.21
137985,0.09
137986,0.1
137987,0.115
137988,0.27
137989,0.065
137990,0.1
137991,0.035
137992,0.7
137993,0.22
137994,0.175
137995,0.065
137996,0.115
137997,0.125
137998,0.24
137999,0.595
138000,0.47
138001,0.245
138002,0.07
138003,0.07
138004,0.395
138005,0.855
138006,0.415
138007,0.5
138008,0.24
138009,0.095
138010,0.12
138011,0.18
138012,0.9
138013,0.205
138014,0.04
138015,0.075
138016,0.76
138017,0.05
138018,0.105
138019,0.195
138020,0.09
138021,0.265
138022,0.145
138023,0.5
138024,0.045
138025,0.015
138026,0.115
138027,0.13
138028,0.485
138029,0.05
138030,0.095
138031,0.11
138032,0.755
138033,0.5
138034,0.1
138035,0.155
138036,0.655
138037,0.115
138038,0.12
138039,0.395
138040,0.035
138041,0.285
138042,0.11
138043,0.035
138044,0.1
138045,0.525
138046,0.21
138047,0.195
138048,0.355
138049,0.02
138050,0.04
138051,0.025
138052,0.375
138053,0.015
138054,0.085
138055,0.095
138056,0.05
138057,0.125
138058,0.14
138059,0.155
138060,0.32
138061,0.61
138062,0.925
138063,0.745
138064,0.075
138065,0.19
138066,0.1
138067,0.105
138068,0.44
138069,0.36
138070,0.155
138071,0.215
138072,0.185
138073,0.59
138074,0.245
138075,0.25
138076,0.375
138077,0.21
138078,0.09
138079,0.25
138080,0.09
138081,0.04
138082,0.065
138083,0.125
138084,0.055
138085,0.295
138086,0.36
138087,0.12
138088,0.07
138089,0.375
138090,0.05
138091,0.655
138092,0.235
138093,0.365
138094,0.065
138095,0.01
138096,0.55
138097,0.515
138098,0.035
138099,0.505
138100,0.07
138101,0.285
138102,0.11
138103,0.535
138104,0.42
138105,0.04
138106,0.805
138107,0.075
138108,0.255
138109,0.025
138110,0.345
138111,0.24
138112,0.025
138113,0.1
138114,0.215
138115,0.355
138116,0.1
138117,0.15
138118,0.09
138119,0.135
138120,0.45
138121,0.19
138122,0.1
138123,0.17
138124,0.135
138125,0.04
138126,0.23
138127,0.235
138128,0.28
138129,0.265
138130,0.005
138131,0.125
138132,0.09
138133,0.19
138134,0.25
138135,0.06
138136,0.615
138137,0.12
138138,0.355
138139,0.49
138140,0.28
138141,0.14
138142,0.055
138143,0.095
138144,0.15
138145,0.15
138146,0.025
138147,0.115
138148,0.055
138149,0.125
138150,0.09
138151,0.46
138152,0.02
138153,0.1
138154,0.155
138155,0.1
138156,0.06
138157,0.635
138158,0.12
138159,0.18
138160,0.285
138161,0.625
138162,0.07
138163,0.365
138164,0.08
138165,0.105
138166,0.105
138167,0.22
138168,0.61
138169,0.085
138170,0.315
138171,0.125
138172,0.05
138173,0.155
138174,0.16
138175,0.035
138176,0.06
138177,0.095
138178,0.425
138179,0.22
138180,0.435
138181,0.275
138182,0.28
138183,0.43
138184,0.375
138185,0.115
138186,0.125
138187,0.07
138188,0.345
138189,0.055
138190,0.255
138191,0.065
138192,0.27
138193,0.13
138194,0.045
138195,0.125
138196,0.135
138197,0.13
138198,0.025
138199,0.11
138200,0.685
138201,0.02
138202,0.185
138203,0.09
138204,0.035
138205,0.09
138206,0.13
138207,0.185
138208,0.105
138209,0.725
138210,0.155
138211,0.055
138212,0.165
138213,0.395
138214,0.74
138215,0.01
138216,0.395
138217,0.04
138218,0.26
138219,0.37
138220,0.25
138221,0.03
138222,0.625
138223,0.115
138224,0.16
138225,0.115
138226,0.37
138227,0.28
138228,0.155
138229,0.3
138230,0.12
138231,0.21
138232,0.025
138233,0.81
138234,0.14
138235,0.085
138236,0.025
138237,0.2
138238,0.095
138239,0.04
138240,0.035
138241,0.595
138242,0.11
138243,0.265
138244,0.24
138245,0.06
138246,0.005
138247,0.04
138248,0.175
138249,0.4
138250,0.4
138251,0.545
138252,0.25
138253,0.105
138254,0.185
138255,0.13
138256,0.7
138257,0.195
138258,0.285
138259,0.08
138260,0.165
138261,0.115
138262,0.175
138263,0.185
138264,0.24
138265,0.085
138266,0.05
138267,0.125
138268,0.02
138269,0.395
138270,0.025
138271,0.405
138272,0.075
138273,0.15
138274,0.225
138275,0.11
138276,0.04
138277,0.365
138278,0.045
138279,0.28
138280,0.03
138281,0.235
138282,0.075
138283,0.475
138284,0.115
138285,0.13
138286,0.105
138287,0.04
138288,0.195
138289,0.175
138290,0.085
138291,0.17
138292,0.03
138293,0.145
138294,0.05
138295,0.585
138296,0.6
138297,0.19
138298,0.22
138299,0.275
138300,0.575
138301,0.445
138302,0.065
138303,0.2
138304,0.02
138305,0.28
138306,0.03
138307,0.095
138308,0.075
138309,0.21
138310,0.175
138311,0.245
138312,0.01
138313,0.005
138314,0.455
138315,0.01
138316,0.635
138317,0.03
138318,0.04
138319,0.135
138320,0.215
138321,0.16
138322,0.12
138323,0.49
138324,0.05
138325,0.185
138326,0.21
138327,0.11
138328,0.18
138329,0.25
138330,0.06
138331,0.67
138332,0.05
138333,0.11
138334,0.79
138335,0.02
138336,0.48
138337,0.195
138338,0.755
138339,0.175
138340,0.145
138341,0.835
138342,0.045
138343,0.095
138344,0.675
138345,0.125
138346,0.245
138347,0.12
138348,0.13
138349,0.485
138350,0.045
138351,0.045
138352,0.08
138353,0.03
138354,0.19
138355,0.155
138356,0.12
138357,0.195
138358,0.135
138359,0.72
138360,0.11
138361,0.035
138362,0.25
138363,0.05
138364,0.15
138365,0.105
138366,0.29
138367,0.035
138368,0.055
138369,0.185
138370,0.09
138371,0.125
138372,0.18
138373,0.36
138374,0.245
138375,0.03
138376,0.68
138377,0.355
138378,0.77
138379,0.015
138380,0.05
138381,0.57
138382,0.21
138383,0.045
138384,0.005
138385,0.08
138386,0.055
138387,0.22
138388,0.305
138389,0.1
138390,0.19
138391,0.295
138392,0.195
138393,0.185
138394,0.015
138395,0.595
138396,0.185
138397,0.46
138398,0.51
138399,0.12
138400,0.145
138401,0.01
138402,0.53
138403,0.07
138404,0.24
138405,0.03
138406,0.11
138407,0.64
138408,0.1
138409,0.25
138410,0.155
138411,0.23
138412,0.035
138413,0.09
138414,0.145
138415,0.275
138416,0.17
138417,0.425
138418,0.075
138419,0.59
138420,0.315
138421,0.3
138422,0.06
138423,0.485
138424,0.25
138425,0.01
138426,0.12
138427,0.1
138428,0.015
138429,0.085
138430,0.215
138431,0.28
138432,0.295
138433,0.015
138434,0.235
138435,0.12
138436,0.48
138437,0.185
138438,0.31
138439,0.2
138440,0.235
138441,0.245
138442,0.055
138443,0.07
138444,0.13
138445,0.09
138446,0.045
138447,0.015
138448,0.13
138449,0.015
138450,0.26
138451,0.115
138452,0.805
138453,0.015
138454,0.135
138455,0.11
138456,0.06
138457,0.195
138458,0.28
138459,0.165
138460,0.05
138461,0.735
138462,0.675
138463,0.33
138464,0.04
138465,0.265
138466,0.105
138467,0.31
138468,0.235
138469,0.14
138470,0.05
138471,0.055
138472,0.66
138473,0.59
138474,0.35
138475,0.12
138476,0.065
138477,0.46
138478,0.325
138479,0.075
138480,0.095
138481,0.17
138482,0.14
138483,0.325
138484,0.04
138485,0.065
138486,0.025
138487,0.085
138488,0.19
138489,0.33
138490,0.265
138491,0.005
138492,0.305
138493,0.19
138494,0.05
138495,0.035
138496,0.345
138497,0.195
138498,0.405
138499,0.08
138500,0.105
138501,0.295
138502,0.11
138503,0.0
138504,0.12
138505,0.065
138506,0.7
138507,0.03
138508,0.115
138509,0.555
138510,0.19
138511,0.02
138512,0.08
138513,0.22
138514,0.67
138515,0.065
138516,0.495
138517,0.16
138518,0.165
138519,0.04
138520,0.19
138521,0.14
138522,0.3
138523,0.085
138524,0.315
138525,0.025
138526,0.11
138527,0.27
138528,0.35
138529,0.56
138530,0.3
138531,0.13
138532,0.055
138533,0.105
138534,0.04
138535,0.13
138536,0.345
138537,0.235
138538,0.13
138539,0.76
138540,0.18
138541,0.125
138542,0.705
138543,0.22
138544,0.025
138545,0.745
138546,0.245
138547,0.445
138548,0.515
138549,0.225
138550,0.465
138551,0.135
138552,0.06
138553,0.245
138554,0.11
138555,0.355
138556,0.19
138557,0.14
138558,0.04
138559,0.1
138560,0.02
138561,0.01
138562,0.11
138563,0.025
138564,0.005
138565,0.21
138566,0.175
138567,0.09
138568,0.065
138569,0.33
138570,0.005
138571,0.08
138572,0.07
138573,0.8
138574,0.115
138575,0.23
138576,0.21
138577,0.265
138578,0.095
138579,0.215
138580,0.265
138581,0.115
138582,0.21
138583,0.195
138584,0.545
138585,0.26
138586,0.645
138587,0.1
138588,0.04
138589,0.09
138590,0.125
138591,0.06
138592,0.005
138593,0.185
138594,0.095
138595,0.19
138596,0.325
138597,0.065
138598,0.06
138599,0.005
138600,0.065
138601,0.0
138602,0.765
138603,0.185
138604,0.1
138605,0.06
138606,0.125
138607,0.03
138608,0.255
138609,0.785
138610,0.405
138611,0.115
138612,0.185
138613,0.035
138614,0.41
138615,0.43
138616,0.045
138617,0.195
138618,0.045
138619,0.055
138620,0.03
138621,0.105
138622,0.415
138623,0.175
138624,0.82
138625,0.04
138626,0.05
138627,0.015
138628,0.13
138629,0.495
138630,0.28
138631,0.115
138632,0.235
138633,0.55
138634,0.045
138635,0.36
138636,0.09
138637,0.27
138638,0.36
138639,0.06
138640,0.765
138641,0.245
138642,0.07
138643,0.4
138644,0.09
138645,0.765
138646,0.51
138647,0.07
138648,0.425
138649,0.08
138650,0.07
138651,0.195
138652,0.14
138653,0.035
138654,0.535
138655,0.085
138656,0.09
138657,0.05
138658,0.17
138659,0.035
138660,0.22
138661,0.68
138662,0.07
138663,0.695
138664,0.115
138665,0.125
138666,0.02
138667,0.265
138668,0.08
138669,0.4
138670,0.69
138671,0.01
138672,0.34
138673,0.21
138674,0.405
138675,0.2
138676,0.235
138677,0.54
138678,0.185
138679,0.005
138680,0.065
138681,0.115
138682,0.25
138683,0.05
138684,0.16
138685,0.125
138686,0.805
138687,0.41
138688,0.29
138689,0.39
138690,0.02
138691,0.38
138692,0.035
138693,0.135
138694,0.23
138695,0.67
138696,0.01
138697,0.19
138698,0.44
138699,0.045
138700,0.075
138701,0.19
138702,0.205
138703,0.035
138704,0.46
138705,0.505
138706,0.82
138707,0.105
138708,0.18
138709,0.18
138710,0.0
138711,0.06
138712,0.55
138713,0.13
138714,0.055
138715,0.085
138716,0.165
138717,0.725
138718,0.335
138719,0.275
138720,0.215
138721,0.06
138722,0.03
138723,0.085
138724,0.025
138725,0.105
138726,0.04
138727,0.11
138728,0.095
138729,0.535
138730,0.39
138731,0.065
138732,0.245
138733,0.305
138734,0.135
138735,0.05
138736,0.105
138737,0.085
138738,0.07
138739,0.11
138740,0.1
138741,0.015
138742,0.71
138743,0.29
138744,0.005
138745,0.035
138746,0.48
138747,0.38
138748,0.095
138749,0.085
138750,0.085
138751,0.175
138752,0.075
138753,0.225
138754,0.13
138755,0.82
138756,0.255
138757,0.005
138758,0.155
138759,0.18
138760,0.0
138761,0.05
138762,0.06
138763,0.445
138764,0.195
138765,0.0
138766,0.1
138767,0.055
138768,0.06
138769,0.045
138770,0.0
138771,0.295
138772,0.135
138773,0.16
138774,0.075
138775,0.135
138776,0.39
138777,0.125
138778,0.055
138779,0.04
138780,0.17
138781,0.05
138782,0.11
138783,0.08
138784,0.28
138785,0.07
138786,0.62
138787,0.665
138788,0.085
138789,0.09
138790,0.115
138791,0.175
138792,0.16
138793,0.105
138794,0.085
138795,0.31
138796,0.1
138797,0.01
138798,0.115
138799,0.2
138800,0.22
138801,0.045
138802,0.13
138803,0.1
138804,0.17
138805,0.585
138806,0.175
138807,0.0
138808,0.19
138809,0.135
138810,0.195
138811,0.205
138812,0.125
138813,0.08
138814,0.135
138815,0.35
138816,0.135
138817,0.12
138818,0.165
138819,0.28
138820,0.2
138821,0.085
138822,0.425
138823,0.06
138824,0.21
138825,0.06
138826,0.15
138827,0.05
138828,0.37
138829,0.195
138830,0.14
138831,0.475
138832,0.215
138833,0.445
138834,0.075
138835,0.085
138836,0.175
138837,0.68
138838,0.16
138839,0.03
138840,0.515
138841,0.785
138842,0.165
138843,0.09
138844,0.255
138845,0.04
138846,0.06
138847,0.02
138848,0.135
138849,0.065
138850,0.16
138851,0.035
138852,0.185
138853,0.275
138854,0.165
138855,0.095
138856,0.73
138857,0.18
138858,0.03
138859,0.395
138860,0.045
138861,0.215
138862,0.285
138863,0.5
138864,0.025
138865,0.315
138866,0.945
138867,0.1
138868,0.13
138869,0.155
138870,0.095
138871,0.185
138872,0.145
138873,0.055
138874,0.12
138875,0.285
138876,0.06
138877,0.25
138878,0.105
138879,0.355
138880,0.13
138881,0.44
138882,0.05
138883,0.18
138884,0.125
138885,0.28
138886,0.395
138887,0.66
138888,0.075
138889,0.28
138890,0.395
138891,0.055
138892,0.57
138893,0.595
138894,0.71
138895,0.14
138896,0.81
138897,0.085
138898,0.145
138899,0.0
138900,0.725
138901,0.205
138902,0.0
138903,0.125
138904,0.15
138905,0.05
138906,0.355
138907,0.115
138908,0.25
138909,0.11
138910,0.19
138911,0.05
138912,0.13
138913,0.025
138914,0.035
138915,0.14
138916,0.31
138917,0.495
138918,0.095
138919,0.16
138920,0.07
138921,0.06
138922,0.285
138923,0.05
138924,0.025
138925,0.655
138926,0.245
138927,0.135
138928,0.195
138929,0.005
138930,0.005
138931,0.22
138932,0.195
138933,0.755
138934,0.135
138935,0.14
138936,0.14
138937,0.08
138938,0.55
138939,0.22
138940,0.43
138941,0.055
138942,0.615
138943,0.315
138944,0.2
138945,0.065
138946,0.055
138947,0.1
138948,0.26
138949,0.095
138950,0.155
138951,0.085
138952,0.3
138953,0.28
138954,0.135
138955,0.07
138956,0.0
138957,0.105
138958,0.19
138959,0.28
138960,0.015
138961,0.09
138962,0.38
138963,0.77
138964,0.765
138965,0.005
138966,0.135
138967,0.14
138968,0.05
138969,0.08
138970,0.25
138971,0.045
138972,0.08
138973,0.02
138974,0.015
138975,0.405
138976,0.49
138977,0.25
138978,0.235
138979,0.08
138980,0.035
138981,0.02
138982,0.26
138983,0.04
138984,0.03
138985,0.39
138986,0.095
138987,0.975
138988,0.05
138989,0.045
138990,0.235
138991,0.825
138992,0.095
138993,0.07
138994,0.13
138995,0.045
138996,0.735
138997,0.09
138998,0.16
138999,0.705
139000,0.765
139001,0.505
139002,0.075
139003,0.01
139004,0.7
139005,0.585
139006,0.065
139007,0.075
139008,0.18
139009,0.03
139010,0.035
139011,0.115
139012,0.43
139013,0.025
139014,0.24
139015,0.125
139016,0.085
139017,0.015
139018,0.025
139019,0.02
139020,0.15
139021,0.125
139022,0.01
139023,0.01
139024,0.155
139025,0.135
139026,0.705
139027,0.145
139028,0.08
139029,0.135
139030,0.01
139031,0.23
139032,0.235
139033,0.6
139034,0.295
139035,0.06
139036,0.27
139037,0.49
139038,0.185
139039,0.515
139040,0.015
139041,0.16
139042,0.105
139043,0.63
139044,0.6
139045,0.055
139046,0.705
139047,0.065
139048,0.21
139049,0.635
139050,0.03
139051,0.29
139052,0.14
139053,0.715
139054,0.02
139055,0.575
139056,0.02
139057,0.205
139058,0.725
139059,0.435
139060,0.155
139061,0.095
139062,0.08
139063,0.095
139064,0.74
139065,0.15
139066,0.055
139067,0.18
139068,0.15
139069,0.08
139070,0.15
139071,0.09
139072,0.125
139073,0.065
139074,0.225
139075,0.015
139076,0.215
139077,0.035
139078,0.015
139079,0.085
139080,0.42
139081,0.22
139082,0.11
139083,0.28
139084,0.7
139085,0.125
139086,0.025
139087,0.625
139088,0.21
139089,0.175
139090,0.175
139091,0.19
139092,0.255
139093,0.035
139094,0.27
139095,0.07
139096,0.22
139097,0.345
139098,0.095
139099,0.055
139100,0.295
139101,0.125
139102,0.785
139103,0.04
139104,0.03
139105,0.105
139106,0.025
139107,0.355
139108,0.065
139109,0.215
139110,0.88
139111,0.335
139112,0.24
139113,0.05
139114,0.23
139115,0.51
139116,0.07
139117,0.105
139118,0.095
139119,0.2
139120,0.245
139121,0.125
139122,0.115
139123,0.055
139124,0.075
139125,0.165
139126,0.01
139127,0.03
139128,0.135
139129,0.07
139130,0.305
139131,0.05
139132,0.08
139133,0.085
139134,0.72
139135,0.805
139136,0.105
139137,0.37
139138,0.35
139139,0.53
139140,0.155
139141,0.075
139142,0.06
139143,0.315
139144,0.22
139145,0.115
139146,0.365
139147,0.085
139148,0.335
139149,0.215
139150,0.085
139151,0.07
139152,0.215
139153,0.15
139154,0.245
139155,0.035
139156,0.295
139157,0.61
139158,0.23
139159,0.25
139160,0.06
139161,0.245
139162,0.03
139163,0.185
139164,0.44
139165,0.125
139166,0.125
139167,0.135
139168,0.06
139169,0.2
139170,0.445
139171,0.08
139172,0.235
139173,0.35
139174,0.02
139175,0.195
139176,0.1
139177,0.125
139178,0.205
139179,0.035
139180,0.055
139181,0.69
139182,0.025
139183,0.415
139184,0.005
139185,0.04
139186,0.715
139187,0.065
139188,0.045
139189,0.17
139190,0.555
139191,0.235
139192,0.52
139193,0.505
139194,0.28
139195,0.18
139196,0.225
139197,0.165
139198,0.225
139199,0.815
139200,0.38
139201,0.595
139202,0.18
139203,0.935
139204,0.175
139205,0.365
139206,0.61
139207,0.56
139208,0.37
139209,0.27
139210,0.105
139211,0.105
139212,0.16
139213,0.05
139214,0.51
139215,0.15
139216,0.025
139217,0.685
139218,0.195
139219,0.075
139220,0.175
139221,0.76
139222,0.33
139223,0.305
139224,0.13
139225,0.115
139226,0.165
139227,0.115
139228,0.325
139229,0.55
139230,0.045
139231,0.33
139232,0.175
139233,0.1
139234,0.085
139235,0.27
139236,0.03
139237,0.09
139238,0.245
139239,0.26
139240,0.02
139241,0.08
139242,0.825
139243,0.205
139244,0.125
139245,0.53
139246,0.12
139247,0.03
139248,0.225
139249,0.065
139250,0.045
139251,0.205
139252,0.645
139253,0.6
139254,0.245
139255,0.045
139256,0.72
139257,0.44
139258,0.215
139259,0.175
139260,0.82
139261,0.45
139262,0.34
139263,0.295
139264,0.25
139265,0.765
139266,0.225
139267,0.34
139268,0.08
139269,0.335
139270,0.09
139271,0.14
139272,0.26
139273,0.205
139274,0.03
139275,0.165
139276,0.05
139277,0.435
139278,0.255
139279,0.49
139280,0.625
139281,0.125
139282,0.22
139283,0.36
139284,0.215
139285,0.31
139286,0.16
139287,0.115
139288,0.24
139289,0.215
139290,0.075
139291,0.08
139292,0.03
139293,0.045
139294,0.045
139295,0.015
139296,0.275
139297,0.515
139298,0.125
139299,0.045
139300,0.17
139301,0.035
139302,0.365
139303,0.355
139304,0.06
139305,0.305
139306,0.05
139307,0.295
139308,0.0
139309,0.51
139310,0.13
139311,0.105
139312,0.035
139313,0.07
139314,0.825
139315,0.255
139316,0.225
139317,0.055
139318,0.145
139319,0.245
139320,0.145
139321,0.63
139322,0.15
139323,0.8
139324,0.06
139325,0.38
139326,0.12
139327,0.18
139328,0.58
139329,0.765
139330,0.135
139331,0.105
139332,0.08
139333,0.215
139334,0.065
139335,0.305
139336,0.025
139337,0.095
139338,0.475
139339,0.05
139340,0.04
139341,0.22
139342,0.17
139343,0.045
139344,0.6
139345,0.23
139346,0.185
139347,0.025
139348,0.1
139349,0.335
139350,0.175
139351,0.105
139352,0.215
139353,0.5
139354,0.105
139355,0.455
139356,0.0
139357,0.19
139358,0.18
139359,0.21
139360,0.155
139361,0.22
139362,0.025
139363,0.06
139364,0.23
139365,0.065
139366,0.165
139367,0.4
139368,0.12
139369,0.305
139370,0.025
139371,0.58
139372,0.14
139373,0.34
139374,0.3
139375,0.58
139376,0.115
139377,0.125
139378,0.095
139379,0.07
139380,0.025
139381,0.35
139382,0.075
139383,0.135
139384,0.495
139385,0.03
139386,0.22
139387,0.39
139388,0.435
139389,0.7
139390,0.1
139391,0.845
139392,0.26
139393,0.535
139394,0.065
139395,0.16
139396,0.165
139397,0.51
139398,0.07
139399,0.06
139400,0.485
139401,0.155
139402,0.22
139403,0.82
139404,0.61
139405,0.425
139406,0.0
139407,0.305
139408,0.135
139409,0.11
139410,0.245
139411,0.33
139412,0.36
139413,0.075
139414,0.14
139415,0.095
139416,0.1
139417,0.035
139418,0.005
139419,0.02
139420,0.105
139421,0.04
139422,0.03
139423,0.05
139424,0.19
139425,0.66
139426,0.19
139427,0.035
139428,0.215
139429,0.135
139430,0.44
139431,0.22
139432,0.045
139433,0.2
139434,0.185
139435,0.155
139436,0.04
139437,0.13
139438,0.345
139439,0.11
139440,0.035
139441,0.355
139442,0.23
139443,0.15
139444,0.13
139445,0.02
139446,0.015
139447,0.34
139448,0.05
139449,0.225
139450,0.26
139451,0.125
139452,0.105
139453,0.265
139454,0.095
139455,0.41
139456,0.09
139457,0.36
139458,0.075
139459,0.3
139460,0.205
139461,0.015
139462,0.215
139463,0.105
139464,0.19
139465,0.155
139466,0.005
139467,0.145
139468,0.69
139469,0.87
139470,0.035
139471,0.11
139472,0.06
139473,0.075
139474,0.0
139475,0.375
139476,0.15
139477,0.36
139478,0.38
139479,0.06
139480,0.14
139481,0.255
139482,0.31
139483,0.14
139484,0.475
139485,0.055
139486,0.255
139487,0.04
139488,0.085
139489,0.26
139490,0.12
139491,0.03
139492,0.145
139493,0.025
139494,0.06
139495,0.295
139496,0.17
139497,0.595
139498,0.16
139499,0.195
139500,0.04
139501,0.145
139502,0.155
139503,0.33
139504,0.1
139505,0.22
139506,0.04
139507,0.335
139508,0.025
139509,0.025
139510,0.15
139511,0.37
139512,0.0
139513,0.085
139514,0.13
139515,0.055
139516,0.03
139517,0.15
139518,0.085
139519,0.23
139520,0.105
139521,0.09
139522,0.285
139523,0.01
139524,0.215
139525,0.225
139526,0.035
139527,0.12
139528,0.17
139529,0.23
139530,0.75
139531,0.44
139532,0.035
139533,0.275
139534,0.04
139535,0.035
139536,0.09
139537,0.685
139538,0.08
139539,0.415
139540,0.105
139541,0.12
139542,0.105
139543,0.275
139544,0.055
139545,0.05
139546,0.085
139547,0.0
139548,0.365
139549,0.335
139550,0.01
139551,0.225
139552,0.055
139553,0.145
139554,0.24
139555,0.625
139556,0.14
139557,0.345
139558,0.025
139559,0.695
139560,0.05
139561,0.1
139562,0.02
139563,0.155
139564,0.335
139565,0.15
139566,0.07
139567,0.825
139568,0.04
139569,0.145
139570,0.055
139571,0.035
139572,0.595
139573,0.08
139574,0.375
139575,0.17
139576,0.955
139577,0.35
139578,0.06
139579,0.055
139580,0.205
139581,0.03
139582,0.095
139583,0.035
139584,0.07
139585,0.28
139586,0.055
139587,0.63
139588,0.305
139589,0.045
139590,0.035
139591,0.18
139592,0.415
139593,0.355
139594,0.1
139595,0.095
139596,0.385
139597,0.17
139598,0.18
139599,0.46
139600,0.035
139601,0.13
139602,0.12
139603,0.215
139604,0.165
139605,0.13
139606,0.06
139607,0.095
139608,0.215
139609,0.085
139610,0.2
139611,0.18
139612,0.19
139613,0.175
139614,0.24
139615,0.305
139616,0.575
139617,0.06
139618,0.05
139619,0.11
139620,0.055
139621,0.485
139622,0.57
139623,0.15
139624,0.36
139625,0.03
139626,0.155
139627,0.305
139628,0.935
139629,0.095
139630,0.215
139631,0.675
139632,0.195
139633,0.255
139634,0.435
139635,0.18
139636,0.2
139637,0.1
139638,0.375
139639,0.025
139640,0.65
139641,0.645
139642,0.295
139643,0.125
139644,0.075
139645,0.255
139646,0.025
139647,0.705
139648,0.0
139649,0.06
139650,0.185
139651,0.155
139652,0.4
139653,0.195
139654,0.155
139655,0.58
139656,0.145
139657,0.11
139658,0.09
139659,0.05
139660,0.435
139661,0.1
139662,0.155
139663,0.165
139664,0.195
139665,0.885
139666,0.07
139667,0.21
139668,0.15
139669,0.315
139670,0.01
139671,0.01
139672,0.555
139673,0.67
139674,0.09
139675,0.6
139676,0.02
139677,0.02
139678,0.155
139679,0.61
139680,0.215
139681,0.075
139682,0.215
139683,0.15
139684,0.325
139685,0.36
139686,0.755
139687,0.035
139688,0.215
139689,0.18
139690,0.36
139691,0.23
139692,0.025
139693,0.15
139694,0.755
139695,0.03
139696,0.145
139697,0.255
139698,0.08
139699,0.045
139700,0.23
139701,0.05
139702,0.22
139703,0.055
139704,0.01
139705,0.93
139706,0.74
139707,0.16
139708,0.18
139709,0.075
139710,0.025
139711,0.615
139712,0.1
139713,0.25
139714,0.075
139715,0.65
139716,0.16
139717,0.29
139718,0.24
139719,0.035
139720,0.01
139721,0.03
139722,0.025
139723,0.085
139724,0.1
139725,0.41
139726,0.14
139727,0.1
139728,0.37
139729,0.15
139730,0.005
139731,0.205
139732,0.085
139733,0.01
139734,0.05
139735,0.09
139736,0.185
139737,0.065
139738,0.12
139739,0.14
139740,0.165
139741,0.19
139742,0.05
139743,0.45
139744,0.1
139745,0.045
139746,0.065
139747,0.125
139748,0.045
139749,0.01
139750,0.045
139751,0.05
139752,0.17
139753,0.07
139754,0.175
139755,0.055
139756,0.11
139757,0.12
139758,0.83
139759,0.41
139760,0.285
139761,0.065
139762,0.625
139763,0.075
139764,0.075
139765,0.24
139766,0.29
139767,0.42
139768,0.0
139769,0.35
139770,0.125
139771,0.13
139772,0.095
139773,0.335
139774,0.785
139775,0.5
139776,0.41
139777,0.16
139778,0.145
139779,0.115
139780,0.18
139781,0.15
139782,0.08
139783,0.095
139784,0.11
139785,0.08
139786,0.085
139787,0.21
139788,0.1
139789,0.185
139790,0.14
139791,0.29
139792,0.06
139793,0.12
139794,0.12
139795,0.145
139796,0.04
139797,0.685
139798,0.235
139799,0.11
139800,0.11
139801,0.24
139802,0.105
139803,0.155
139804,0.125
139805,0.05
139806,0.295
139807,0.075
139808,0.05
139809,0.09
139810,0.195
139811,0.12
139812,0.01
139813,0.305
139814,0.23
139815,0.205
139816,0.15
139817,0.71
139818,0.04
139819,0.805
139820,0.36
139821,0.05
139822,0.155
139823,0.195
139824,0.04
139825,0.025
139826,0.615
139827,0.065
139828,0.105
139829,0.245
139830,0.065
139831,0.105
139832,0.17
139833,0.365
139834,0.165
139835,0.195
139836,0.195
139837,0.23
139838,0.595
139839,0.185
139840,0.105
139841,0.235
139842,0.16
139843,0.065
139844,0.1
139845,0.075
139846,0.01
139847,0.215
139848,0.09
139849,0.11
139850,0.305
139851,0.11
139852,0.06
139853,0.1
139854,0.105
139855,0.065
139856,0.145
139857,0.085
139858,0.66
139859,0.04
139860,0.675
139861,0.12
139862,0.165
139863,0.055
139864,0.4
139865,0.245
139866,0.03
139867,0.085
139868,0.645
139869,0.185
139870,0.25
139871,0.495
139872,0.07
139873,0.435
139874,0.025
139875,0.095
139876,0.645
139877,0.11
139878,0.41
139879,0.01
139880,0.12
139881,0.085
139882,0.15
139883,0.725
139884,0.03
139885,0.225
139886,0.23
139887,0.01
139888,0.005
139889,0.16
139890,0.09
139891,0.525
139892,0.03
139893,0.11
139894,0.205
139895,0.27
139896,0.155
139897,0.125
139898,0.185
139899,0.045
139900,0.135
139901,0.22
139902,0.08
139903,0.185
139904,0.365
139905,0.1
139906,0.495
139907,0.065
139908,0.095
139909,0.03
139910,0.255
139911,0.355
139912,0.405
139913,0.11
139914,0.81
139915,0.49
139916,0.355
139917,0.12
139918,0.52
139919,0.98
139920,0.79
139921,0.015
139922,0.06
139923,0.0
139924,0.39
139925,0.105
139926,0.02
139927,0.68
139928,0.15
139929,0.05
139930,0.255
139931,0.255
139932,0.035
139933,0.18
139934,0.03
139935,0.35
139936,0.005
139937,0.155
139938,0.12
139939,0.545
139940,0.32
139941,0.07
139942,0.09
139943,0.04
139944,0.57
139945,0.42
139946,0.215
139947,0.18
139948,0.29
139949,0.82
139950,0.1
139951,0.1
139952,0.825
139953,0.105
139954,0.73
139955,0.22
139956,0.295
139957,0.09
139958,0.91
139959,0.185
139960,0.165
139961,0.255
139962,0.09
139963,0.455
139964,0.05
139965,0.645
139966,0.32
139967,0.24
139968,0.09
139969,0.035
139970,0.085
139971,0.3
139972,0.025
139973,0.79
139974,0.66
139975,0.11
139976,0.31
139977,0.005
139978,0.01
139979,0.0
139980,0.11
139981,0.8
139982,0.135
139983,0.19
139984,0.045
139985,0.46
139986,0.645
139987,0.535
139988,0.215
139989,0.185
139990,0.12
139991,0.065
139992,0.005
139993,0.37
139994,0.095
139995,0.205
139996,0.225
139997,0.175
139998,0.465
139999,0.45
140000,0.295
140001,0.045
140002,0.155
140003,0.15
140004,0.43
140005,0.195
140006,0.435
140007,0.195
140008,0.455
140009,0.18
140010,0.105
140011,0.375
140012,0.05
140013,0.13
140014,0.045
140015,0.355
140016,0.33
140017,0.17
140018,0.02
140019,0.08
140020,0.03
140021,0.175
140022,0.07
140023,0.02
140024,0.065
140025,0.0
140026,0.655
140027,0.325
140028,0.26
140029,0.16
140030,0.0
140031,0.26
140032,0.215
140033,0.055
140034,0.21
140035,0.195
140036,0.685
140037,0.155
140038,0.41
140039,0.165
140040,0.895
140041,0.76
140042,0.815
140043,0.025
140044,0.14
140045,0.14
140046,0.465
140047,0.06
140048,0.365
140049,0.31
140050,0.045
140051,0.38
140052,0.12
140053,0.0
140054,0.265
140055,0.43
140056,0.13
140057,0.845
140058,0.24
140059,0.02
140060,0.085
140061,0.795
140062,0.225
140063,0.165
140064,0.425
140065,0.11
140066,0.13
140067,0.075
140068,0.21
140069,0.305
140070,0.105
140071,0.12
140072,0.16
140073,0.05
140074,0.02
140075,0.045
140076,0.74
140077,0.115
140078,0.155
140079,0.225
140080,0.295
140081,0.255
140082,0.125
140083,0.18
140084,0.4
140085,0.05
140086,0.485
140087,0.58
140088,0.57
140089,0.17
140090,0.19
140091,0.54
140092,0.065
140093,0.19
140094,0.135
140095,0.49
140096,0.205
140097,0.245
140098,0.365
140099,0.01
140100,0.115
140101,0.085
140102,0.325
140103,0.0
140104,0.07
140105,0.07
140106,0.32
140107,0.04
140108,0.56
140109,0.335
140110,0.0
140111,0.085
140112,0.055
140113,0.15
140114,0.34
140115,0.055
140116,0.125
140117,0.05
140118,0.145
140119,0.045
140120,0.01
140121,0.23
140122,0.745
140123,0.055
140124,0.2
140125,0.745
140126,0.275
140127,0.77
140128,0.22
140129,0.17
140130,0.17
140131,0.395
140132,0.065
140133,0.135
140134,0.085
140135,0.07
140136,0.105
140137,0.29
140138,0.295
140139,0.13
140140,0.155
140141,0.04
140142,0.24
140143,0.005
140144,0.14
140145,0.06
140146,0.145
140147,0.08
140148,0.01
140149,0.355
140150,0.02
140151,0.2
140152,0.355
140153,0.335
140154,0.125
140155,0.11
140156,0.2
140157,0.05
140158,0.09
140159,0.165
140160,0.155
140161,0.9
140162,0.255
140163,0.135
140164,0.255
140165,0.015
140166,0.455
140167,0.625
140168,0.355
140169,0.08
140170,0.055
140171,0.045
140172,0.135
140173,0.16
140174,0.77
140175,0.385
140176,0.17
140177,0.13
140178,0.005
140179,0.47
140180,0.075
140181,0.19
140182,0.56
140183,0.33
140184,0.0
140185,0.34
140186,0.075
140187,0.025
140188,0.52
140189,0.74
140190,0.165
140191,0.225
140192,0.21
140193,0.03
140194,0.05
140195,0.425
140196,0.61
140197,0.5
140198,0.06
140199,0.21
140200,0.56
140201,0.575
140202,0.335
140203,0.255
140204,0.48
140205,0.285
140206,0.32
140207,0.265
140208,0.765
140209,0.02
140210,0.745
140211,0.185
140212,0.075
140213,0.065
140214,0.175
140215,0.56
140216,0.075
140217,0.825
140218,0.555
140219,0.02
140220,0.3
140221,0.15
140222,0.64
140223,0.145
140224,0.15
140225,0.265
140226,0.415
140227,0.105
140228,0.46
140229,0.105
140230,0.065
140231,0.07
140232,0.145
140233,0.86
140234,0.055
140235,0.44
140236,0.1
140237,0.27
140238,0.26
140239,0.13
140240,0.025
140241,0.685
140242,0.335
140243,0.165
140244,0.015
140245,0.05
140246,0.275
140247,0.135
140248,0.625
140249,0.275
140250,0.075
140251,0.255
140252,0.24
140253,0.045
140254,0.07
140255,0.03
140256,0.025
140257,0.055
140258,0.185
140259,0.44
140260,0.055
140261,0.71
140262,0.74
140263,0.035
140264,0.145
140265,0.58
140266,0.685
140267,0.07
140268,0.26
140269,0.02
140270,0.675
140271,0.405
140272,0.025
140273,0.08
140274,0.315
140275,0.67
140276,0.735
140277,0.745
140278,0.37
140279,0.135
140280,0.03
140281,0.17
140282,0.185
140283,0.47
140284,0.405
140285,0.2
140286,0.615
140287,0.01
140288,0.27
140289,0.05
140290,0.125
140291,0.095
140292,0.065
140293,0.105
140294,0.18
140295,0.605
140296,0.15
140297,0.37
140298,0.015
140299,0.04
140300,0.17
140301,0.35
140302,0.68
140303,0.045
140304,0.09
140305,0.225
140306,0.24
140307,0.295
140308,0.065
140309,0.005
140310,0.39
140311,0.82
140312,0.185
140313,0.415
140314,0.23
140315,0.11
140316,0.085
140317,0.11
140318,0.14
140319,0.24
140320,0.55
140321,0.165
140322,0.235
140323,0.225
140324,0.265
140325,0.09
140326,0.095
140327,0.08
140328,0.595
140329,0.185
140330,0.355
140331,0.1
140332,0.15
140333,0.32
140334,0.075
140335,0.1
140336,0.025
140337,0.31
140338,0.505
140339,0.14
140340,0.125
140341,0.105
140342,0.195
140343,0.3
140344,0.13
140345,0.135
140346,0.28
140347,0.27
140348,0.205
140349,0.205
140350,0.215
140351,0.225
140352,0.055
140353,0.175
140354,0.065
140355,0.51
140356,0.4
140357,0.885
140358,0.165
140359,0.0
140360,0.14
140361,0.03
140362,0.28
140363,0.27
140364,0.14
140365,0.19
140366,0.275
140367,0.025
140368,0.235
140369,0.335
140370,0.355
140371,0.61
140372,0.015
140373,0.665
140374,0.44
140375,0.66
140376,0.135
140377,0.095
140378,0.185
140379,0.295
140380,0.215
140381,0.035
140382,0.035
140383,0.285
140384,0.095
140385,0.2
140386,0.035
140387,0.855
140388,0.1
140389,0.095
140390,0.105
140391,0.485
140392,0.245
140393,0.62
140394,0.13
140395,0.345
140396,0.83
140397,0.365
140398,0.37
140399,0.145
140400,0.255
140401,0.085
140402,0.105
140403,0.125
140404,0.02
140405,0.165
140406,0.32
140407,0.745
140408,0.005
140409,0.15
140410,0.535
140411,0.04
140412,0.655
140413,0.035
140414,0.165
140415,0.46
140416,0.4
140417,0.085
140418,0.47
140419,0.435
140420,0.24
140421,0.23
140422,0.15
140423,0.07
140424,0.175
140425,0.01
140426,0.065
140427,0.125
140428,0.075
140429,0.085
140430,0.145
140431,0.035
140432,0.02
140433,0.1
140434,0.105
140435,0.045
140436,0.15
140437,0.3
140438,0.035
140439,0.175
140440,0.62
140441,0.24
140442,0.085
140443,0.035
140444,0.235
140445,0.14
140446,0.02
140447,0.4
140448,0.16
140449,0.015
140450,0.1
140451,0.09
140452,0.42
140453,0.69
140454,0.145
140455,0.67
140456,0.055
140457,0.38
140458,0.02
140459,0.065
140460,0.12
140461,0.005
140462,0.055
140463,0.02
140464,0.025
140465,0.12
140466,0.05
140467,0.03
140468,0.005
140469,0.135
140470,0.7
140471,0.55
140472,0.02
140473,0.45
140474,0.2
140475,0.02
140476,0.03
140477,0.23
140478,0.03
140479,0.485
140480,0.76
140481,0.085
140482,0.065
140483,0.225
140484,0.15
140485,0.355
140486,0.245
140487,0.005
140488,0.17
140489,0.01
140490,0.355
140491,0.035
140492,0.01
140493,0.255
140494,0.07
140495,0.325
140496,0.055
140497,0.845
140498,0.295
140499,0.1
140500,0.145
140501,0.275
140502,0.12
140503,0.64
140504,0.29
140505,0.23
140506,0.065
140507,0.335
140508,0.12
140509,0.1
140510,0.285
140511,0.37
140512,0.065
140513,0.175
140514,0.08
140515,0.03
140516,0.02
140517,0.005
140518,0.125
140519,0.075
140520,0.11
140521,0.2
140522,0.075
140523,0.22
140524,0.195
140525,0.23
140526,0.42
140527,0.715
140528,0.805
140529,0.11
140530,0.125
140531,0.04
140532,0.1
140533,0.185
140534,0.085
140535,0.1
140536,0.17
140537,0.13
140538,0.765
140539,0.03
140540,0.255
140541,0.25
140542,0.115
140543,0.185
140544,0.35
140545,0.055
140546,0.185
140547,0.195
140548,0.24
140549,0.075
140550,0.13
140551,0.17
140552,0.1
140553,0.0
140554,0.07
140555,0.095
140556,0.06
140557,0.285
140558,0.035
140559,0.04
140560,0.25
140561,0.11
140562,0.065
140563,0.67
140564,0.03
140565,0.01
140566,0.175
140567,0.445
140568,0.055
140569,0.39
140570,0.155
140571,0.25
140572,0.165
140573,0.015
140574,0.045
140575,0.06
140576,0.43
140577,0.14
140578,0.1
140579,0.305
140580,0.1
140581,0.09
140582,0.335
140583,0.425
140584,0.02
140585,0.45
140586,0.15
140587,0.81
140588,0.045
140589,0.095
140590,0.535
140591,0.75
140592,0.535
140593,0.045
140594,0.09
140595,0.18
140596,0.01
140597,0.21
140598,0.02
140599,0.12
140600,0.04
140601,0.005
140602,0.34
140603,0.38
140604,0.595
140605,0.345
140606,0.27
140607,0.355
140608,0.005
140609,0.805
140610,0.18
140611,0.195
140612,0.785
140613,0.425
140614,0.12
140615,0.1
140616,0.3
140617,0.05
140618,0.025
140619,0.095
140620,0.27
140621,0.02
140622,0.07
140623,0.235
140624,0.24
140625,0.225
140626,0.085
140627,0.085
140628,0.17
140629,0.005
140630,0.12
140631,0.11
140632,0.02
140633,0.05
140634,0.24
140635,0.1
140636,0.66
140637,0.03
140638,0.05
140639,0.605
140640,0.195
140641,0.03
140642,0.2
140643,0.065
140644,0.07
140645,0.015
140646,0.34
140647,0.035
140648,0.26
140649,0.425
140650,0.005
140651,0.61
140652,0.34
140653,0.31
140654,0.11
140655,0.065
140656,0.09
140657,0.155
140658,0.245
140659,0.125
140660,0.12
140661,0.1
140662,0.065
140663,0.045
140664,0.05
140665,0.04
140666,0.5
140667,0.06
140668,0.07
140669,0.34
140670,0.555
140671,0.175
140672,0.055
140673,0.035
140674,0.07
140675,0.35
140676,0.61
140677,0.805
140678,0.17
140679,0.78
140680,0.145
140681,0.07
140682,0.295
140683,0.225
140684,0.765
140685,0.08
140686,0.06
140687,0.61
140688,0.145
140689,0.48
140690,0.07
140691,0.095
140692,0.035
140693,0.13
140694,0.715
140695,0.085
140696,0.12
140697,0.075
140698,0.305
140699,0.51
140700,0.74
140701,0.86
140702,0.345
140703,0.245
140704,0.21
140705,0.235
140706,0.125
140707,0.045
140708,0.425
140709,0.53
140710,0.265
140711,0.11
140712,0.06
140713,0.025
140714,0.2
140715,0.035
140716,0.595
140717,0.03
140718,0.07
140719,0.03
140720,0.2
140721,0.17
140722,0.105
140723,0.31
140724,0.415
140725,0.49
140726,0.05
140727,0.28
140728,0.145
140729,0.095
140730,0.28
140731,0.095
140732,0.085
140733,0.32
140734,0.41
140735,0.545
140736,0.16
140737,0.015
140738,0.655
140739,0.025
140740,0.03
140741,0.01
140742,0.1
140743,0.14
140744,0.44
140745,0.06
140746,0.19
140747,0.065
140748,0.025
140749,0.555
140750,0.15
140751,0.645
140752,0.035
140753,0.24
140754,0.085
140755,0.425
140756,0.17
140757,0.13
140758,0.04
140759,0.125
140760,0.18
140761,0.56
140762,0.075
140763,0.085
140764,0.065
140765,0.135
140766,0.025
140767,0.395
140768,0.4
140769,0.125
140770,0.17
140771,0.125
140772,0.18
140773,0.035
140774,0.2
140775,0.245
140776,0.22
140777,0.185
140778,0.05
140779,0.3
140780,0.165
140781,0.18
140782,0.49
140783,0.115
140784,0.15
140785,0.635
140786,0.145
140787,0.22
140788,0.055
140789,0.195
140790,0.26
140791,0.305
140792,0.08
140793,0.02
140794,0.055
140795,0.11
140796,0.185
140797,0.355
140798,0.17
140799,0.28
140800,0.56
140801,0.12
140802,0.11
140803,0.065
140804,0.11
140805,0.68
140806,0.065
140807,0.07
140808,0.215
140809,0.03
140810,0.005
140811,0.81
140812,0.035
140813,0.28
140814,0.115
140815,0.265
140816,0.57
140817,0.4
140818,0.25
140819,0.225
140820,0.09
140821,0.75
140822,0.215
140823,0.19
140824,0.1
140825,0.435
140826,0.145
140827,0.365
140828,0.045
140829,0.01
140830,0.3
140831,0.085
140832,0.185
140833,0.025
140834,0.07
140835,0.065
140836,0.31
140837,0.115
140838,0.315
140839,0.225
140840,0.125
140841,0.075
140842,0.35
140843,0.21
140844,0.085
140845,0.5
140846,0.135
140847,0.29
140848,0.295
140849,0.025
140850,0.4
140851,0.06
140852,0.175
140853,0.255
140854,0.245
140855,0.215
140856,0.065
140857,0.25
140858,0.09
140859,0.165
140860,0.09
140861,0.02
140862,0.275
140863,0.125
140864,0.255
140865,0.6
140866,0.425
140867,0.19
140868,0.065
140869,0.035
140870,0.235
140871,0.035
140872,0.015
140873,0.005
140874,0.105
140875,0.125
140876,0.11
140877,0.015
140878,0.01
140879,0.05
140880,0.07
140881,0.24
140882,0.165
140883,0.41
140884,0.13
140885,0.41
140886,0.17
140887,0.14
140888,0.575
140889,0.205
140890,0.325
140891,0.145
140892,0.105
140893,0.84
140894,0.245
140895,0.115
140896,0.39
140897,0.175
140898,0.59
140899,0.635
140900,0.435
140901,0.775
140902,0.195
140903,0.29
140904,0.04
140905,0.28
140906,0.045
140907,0.27
140908,0.05
140909,0.26
140910,0.095
140911,0.3
140912,0.025
140913,0.02
140914,0.235
140915,0.37
140916,0.11
140917,0.05
140918,0.1
140919,0.365
140920,0.14
140921,0.525
140922,0.29
140923,0.15
140924,0.215
140925,0.01
140926,0.125
140927,0.125
140928,0.335
140929,0.115
140930,0.315
140931,0.145
140932,0.265
140933,0.38
140934,0.05
140935,0.205
140936,0.26
140937,0.665
140938,0.225
140939,0.13
140940,0.395
140941,0.04
140942,0.075
140943,0.385
140944,0.1
140945,0.895
140946,0.32
140947,0.115
140948,0.625
140949,0.12
140950,0.105
140951,0.56
140952,0.07
140953,0.68
140954,0.15
140955,0.045
140956,0.12
140957,0.005
140958,0.045
140959,0.08
140960,0.235
140961,0.095
140962,0.29
140963,0.09
140964,0.34
140965,0.13
140966,0.47
140967,0.265
140968,0.135
140969,0.56
140970,0.575
140971,0.255
140972,0.21
140973,0.05
140974,0.145
140975,0.66
140976,0.225
140977,0.095
140978,0.015
140979,0.22
140980,0.02
140981,0.0
140982,0.06
140983,0.055
140984,0.005
140985,0.12
140986,0.205
140987,0.255
140988,0.7
140989,0.105
140990,0.095
140991,0.115
140992,0.245
140993,0.165
140994,0.17
140995,0.01
140996,0.09
140997,0.195
140998,0.165
140999,0.235
141000,0.19
141001,0.265
141002,0.195
141003,0.03
141004,0.245
141005,0.05
141006,0.13
141007,0.2
141008,0.065
141009,0.08
141010,0.06
141011,0.185
141012,0.105
141013,0.285
141014,0.045
141015,0.0
141016,0.03
141017,0.025
141018,0.07
141019,0.1
141020,0.29
141021,0.05
141022,0.1
141023,0.125
141024,0.085
141025,0.265
141026,0.79
141027,0.135
141028,0.035
141029,0.405
141030,0.16
141031,0.0
141032,0.195
141033,0.12
141034,0.04
141035,0.625
141036,0.05
141037,0.03
141038,0.165
141039,0.165
141040,0.235
141041,0.17
141042,0.16
141043,0.0
141044,0.33
141045,0.105
141046,0.09
141047,0.24
141048,0.25
141049,0.095
141050,0.11
141051,0.055
141052,0.18
141053,0.105
141054,0.145
141055,0.535
141056,0.295
141057,0.025
141058,0.11
141059,0.555
141060,0.725
141061,0.185
141062,0.23
141063,0.07
141064,0.165
141065,0.09
141066,0.145
141067,0.075
141068,0.21
141069,0.115
141070,0.08
141071,0.08
141072,0.535
141073,0.455
141074,0.025
141075,0.43
141076,0.13
141077,0.125
141078,0.175
141079,0.015
141080,0.94
141081,0.09
141082,0.5
141083,0.19
141084,0.07
141085,0.09
141086,0.235
141087,0.005
141088,0.045
141089,0.57
141090,0.065
141091,0.135
141092,0.01
141093,0.09
141094,0.355
141095,0.05
141096,0.25
141097,0.17
141098,0.06
141099,0.01
141100,0.445
141101,0.16
141102,0.05
141103,0.145
141104,0.045
141105,0.055
141106,0.13
141107,0.14
141108,0.09
141109,0.14
141110,0.06
141111,0.12
141112,0.265
141113,0.145
141114,0.02
141115,0.07
141116,0.095
141117,0.15
141118,0.175
141119,0.28
141120,0.185
141121,0.055
141122,0.71
141123,0.145
141124,0.2
141125,0.415
141126,0.2
141127,0.4
141128,0.55
141129,0.325
141130,0.025
141131,0.57
141132,0.13
141133,0.145
141134,0.355
141135,0.09
141136,0.205
141137,0.715
141138,0.335
141139,0.51
141140,0.065
141141,0.125
141142,0.15
141143,0.015
141144,0.22
141145,0.175
141146,0.155
141147,0.055
141148,0.495
141149,0.175
141150,0.07
141151,0.01
141152,0.425
141153,0.405
141154,0.29
141155,0.02
141156,0.65
141157,0.105
141158,0.43
141159,0.835
141160,0.12
141161,0.045
141162,0.09
141163,0.135
141164,0.295
141165,0.06
141166,0.4
141167,0.1
141168,0.66
141169,0.575
141170,0.405
141171,0.075
141172,0.13
141173,0.095
141174,0.095
141175,0.195
141176,0.585
141177,0.16
141178,0.245
141179,0.26
141180,0.4
141181,0.33
141182,0.075
141183,0.15
141184,0.655
141185,0.225
141186,0.07
141187,0.09
141188,0.125
141189,0.04
141190,0.02
141191,0.31
141192,0.32
141193,0.095
141194,0.035
141195,0.145
141196,0.02
141197,0.15
141198,0.17
141199,0.08
141200,0.24
141201,0.24
141202,0.3
141203,0.175
141204,0.05
141205,0.08
141206,0.18
141207,0.135
141208,0.6
141209,0.055
141210,0.285
141211,0.305
141212,0.005
141213,0.145
141214,0.035
141215,0.615
141216,0.025
141217,0.455
141218,0.17
141219,0.135
141220,0.05
141221,0.76
141222,0.02
141223,0.08
141224,0.17
141225,0.135
141226,0.135
141227,0.15
141228,0.435
141229,0.02
141230,0.205
141231,0.08
141232,0.08
141233,0.75
141234,0.07
141235,0.505
141236,0.365
141237,0.085
141238,0.525
141239,0.395
141240,0.0
141241,0.055
141242,0.085
141243,0.255
141244,0.095
141245,0.195
141246,0.11
141247,0.635
141248,0.41
141249,0.295
141250,0.0
141251,0.175
141252,0.46
141253,0.02
141254,0.655
141255,0.41
141256,0.15
141257,0.115
141258,0.015
141259,0.06
141260,0.21
141261,0.82
141262,0.1
141263,0.135
141264,0.075
141265,0.445
141266,0.11
141267,0.19
141268,0.15
141269,0.15
141270,0.345
141271,0.06
141272,0.615
141273,0.37
141274,0.06
141275,0.165
141276,0.14
141277,0.055
141278,0.73
141279,0.27
141280,0.135
141281,0.025
141282,0.08
141283,0.35
141284,0.07
141285,0.36
141286,0.025
141287,0.295
141288,0.385
141289,0.915
141290,0.42
141291,0.265
141292,0.115
141293,0.11
141294,0.475
141295,0.075
141296,0.2
141297,0.115
141298,0.025
141299,0.29
141300,0.32
141301,0.24
141302,0.16
141303,0.275
141304,0.215
141305,0.095
141306,0.0
141307,0.135
141308,0.625
141309,0.495
141310,0.045
141311,0.775
141312,0.18
141313,0.695
141314,0.055
141315,0.215
141316,0.175
141317,0.24
141318,0.105
141319,0.04
141320,0.32
141321,0.25
141322,0.025
141323,0.035
141324,0.385
141325,0.165
141326,0.065
141327,0.54
141328,0.16
141329,0.45
141330,0.375
141331,0.14
141332,0.135
141333,0.75
141334,0.335
141335,0.075
141336,0.03
141337,0.725
141338,0.155
141339,0.17
141340,0.45
141341,0.52
141342,0.15
141343,0.12
141344,0.265
141345,0.32
141346,0.235
141347,0.29
141348,0.525
141349,0.075
141350,0.12
141351,0.405
141352,0.53
141353,0.255
141354,0.125
141355,0.42
141356,0.02
141357,0.18
141358,0.655
141359,0.99
141360,0.11
141361,0.05
141362,0.205
141363,0.13
141364,0.055
141365,0.365
141366,0.255
141367,0.225
141368,0.14
141369,0.33
141370,0.56
141371,0.16
141372,0.145
141373,0.09
141374,0.19
141375,0.25
141376,0.035
141377,0.105
141378,0.135
141379,0.09
141380,0.16
141381,0.165
141382,0.25
141383,0.34
141384,0.76
141385,0.32
141386,0.65
141387,0.13
141388,0.305
141389,0.02
141390,0.135
141391,0.05
141392,0.395
141393,0.14
141394,0.18
141395,0.01
141396,0.06
141397,0.06
141398,0.095
141399,0.155
141400,0.075
141401,0.055
141402,0.375
141403,0.09
141404,0.095
141405,0.075
141406,0.22
141407,0.28
141408,0.455
141409,0.13
141410,0.19
141411,0.02
141412,0.31
141413,0.08
141414,0.285
141415,0.155
141416,0.12
141417,0.11
141418,0.03
141419,0.055
141420,0.06
141421,0.085
141422,0.545
141423,0.14
141424,0.09
141425,0.14
141426,0.185
141427,0.1
141428,0.14
141429,0.165
141430,0.07
141431,0.15
141432,0.15
141433,0.08
141434,0.24
141435,0.27
141436,0.525
141437,0.04
141438,0.155
141439,0.04
141440,0.225
141441,0.145
141442,0.065
141443,0.19
141444,0.055
141445,0.045
141446,0.105
141447,0.14
141448,0.39
141449,0.68
141450,0.335
141451,0.21
141452,0.265
141453,0.465
141454,0.74
141455,0.27
141456,0.08
141457,0.115
141458,0.095
141459,0.365
141460,0.08
141461,0.315
141462,0.145
141463,0.18
141464,0.075
141465,0.18
141466,0.425
141467,0.975
141468,0.155
141469,0.25
141470,0.08
141471,0.53
141472,0.145
141473,0.175
141474,0.645
141475,0.74
141476,0.345
141477,0.93
141478,0.08
141479,0.21
141480,0.015
141481,0.05
141482,0.085
141483,0.055
141484,0.145
141485,0.045
141486,0.265
141487,0.195
141488,0.04
141489,0.205
141490,0.755
141491,0.05
141492,0.12
141493,0.57
141494,0.45
141495,0.46
141496,0.57
141497,0.245
141498,0.68
141499,0.46
141500,0.165
141501,0.035
141502,0.23
141503,0.255
141504,0.04
141505,0.105
141506,0.16
141507,0.11
141508,0.115
141509,0.24
141510,0.075
141511,0.23
141512,0.11
141513,0.175
141514,0.06
141515,0.14
141516,0.075
141517,0.19
141518,0.01
141519,0.385
141520,0.825
141521,0.605
141522,0.635
141523,0.315
141524,0.295
141525,0.13
141526,0.41
141527,0.01
141528,0.16
141529,0.06
141530,0.33
141531,0.095
141532,0.59
141533,0.425
141534,0.045
141535,0.09
141536,0.235
141537,0.54
141538,0.25
141539,0.63
141540,0.005
141541,0.08
141542,0.195
141543,0.185
141544,0.32
141545,0.18
141546,0.08
141547,0.13
141548,0.235
141549,0.07
141550,0.195
141551,0.155
141552,0.395
141553,0.015
141554,0.04
141555,0.08
141556,0.055
141557,0.465
141558,0.025
141559,0.22
141560,0.445
141561,0.115
141562,0.125
141563,0.085
141564,0.4
141565,0.17
141566,0.18
141567,0.325
141568,0.035
141569,0.295
141570,0.58
141571,0.71
141572,0.08
141573,0.145
141574,0.035
141575,0.17
141576,0.57
141577,0.315
141578,0.22
141579,0.065
141580,0.235
141581,0.265
141582,0.12
141583,0.25
141584,0.175
141585,0.095
141586,0.135
141587,0.02
141588,0.305
141589,0.385
141590,0.035
141591,0.045
141592,0.13
141593,0.17
141594,0.055
141595,0.165
141596,0.11
141597,0.11
141598,0.025
141599,0.275
141600,0.035
141601,0.395
141602,0.265
141603,0.155
141604,0.985
141605,0.66
141606,0.295
141607,0.035
141608,0.24
141609,0.045
141610,0.135
141611,0.19
141612,0.405
141613,0.595
141614,0.77
141615,0.26
141616,0.015
141617,0.165
141618,0.12
141619,0.665
141620,0.045
141621,0.155
141622,0.015
141623,0.025
141624,0.185
141625,0.04
141626,0.05
141627,0.085
141628,0.225
141629,0.16
141630,0.08
141631,0.17
141632,0.18
141633,0.24
141634,0.015
141635,0.39
141636,0.43
141637,0.08
141638,0.82
141639,0.265
141640,0.085
141641,0.275
141642,0.79
141643,0.0
141644,0.21
141645,0.23
141646,0.72
141647,0.17
141648,0.15
141649,0.16
141650,0.165
141651,0.11
141652,0.575
141653,0.46
141654,0.045
141655,0.055
141656,0.03
141657,0.055
141658,0.21
141659,0.065
141660,0.015
141661,0.165
141662,0.125
141663,0.1
141664,0.095
141665,0.56
141666,0.245
141667,0.17
141668,0.025
141669,0.675
141670,0.1
141671,0.295
141672,0.03
141673,0.155
141674,0.43
141675,0.34
141676,0.06
141677,0.04
141678,0.41
141679,0.055
141680,0.26
141681,0.1
141682,0.135
141683,0.045
141684,0.085
141685,0.415
141686,0.055
141687,0.085
141688,0.075
141689,0.17
141690,0.315
141691,0.015
141692,0.2
141693,0.01
141694,0.22
141695,0.25
141696,0.31
141697,0.925
141698,0.005
141699,0.09
141700,0.835
141701,0.105
141702,0.07
141703,0.03
141704,0.235
141705,0.17
141706,0.045
141707,0.12
141708,0.245
141709,0.07
141710,0.155
141711,0.14
141712,0.085
141713,0.55
141714,0.105
141715,0.34
141716,0.645
141717,0.07
141718,0.11
141719,0.09
141720,0.04
141721,0.18
141722,0.265
141723,0.18
141724,0.585
141725,0.2
141726,0.12
141727,0.905
141728,0.155
141729,0.235
141730,0.285
141731,0.05
141732,0.165
141733,0.235
141734,0.35
141735,0.02
141736,0.28
141737,0.03
141738,0.15
141739,0.82
141740,0.69
141741,0.19
141742,0.09
141743,0.025
141744,0.73
141745,0.17
141746,0.005
141747,0.155
141748,0.16
141749,0.065
141750,0.155
141751,0.215
141752,0.37
141753,0.625
141754,0.235
141755,0.16
141756,0.16
141757,0.105
141758,0.09
141759,0.11
141760,0.085
141761,0.68
141762,0.18
141763,0.12
141764,0.575
141765,0.31
141766,0.085
141767,0.17
141768,0.195
141769,0.01
141770,0.235
141771,0.265
141772,0.255
141773,0.925
141774,0.24
141775,0.11
141776,0.02
141777,0.21
141778,0.265
141779,0.135
141780,0.27
141781,0.095
141782,0.045
141783,0.32
141784,0.03
141785,0.33
141786,0.48
141787,0.255
141788,0.17
141789,0.065
141790,0.305
141791,0.95
141792,0.3
141793,0.165
141794,0.255
141795,0.27
141796,0.015
141797,0.03
141798,0.12
141799,0.46
141800,0.05
141801,0.505
141802,0.055
141803,0.085
141804,0.195
141805,0.32
141806,0.045
141807,0.495
141808,0.055
141809,0.06
141810,0.245
141811,0.445
141812,0.73
141813,0.745
141814,0.615
141815,0.275
141816,0.5
141817,0.045
141818,0.085
141819,0.06
141820,0.16
141821,0.255
141822,0.17
141823,0.15
141824,0.78
141825,0.34
141826,0.535
141827,0.19
141828,0.025
141829,0.315
141830,0.39
141831,0.125
141832,0.245
141833,0.455
141834,0.36
141835,0.115
141836,0.435
141837,0.095
141838,0.21
141839,0.065
141840,0.065
141841,0.01
141842,0.03
141843,0.05
141844,0.045
141845,0.46
141846,0.065
141847,0.17
141848,0.345
141849,0.145
141850,0.02
141851,0.1
141852,0.17
141853,0.095
141854,0.15
141855,0.215
141856,0.19
141857,0.275
141858,0.1
141859,0.4
141860,0.565
141861,0.06
141862,0.415
141863,0.05
141864,0.47
141865,0.15
141866,0.22
141867,0.195
141868,0.335
141869,0.16
141870,0.155
141871,0.28
141872,0.72
141873,0.165
141874,0.22
141875,0.07
141876,0.015
141877,0.0
141878,0.03
141879,0.205
141880,0.13
141881,0.0
141882,0.37
141883,0.15
141884,0.155
141885,0.81
141886,0.41
141887,0.97
141888,0.575
141889,0.02
141890,0.945
141891,0.125
141892,0.05
141893,0.035
141894,0.09
141895,0.24
141896,0.055
141897,0.175
141898,0.075
141899,0.3
141900,0.315
141901,0.04
141902,0.435
141903,0.105
141904,0.01
141905,0.075
141906,0.025
141907,0.085
141908,0.245
141909,0.16
141910,0.005
141911,0.115
141912,0.35
141913,0.17
141914,0.06
141915,0.24
141916,0.59
141917,0.065
141918,0.27
141919,0.11
141920,0.25
141921,0.045
141922,0.01
141923,0.585
141924,0.135
141925,0.04
141926,0.095
141927,0.13
141928,0.67
141929,0.13
141930,0.32
141931,0.285
141932,0.055
141933,0.045
141934,0.11
141935,0.2
141936,0.43
141937,0.08
141938,0.305
141939,0.42
141940,0.555
141941,0.16
141942,0.185
141943,0.095
141944,0.13
141945,0.04
141946,0.295
141947,0.075
141948,0.01
141949,0.23
141950,0.165
141951,0.58
141952,0.11
141953,0.225
141954,0.0
141955,0.235
141956,0.145
141957,0.195
141958,0.335
141959,0.08
141960,0.2
141961,0.53
141962,0.1
141963,0.085
141964,0.38
141965,0.66
141966,0.24
141967,0.095
141968,0.185
141969,0.86
141970,0.14
141971,0.34
141972,0.165
141973,0.14
141974,0.595
141975,0.145
141976,0.18
141977,0.665
141978,0.425
141979,0.375
141980,0.265
141981,0.085
141982,0.045
141983,0.18
141984,0.075
141985,0.21
141986,0.245
141987,0.11
141988,0.09
141989,0.275
141990,0.28
141991,0.205
141992,0.025
141993,0.145
141994,0.13
141995,0.54
141996,0.545
141997,0.305
141998,0.035
141999,0.085
142000,0.26
142001,0.025
142002,0.09
142003,0.045
142004,0.045
142005,0.565
142006,0.245
142007,0.045
142008,0.205
142009,0.055
142010,0.28
142011,0.605
142012,0.415
142013,0.21
142014,0.1
142015,0.385
142016,0.04
142017,0.38
142018,0.095
142019,0.7
142020,0.21
142021,0.055
142022,0.175
142023,0.375
142024,0.91
142025,0.82
142026,0.085
142027,0.185
142028,0.055
142029,0.155
142030,0.005
142031,0.22
142032,0.26
142033,0.26
142034,0.42
142035,0.01
142036,0.485
142037,0.405
142038,0.155
142039,0.275
142040,0.87
142041,0.075
142042,0.385
142043,0.1
142044,0.095
142045,0.025
142046,0.2
142047,0.06
142048,0.73
142049,0.225
142050,0.22
142051,0.115
142052,0.235
142053,0.325
142054,0.115
142055,0.83
142056,0.72
142057,0.085
142058,0.155
142059,0.02
142060,0.115
142061,0.31
142062,0.155
142063,0.18
142064,0.33
142065,0.05
142066,0.18
142067,0.085
142068,0.1
142069,0.63
142070,0.085
142071,0.5
142072,0.235
142073,0.17
142074,0.13
142075,0.095
142076,0.09
142077,0.305
142078,0.045
142079,0.155
142080,0.085
142081,0.4
142082,0.345
142083,0.015
142084,0.26
142085,0.25
142086,0.19
142087,0.075
142088,0.57
142089,0.055
142090,0.055
142091,0.095
142092,0.05
142093,0.34
142094,0.125
142095,0.155
142096,0.38
142097,0.005
142098,0.115
142099,0.065
142100,0.13
142101,0.47
142102,0.22
142103,0.13
142104,0.205
142105,0.085
142106,0.005
142107,0.075
142108,0.16
142109,0.675
142110,0.18
142111,0.17
142112,0.295
142113,0.115
142114,0.11
142115,0.085
142116,0.345
142117,0.1
142118,0.035
142119,0.3
142120,0.04
142121,0.1
142122,0.065
142123,0.33
142124,0.295
142125,0.075
142126,0.31
142127,0.185
142128,0.175
142129,0.025
142130,0.29
142131,0.42
142132,0.045
142133,0.165
142134,0.055
142135,0.11
142136,0.205
142137,0.105
142138,0.14
142139,0.44
142140,0.05
142141,0.06
142142,0.55
142143,0.41
142144,0.145
142145,0.065
142146,0.03
142147,0.1
142148,0.525
142149,0.14
142150,0.06
142151,0.23
142152,0.025
142153,0.66
142154,0.02
142155,0.03
142156,0.07
142157,0.09
142158,0.075
142159,0.03
142160,0.16
142161,0.115
142162,0.105
142163,0.065
142164,0.205
142165,0.265
142166,0.635
142167,0.48
142168,0.115
142169,0.275
142170,0.01
142171,0.08
142172,0.375
142173,0.34
142174,0.66
142175,0.11
142176,0.13
142177,0.035
142178,0.71
142179,0.455
142180,0.615
142181,0.125
142182,0.115
142183,0.01
142184,0.255
142185,0.175
142186,0.03
142187,0.09
142188,0.455
142189,0.79
142190,0.165
142191,0.24
142192,0.3
142193,0.02
142194,0.18
142195,0.225
142196,0.015
142197,0.29
142198,0.19
142199,0.005
142200,0.05
142201,0.08
142202,0.155
142203,0.315
142204,0.025
142205,0.085
142206,0.135
142207,0.13
142208,0.235
142209,0.315
142210,0.47
142211,0.84
142212,0.235
142213,0.065
142214,0.17
142215,0.035
142216,0.01
142217,0.8
142218,0.355
142219,0.05
142220,0.465
142221,0.02
142222,0.45
142223,0.065
142224,0.075
142225,0.095
142226,0.135
142227,0.64
142228,0.35
142229,0.62
142230,0.385
142231,0.455
142232,0.36
142233,0.6
142234,0.305
142235,0.58
142236,0.125
142237,0.075
142238,0.06
142239,0.32
142240,0.07
142241,0.29
142242,0.575
142243,0.15
142244,0.865
142245,0.125
142246,0.185
142247,0.005
142248,0.75
142249,0.11
142250,0.03
142251,0.05
142252,0.05
142253,0.08
142254,0.275
142255,0.2
142256,0.195
142257,0.035
142258,0.05
142259,0.065
142260,0.045
142261,0.08
142262,0.145
142263,0.21
142264,0.235
142265,0.43
142266,0.69
142267,0.125
142268,0.09
142269,0.105
142270,0.005
142271,0.02
142272,0.265
142273,0.1
142274,0.0
142275,0.825
142276,0.26
142277,0.065
142278,0.825
142279,0.78
142280,0.175
142281,0.09
142282,0.04
142283,0.065
142284,0.1
142285,0.09
142286,0.21
142287,0.81
142288,0.01
142289,0.025
142290,0.195
142291,0.21
142292,0.075
142293,0.045
142294,0.11
142295,0.26
142296,0.09
142297,0.485
142298,0.41
142299,0.435
142300,0.05
142301,0.1
142302,0.135
142303,0.07
142304,0.09
142305,0.235
142306,0.065
142307,0.225
142308,0.165
142309,0.855
142310,0.09
142311,0.15
142312,0.265
142313,0.045
142314,0.135
142315,0.465
142316,0.13
142317,0.32
142318,0.065
142319,0.025
142320,0.81
142321,0.04
142322,0.295
142323,0.305
142324,0.285
142325,0.65
142326,0.61
142327,0.37
142328,0.135
142329,0.255
142330,0.02
142331,0.06
142332,0.025
142333,0.68
142334,0.27
142335,0.01
142336,0.025
142337,0.04
142338,0.19
142339,0.11
142340,0.13
142341,0.06
142342,0.095
142343,0.22
142344,0.275
142345,0.29
142346,0.555
142347,0.03
142348,0.095
142349,0.255
142350,0.055
142351,0.48
142352,0.74
142353,0.425
142354,0.06
142355,0.28
142356,0.24
142357,0.125
142358,0.04
142359,0.04
142360,0.8
142361,0.46
142362,0.075
142363,0.15
142364,0.215
142365,0.085
142366,0.04
142367,0.125
142368,0.08
142369,0.525
142370,0.135
142371,0.135
142372,0.075
142373,0.52
142374,0.455
142375,0.09
142376,0.02
142377,0.1
142378,0.13
142379,0.25
142380,0.085
142381,0.055
142382,0.255
142383,0.185
142384,0.015
142385,0.405
142386,0.105
142387,0.07
142388,0.01
142389,0.175
142390,0.115
142391,0.065
142392,0.285
142393,0.6
142394,0.195
142395,0.05
142396,0.185
142397,0.1
142398,0.045
142399,0.05
142400,0.065
142401,0.77
142402,0.165
142403,0.01
142404,0.255
142405,0.1
142406,0.275
142407,0.2
142408,0.03
142409,0.72
142410,0.24
142411,0.205
142412,0.045
142413,0.1
142414,0.025
142415,0.085
142416,0.105
142417,0.165
142418,0.65
142419,0.075
142420,0.22
142421,0.24
142422,0.415
142423,0.075
142424,0.07
142425,0.79
142426,0.04
142427,0.11
142428,0.065
142429,0.085
142430,0.12
142431,0.27
142432,0.415
142433,0.215
142434,0.23
142435,0.17
142436,0.04
142437,0.095
142438,0.44
142439,0.13
142440,0.045
142441,0.14
142442,0.81
142443,0.185
142444,0.26
142445,0.07
142446,0.25
142447,0.055
142448,0.15
142449,0.965
142450,0.15
142451,0.2
142452,0.455
142453,0.095
142454,0.15
142455,0.22
142456,0.135
142457,0.055
142458,0.055
142459,0.17
142460,0.85
142461,0.12
142462,0.21
142463,0.13
142464,0.1
142465,0.065
142466,0.065
142467,0.195
142468,0.03
142469,0.165
142470,0.04
142471,0.26
142472,0.05
142473,0.03
142474,0.07
142475,0.095
142476,0.765
142477,0.34
142478,0.27
142479,0.505
142480,0.16
142481,0.085
142482,0.265
142483,0.155
142484,0.155
142485,0.195
142486,0.06
142487,0.545
142488,0.305
142489,0.705
142490,0.145
142491,0.115
142492,0.255
142493,0.17
142494,0.04
142495,0.08
142496,0.705
142497,0.09
142498,0.155
142499,0.36
142500,0.4
142501,0.61
142502,0.285
142503,0.29
142504,0.12
142505,0.11
142506,0.41
142507,0.145
142508,0.14
142509,0.035
142510,0.235
142511,0.055
142512,0.03
142513,0.02
142514,0.625
142515,0.095
142516,0.245
142517,0.02
142518,0.4
142519,0.03
142520,0.89
142521,0.12
142522,0.285
142523,0.045
142524,0.57
142525,0.395
142526,0.025
142527,0.06
142528,0.065
142529,0.155
142530,0.03
142531,0.205
142532,0.525
142533,0.11
142534,0.395
142535,0.025
142536,0.03
142537,0.135
142538,0.795
142539,0.055
142540,0.535
142541,0.14
142542,0.1
142543,0.53
142544,0.545
142545,0.915
142546,0.175
142547,0.035
142548,0.175
142549,0.135
142550,0.155
142551,0.23
142552,0.195
142553,0.095
142554,0.06
142555,0.235
142556,0.1
142557,0.045
142558,0.75
142559,0.025
142560,0.315
142561,0.275
142562,0.095
142563,0.065
142564,0.335
142565,0.075
142566,0.07
142567,0.305
142568,0.065
142569,0.01
142570,0.085
142571,0.055
142572,0.19
142573,0.245
142574,0.085
142575,0.675
142576,0.07
142577,0.265
142578,0.085
142579,0.05
142580,0.145
142581,0.675
142582,0.12
142583,0.175
142584,0.235
142585,0.05
142586,0.045
142587,0.055
142588,0.605
142589,0.205
142590,0.58
142591,0.235
142592,0.15
142593,0.06
142594,0.695
142595,0.07
142596,0.34
142597,0.065
142598,0.305
142599,0.4
142600,0.085
142601,0.055
142602,0.045
142603,0.72
142604,0.025
142605,0.05
142606,0.04
142607,0.24
142608,0.06
142609,0.19
142610,0.44
142611,0.25
142612,0.03
142613,0.365
142614,0.09
142615,0.12
142616,0.14
142617,0.105
142618,0.105
142619,0.205
142620,0.285
142621,0.13
142622,0.335
142623,0.595
142624,0.525
142625,0.09
142626,0.265
142627,0.28
142628,0.405
142629,0.13
142630,0.275
142631,0.095
142632,0.05
142633,0.1
142634,0.28
142635,0.025
142636,0.15
142637,0.365
142638,0.065
142639,0.09
142640,0.47
142641,0.105
142642,0.05
142643,0.025
142644,0.735
142645,0.175
142646,0.32
142647,0.59
142648,0.12
142649,0.15
142650,0.48
142651,0.315
142652,0.11
142653,0.5
142654,0.395
142655,0.07
142656,0.04
142657,0.25
142658,0.105
142659,0.095
142660,0.38
142661,0.0
142662,0.195
142663,0.085
142664,0.145
142665,0.26
142666,0.055
142667,0.25
142668,0.11
142669,0.05
142670,0.655
142671,0.21
142672,0.07
142673,0.05
142674,0.13
142675,0.135
142676,0.3
142677,0.035
142678,0.09
142679,0.41
142680,0.49
142681,0.14
142682,0.065
142683,0.085
142684,0.225
142685,0.1
142686,0.2
142687,0.025
142688,0.245
142689,0.345
142690,0.12
142691,0.155
142692,0.05
142693,0.065
142694,0.01
142695,0.315
142696,0.06
142697,0.18
142698,0.1
142699,0.27
142700,0.16
142701,0.83
142702,0.205
142703,0.17
142704,0.045
142705,0.04
142706,0.26
142707,0.085
142708,0.02
142709,0.125
142710,0.94
142711,0.07
142712,0.05
142713,0.005
142714,0.22
142715,0.075
142716,0.22
142717,0.175
142718,0.03
142719,0.075
142720,0.03
142721,0.18
142722,0.11
142723,0.185
142724,0.42
142725,0.285
142726,0.19
142727,0.07
142728,0.095
142729,0.315
142730,0.135
142731,0.225
142732,0.55
142733,0.59
142734,0.175
142735,0.055
142736,0.19
142737,0.015
142738,0.055
142739,0.165
142740,0.02
142741,0.055
142742,0.835
142743,0.215
142744,0.035
142745,0.085
142746,0.09
142747,0.02
142748,0.17
142749,0.24
142750,0.075
142751,0.18
142752,0.195
142753,0.88
142754,0.115
142755,0.075
142756,0.56
142757,0.115
142758,0.085
142759,0.185
142760,0.045
142761,0.17
142762,0.13
142763,0.5
142764,0.275
142765,0.04
142766,0.005
142767,0.25
142768,0.42
142769,0.02
142770,0.04
142771,0.305
142772,0.135
142773,0.24
142774,0.145
142775,0.155
142776,0.24
142777,0.245
142778,0.335
142779,0.085
142780,0.145
142781,0.07
142782,0.24
142783,0.105
142784,0.45
142785,0.445
142786,0.35
142787,0.42
142788,0.01
142789,0.32
142790,0.31
142791,0.205
142792,0.165
142793,0.225
142794,0.49
142795,0.135
142796,0.31
142797,0.08
142798,0.275
142799,0.07
142800,0.19
142801,0.19
142802,0.245
142803,0.215
142804,0.385
142805,0.14
142806,0.365
142807,0.11
142808,0.465
142809,0.09
142810,0.115
142811,0.2
142812,0.06
142813,0.25
142814,0.02
142815,0.295
142816,0.175
142817,0.65
142818,0.7
142819,0.265
142820,0.645
142821,0.52
142822,0.025
142823,0.145
142824,0.34
142825,0.485
142826,0.05
142827,0.19
142828,0.55
142829,0.02
142830,0.1
142831,0.79
142832,0.755
142833,0.305
142834,0.095
142835,0.11
142836,0.76
142837,0.035
142838,0.48
142839,0.09
142840,0.06
142841,0.35
142842,0.515
142843,0.14
142844,0.34
142845,0.055
142846,0.195
142847,0.24
142848,0.105
142849,0.135
142850,0.44
142851,0.03
142852,0.115
142853,0.305
142854,0.05
142855,0.105
142856,0.33
142857,0.715
142858,0.095
142859,0.13
142860,0.015
142861,0.315
142862,0.09
142863,0.475
142864,0.23
142865,0.43
142866,0.125
142867,0.02
142868,0.02
142869,0.18
142870,0.25
142871,0.06
142872,0.82
142873,0.17
142874,0.1
142875,0.105
142876,0.285
142877,0.04
142878,0.03
142879,0.21
142880,0.255
142881,0.145
142882,0.2
142883,0.085
142884,0.005
142885,0.015
142886,0.245
142887,0.625
142888,0.43
142889,0.085
142890,0.685
142891,0.33
142892,0.325
142893,0.03
142894,0.105
142895,0.185
142896,0.115
142897,0.59
142898,0.115
142899,0.22
142900,0.33
142901,0.04
142902,0.75
142903,0.195
142904,0.095
142905,0.16
142906,0.315
142907,0.17
142908,0.04
142909,0.02
142910,0.17
142911,0.04
142912,0.17
142913,0.245
142914,0.645
142915,0.26
142916,0.06
142917,0.08
142918,0.665
142919,0.0
142920,0.32
142921,0.02
142922,0.015
142923,0.01
142924,0.61
142925,0.235
142926,0.17
142927,0.535
142928,0.06
142929,0.025
142930,0.215
142931,0.02
142932,0.14
142933,0.05
142934,0.13
142935,0.33
142936,0.555
142937,0.265
142938,0.25
142939,0.41
142940,0.295
142941,0.205
142942,0.015
142943,0.135
142944,0.19
142945,0.235
142946,0.085
142947,0.03
142948,0.105
142949,0.055
142950,0.035
142951,0.28
142952,0.07
142953,0.295
142954,0.405
142955,0.14
142956,0.05
142957,0.375
142958,0.03
142959,0.055
142960,0.16
142961,0.14
142962,0.075
142963,0.37
142964,0.05
142965,0.835
142966,0.225
142967,0.165
142968,0.445
142969,0.42
142970,0.07
142971,0.36
142972,0.135
142973,0.21
142974,0.525
142975,0.155
142976,0.1
142977,0.305
142978,0.87
142979,0.11
142980,0.065
142981,0.145
142982,0.31
142983,0.315
142984,0.095
142985,0.31
142986,0.09
142987,0.025
142988,0.25
142989,0.07
142990,0.345
142991,0.395
142992,0.025
142993,0.34
142994,0.35
142995,0.035
142996,0.235
142997,0.265
142998,0.045
142999,0.145
143000,0.185
143001,0.155
143002,0.285
143003,0.505
143004,0.62
143005,0.165
143006,0.065
143007,0.125
143008,0.065
143009,0.06
143010,0.06
143011,0.42
143012,0.465
143013,0.255
143014,0.525
143015,0.29
143016,0.9
143017,0.105
143018,0.115
143019,0.075
143020,0.435
143021,0.055
143022,0.03
143023,0.705
143024,0.34
143025,0.145
143026,0.04
143027,0.25
143028,0.045
143029,0.015
143030,0.1
143031,0.04
143032,0.11
143033,0.005
143034,0.36
143035,0.02
143036,0.385
143037,0.1
143038,0.835
143039,0.13
143040,0.15
143041,0.09
143042,0.425
143043,0.125
143044,0.315
143045,0.61
143046,0.27
143047,0.725
143048,0.015
143049,0.445
143050,0.225
143051,0.555
143052,0.08
143053,0.28
143054,0.215
143055,0.4
143056,0.38
143057,0.685
143058,0.15
143059,0.245
143060,0.03
143061,0.34
143062,0.59
143063,0.095
143064,0.385
143065,0.26
143066,0.15
143067,0.265
143068,0.085
143069,0.195
143070,0.105
143071,0.72
143072,0.77
143073,0.1
143074,0.185
143075,0.22
143076,0.72
143077,0.04
143078,0.38
143079,0.31
143080,0.155
143081,0.02
143082,0.51
143083,0.74
143084,0.47
143085,0.62
143086,0.03
143087,0.02
143088,0.785
143089,0.45
143090,0.09
143091,0.02
143092,0.34
143093,0.135
143094,0.02
143095,0.41
143096,0.11
143097,0.075
143098,0.425
143099,0.705
143100,0.61
143101,0.225
143102,0.23
143103,0.06
143104,0.4
143105,0.33
143106,0.315
143107,0.02
143108,0.035
143109,0.135
143110,0.33
143111,0.66
143112,0.115
143113,0.15
143114,0.105
143115,0.225
143116,0.14
143117,0.1
143118,0.035
143119,0.665
143120,0.05
143121,0.035
143122,0.085
143123,0.09
143124,0.11
143125,0.335
143126,0.045
143127,0.195
143128,0.52
143129,0.08
143130,0.095
143131,0.11
143132,0.06
143133,0.145
143134,0.125
143135,0.055
143136,0.17
143137,0.03
143138,0.01
143139,0.08
143140,0.81
143141,0.28
143142,0.25
143143,0.195
143144,0.12
143145,0.32
143146,0.17
143147,0.03
143148,0.18
143149,0.07
143150,0.485
143151,0.065
143152,0.175
143153,0.055
143154,0.04
143155,0.26
143156,0.2
143157,0.445
143158,0.065
143159,0.235
143160,0.505
143161,0.31
143162,0.135
143163,0.135
143164,0.005
143165,0.22
143166,0.05
143167,0.295
143168,0.57
143169,0.245
143170,0.27
143171,0.005
143172,0.29
143173,0.025
143174,0.59
143175,0.065
143176,0.39
143177,0.625
143178,0.22
143179,0.26
143180,0.625
143181,0.07
143182,0.205
143183,0.705
143184,0.045
143185,0.48
143186,0.12
143187,0.515
143188,0.015
143189,0.27
143190,0.3
143191,0.395
143192,0.1
143193,0.11
143194,0.065
143195,0.105
143196,0.01
143197,0.065
143198,0.175
143199,0.09
143200,0.2
143201,0.195
143202,0.115
143203,0.24
143204,0.905
143205,0.025
143206,0.58
143207,0.085
143208,0.22
143209,0.28
143210,0.025
143211,0.16
143212,0.08
143213,0.19
143214,0.08
143215,0.265
143216,0.01
143217,0.525
143218,0.08
143219,0.075
143220,0.19
143221,0.085
143222,0.04
143223,0.235
143224,0.28
143225,0.195
143226,0.14
143227,0.14
143228,0.12
143229,0.11
143230,0.075
143231,0.395
143232,0.27
143233,0.98
143234,0.555
143235,0.495
143236,0.015
143237,0.05
143238,0.29
143239,0.255
143240,0.02
143241,0.0
143242,0.24
143243,0.195
143244,0.095
143245,0.245
143246,0.51
143247,0.15
143248,0.11
143249,0.31
143250,0.35
143251,0.205
143252,0.175
143253,0.315
143254,0.7
143255,0.075
143256,0.185
143257,0.11
143258,0.06
143259,0.025
143260,0.02
143261,0.04
143262,0.07
143263,0.575
143264,0.04
143265,0.185
143266,0.555
143267,0.005
143268,0.025
143269,0.145
143270,0.915
143271,0.045
143272,0.07
143273,0.03
143274,0.08
143275,0.115
143276,0.095
143277,0.08
143278,0.22
143279,0.96
143280,0.13
143281,0.245
143282,0.11
143283,0.335
143284,0.04
143285,0.03
143286,0.38
143287,0.06
143288,0.235
143289,0.155
143290,0.325
143291,0.045
143292,0.025
143293,0.09
143294,0.02
143295,0.025
143296,0.125
143297,0.025
143298,0.255
143299,0.215
143300,0.045
143301,0.36
143302,0.025
143303,0.1
143304,0.025
143305,0.315
143306,0.075
143307,0.19
143308,0.06
143309,0.145
143310,0.34
143311,0.055
143312,0.03
143313,0.215
143314,0.255
143315,0.415
143316,0.045
143317,0.165
143318,0.31
143319,0.12
143320,0.205
143321,0.055
143322,0.05
143323,0.445
143324,0.03
143325,0.185
143326,0.18
143327,0.05
143328,0.205
143329,0.525
143330,0.07
143331,0.225
143332,0.25
143333,0.04
143334,0.16
143335,0.19
143336,0.045
143337,0.86
143338,0.425
143339,0.11
143340,0.015
143341,0.015
143342,0.21
143343,0.035
143344,0.065
143345,0.065
143346,0.035
143347,0.33
143348,0.12
143349,0.785
143350,0.71
143351,0.15
143352,0.375
143353,0.05
143354,0.245
143355,0.055
143356,0.075
143357,0.29
143358,0.36
143359,0.015
143360,0.21
143361,0.095
143362,0.14
143363,0.22
143364,0.16
143365,0.07
143366,0.065
143367,0.515
143368,0.36
143369,0.71
143370,0.14
143371,0.175
143372,0.065
143373,0.275
143374,0.11
143375,0.465
143376,0.04
143377,0.555
143378,0.455
143379,0.105
143380,0.28
143381,0.44
143382,0.345
143383,0.005
143384,0.07
143385,0.6
143386,0.285
143387,0.05
143388,0.095
143389,0.07
143390,0.09
143391,0.27
143392,0.045
143393,0.18
143394,0.665
143395,0.03
143396,0.055
143397,0.23
143398,0.255
143399,0.01
143400,0.145
143401,0.08
143402,0.03
143403,0.035
143404,0.605
143405,0.09
143406,0.65
143407,0.21
143408,0.59
143409,0.02
143410,0.03
143411,0.17
143412,0.025
143413,0.27
143414,0.03
143415,0.145
143416,0.47
143417,0.025
143418,0.185
143419,0.095
143420,0.38
143421,0.325
143422,0.215
143423,0.05
143424,0.345
143425,0.24
143426,0.455
143427,0.125
143428,0.08
143429,0.025
143430,0.205
143431,0.06
143432,0.125
143433,0.07
143434,0.115
143435,0.415
143436,0.875
143437,0.275
143438,0.005
143439,0.82
143440,0.11
143441,0.145
143442,0.14
143443,0.16
143444,0.195
143445,0.175
143446,0.13
143447,0.055
143448,0.115
143449,0.1
143450,0.17
143451,0.1
143452,0.295
143453,0.05
143454,0.035
143455,0.26
143456,0.95
143457,0.325
143458,0.1
143459,0.045
143460,0.05
143461,0.245
143462,0.145
143463,0.08
143464,0.13
143465,0.165
143466,0.035
143467,0.08
143468,0.08
143469,0.19
143470,0.075
143471,0.325
143472,0.395
143473,0.03
143474,0.685
143475,0.195
143476,0.6
143477,0.08
143478,0.23
143479,0.1
143480,0.115
143481,0.36
143482,0.03
143483,0.88
143484,0.575
143485,0.595
143486,0.145
143487,0.215
143488,0.16
143489,0.105
143490,0.07
143491,0.255
143492,0.1
143493,0.475
143494,0.025
143495,0.08
143496,0.195
143497,0.135
143498,0.695
143499,0.03
143500,0.3
143501,0.085
143502,0.125
143503,0.3
143504,0.315
143505,0.425
143506,0.14
143507,0.64
143508,0.595
143509,0.095
143510,0.135
143511,0.125
143512,0.28
143513,0.08
143514,0.095
143515,0.015
143516,0.715
143517,0.26
143518,0.06
143519,0.13
143520,0.25
143521,0.215
143522,0.21
143523,0.0
143524,0.05
143525,0.05
143526,0.06
143527,0.51
143528,0.725
143529,0.165
143530,0.655
143531,0.485
143532,0.17
143533,0.21
143534,0.165
143535,0.555
143536,0.12
143537,0.27
143538,0.15
143539,0.74
143540,0.01
143541,0.08
143542,0.02
143543,0.015
143544,0.555
143545,0.025
143546,0.05
143547,0.115
143548,0.075
143549,0.515
143550,0.09
143551,0.165
143552,0.34
143553,0.295
143554,1.0
143555,0.05
143556,0.32
143557,0.23
143558,0.05
143559,0.06
143560,0.26
143561,0.03
143562,0.205
143563,0.135
143564,0.96
143565,0.295
143566,0.07
143567,0.035
143568,0.07
143569,0.725
143570,0.12
143571,0.265
143572,0.29
143573,0.155
143574,0.09
143575,0.095
143576,0.065
143577,0.64
143578,0.035
143579,0.125
143580,0.175
143581,0.265
143582,0.04
143583,0.465
143584,0.79
143585,0.36
143586,0.21
143587,0.1
143588,0.08
143589,0.625
143590,0.16
143591,0.085
143592,0.17
143593,0.025
143594,0.98
143595,0.225
143596,0.075
143597,0.07
143598,0.04
143599,0.055
143600,0.02
143601,0.265
143602,0.055
143603,0.445
143604,0.17
143605,0.31
143606,0.065
143607,0.09
143608,0.205
143609,0.0
143610,0.38
143611,0.095
143612,0.22
143613,0.21
143614,0.035
143615,0.03
143616,0.01
143617,0.77
143618,0.045
143619,0.005
143620,0.02
143621,0.02
143622,0.045
143623,0.21
143624,0.035
143625,0.04
143626,0.035
143627,0.82
143628,0.545
143629,0.02
143630,0.1
143631,0.315
143632,0.68
143633,0.3
143634,0.07
143635,0.05
143636,0.095
143637,0.185
143638,0.375
143639,0.175
143640,0.455
143641,0.095
143642,0.31
143643,0.37
143644,0.235
143645,0.14
143646,0.015
143647,0.115
143648,0.025
143649,0.785
143650,0.175
143651,0.76
143652,0.165
143653,0.03
143654,0.235
143655,0.06
143656,0.01
143657,0.07
143658,0.555
143659,0.095
143660,0.07
143661,0.165
143662,0.205
143663,0.3
143664,0.05
143665,0.36
143666,0.15
143667,0.17
143668,0.2
143669,0.075
143670,0.14
143671,0.055
143672,0.095
143673,0.065
143674,0.345
143675,0.52
143676,0.105
143677,0.91
143678,0.615
143679,0.215
143680,0.175
143681,0.21
143682,0.06
143683,0.145
143684,0.78
143685,0.095
143686,0.075
143687,0.095
143688,0.075
143689,0.395
143690,0.46
143691,0.175
143692,0.145
143693,0.555
143694,0.105
143695,0.01
143696,0.23
143697,0.095
143698,0.17
143699,0.11
143700,0.08
143701,0.065
143702,0.215
143703,0.075
143704,0.055
143705,0.145
143706,0.055
143707,0.08
143708,0.025
143709,0.185
143710,0.075
143711,0.49
143712,0.06
143713,0.395
143714,0.13
143715,0.275
143716,0.315
143717,0.15
143718,0.105
143719,0.915
143720,0.26
143721,0.27
143722,0.27
143723,0.14
143724,0.385
143725,0.705
143726,0.715
143727,0.025
143728,0.125
143729,0.04
143730,0.13
143731,0.255
143732,0.565
143733,0.075
143734,0.775
143735,0.575
143736,0.435
143737,0.055
143738,0.075
143739,0.0
143740,0.11
143741,0.345
143742,0.27
143743,0.215
143744,0.06
143745,0.125
143746,0.04
143747,0.22
143748,0.25
143749,0.025
143750,0.085
143751,0.08
143752,0.01
143753,0.105
143754,0.835
143755,0.045
143756,0.52
143757,0.07
143758,0.09
143759,0.1
143760,0.55
143761,0.21
143762,0.065
143763,0.345
143764,0.15
143765,0.15
143766,0.295
143767,0.06
143768,0.195
143769,0.115
143770,0.23
143771,0.095
143772,0.17
143773,0.645
143774,0.195
143775,0.065
143776,0.13
143777,0.665
143778,0.205
143779,0.505
143780,0.26
143781,0.055
143782,0.06
143783,0.15
143784,0.085
143785,0.24
143786,0.115
143787,0.04
143788,0.01
143789,0.12
143790,0.11
143791,0.085
143792,0.23
143793,0.175
143794,0.25
143795,0.135
143796,0.215
143797,0.045
143798,0.05
143799,0.135
143800,0.16
143801,0.01
143802,0.43
143803,0.315
143804,0.2
143805,0.085
143806,0.205
143807,0.16
143808,0.0
143809,0.295
143810,0.03
143811,0.205
143812,0.295
143813,0.26
143814,0.085
143815,0.125
143816,0.025
143817,0.105
143818,0.1
143819,0.05
143820,0.67
143821,0.095
143822,0.2
143823,0.075
143824,0.155
143825,0.19
143826,0.09
143827,0.1
143828,0.295
143829,0.02
143830,0.725
143831,0.155
143832,0.505
143833,0.495
143834,0.095
143835,0.11
143836,0.34
143837,0.085
143838,0.05
143839,0.21
143840,0.205
143841,0.07
143842,0.11
143843,0.02
143844,0.565
143845,0.225
143846,0.145
143847,0.22
143848,0.775
143849,0.12
143850,0.135
143851,0.005
143852,0.04
143853,0.16
143854,0.145
143855,0.01
143856,0.37
143857,0.765
143858,0.01
143859,0.09
143860,0.21
143861,0.065
143862,0.185
143863,0.095
143864,0.245
143865,0.065
143866,0.245
143867,0.63
143868,0.165
143869,0.355
143870,0.275
143871,0.075
143872,0.085
143873,0.55
143874,0.045
143875,0.015
143876,0.18
143877,0.36
143878,0.15
143879,0.06
143880,0.015
143881,0.235
143882,0.1
143883,0.165
143884,0.025
143885,0.115
143886,0.41
143887,0.56
143888,0.045
143889,0.41
143890,0.165
143891,0.07
143892,0.03
143893,0.655
143894,0.135
143895,0.075
143896,0.185
143897,0.005
143898,0.05
143899,0.085
143900,0.09
143901,0.125
143902,0.305
143903,0.03
143904,0.115
143905,0.04
143906,0.0
143907,0.035
143908,0.29
143909,0.32
143910,0.055
143911,0.195
143912,0.53
143913,0.695
143914,0.065
143915,0.125
143916,0.0
143917,0.135
143918,0.13
143919,0.1
143920,0.035
143921,0.535
143922,0.41
143923,0.305
143924,0.12
143925,0.05
143926,0.13
143927,0.155
143928,0.0
143929,0.04
143930,0.59
143931,0.06
143932,0.1
143933,0.15
143934,0.18
143935,0.23
143936,0.115
143937,0.015
143938,0.12
143939,0.24
143940,0.38
143941,0.59
143942,0.175
143943,0.07
143944,0.045
143945,0.08
143946,0.03
143947,0.12
143948,0.115
143949,0.07
143950,0.03
143951,0.235
143952,0.27
143953,0.115
143954,0.06
143955,0.41
143956,0.06
143957,0.085
143958,0.03
143959,0.15
143960,0.045
143961,0.38
143962,0.6
143963,0.06
143964,0.04
143965,0.155
143966,0.135
143967,0.38
143968,0.02
143969,0.305
143970,0.155
143971,0.115
143972,0.04
143973,0.12
143974,0.78
143975,0.255
143976,0.11
143977,0.155
143978,0.69
143979,0.32
143980,0.215
143981,0.27
143982,0.205
143983,0.215
143984,0.26
143985,0.14
143986,0.42
143987,0.19
143988,0.115
143989,0.1
143990,0.255
143991,0.05
143992,0.2
143993,0.03
143994,0.2
143995,0.085
143996,0.825
143997,0.04
143998,0.22
143999,0.12
144000,0.075
144001,0.68
144002,0.02
144003,0.125
144004,0.03
144005,0.06
144006,0.075
144007,0.25
144008,0.84
144009,0.83
144010,0.025
144011,0.055
144012,0.16
144013,0.055
144014,0.19
144015,0.1
144016,0.915
144017,0.095
144018,0.135
144019,0.725
144020,0.065
144021,0.215
144022,0.355
144023,0.15
144024,0.225
144025,0.045
144026,0.21
144027,0.71
144028,0.04
144029,0.05
144030,0.69
144031,0.525
144032,0.34
144033,0.02
144034,0.14
144035,0.83
144036,0.825
144037,0.355
144038,0.99
144039,0.085
144040,0.65
144041,0.07
144042,0.125
144043,0.045
144044,0.06
144045,0.09
144046,0.265
144047,0.48
144048,0.01
144049,0.31
144050,0.07
144051,0.23
144052,0.38
144053,0.015
144054,0.325
144055,0.06
144056,0.395
144057,0.06
144058,0.095
144059,0.41
144060,0.185
144061,0.035
144062,0.095
144063,0.23
144064,0.16
144065,0.03
144066,0.075
144067,0.335
144068,0.055
144069,0.095
144070,0.05
144071,0.47
144072,0.055
144073,0.245
144074,0.115
144075,0.095
144076,0.245
144077,0.125
144078,0.155
144079,0.015
144080,0.055
144081,0.035
144082,0.12
144083,0.55
144084,0.26
144085,0.215
144086,0.01
144087,0.065
144088,0.095
144089,0.11
144090,0.135
144091,0.17
144092,0.65
144093,0.16
144094,0.05
144095,0.185
144096,0.22
144097,0.565
144098,0.04
144099,0.06
144100,0.04
144101,0.18
144102,0.01
144103,0.335
144104,0.18
144105,0.095
144106,0.09
144107,0.135
144108,0.94
144109,0.235
144110,0.01
144111,0.33
144112,0.085
144113,0.1
144114,0.195
144115,0.345
144116,0.2
144117,0.095
144118,0.2
144119,0.495
144120,0.245
144121,0.13
144122,0.165
144123,0.22
144124,0.15
144125,0.52
144126,0.565
144127,0.255
144128,0.385
144129,0.145
144130,0.79
144131,0.01
144132,0.26
144133,0.055
144134,0.135
144135,0.23
144136,0.1
144137,0.175
144138,0.07
144139,0.305
144140,0.115
144141,0.25
144142,0.1
144143,0.16
144144,0.145
144145,0.16
144146,0.015
144147,0.255
144148,0.17
144149,0.12
144150,0.035
144151,0.305
144152,0.05
144153,0.105
144154,0.045
144155,0.14
144156,0.06
144157,0.345
144158,0.145
144159,0.035
144160,0.095
144161,0.265
144162,0.67
144163,0.02
144164,0.105
144165,0.16
144166,0.165
144167,0.48
144168,0.56
144169,0.145
144170,0.04
144171,0.025
144172,0.09
144173,0.205
144174,0.075
144175,0.18
144176,0.115
144177,0.165
144178,0.36
144179,0.105
144180,0.245
144181,0.19
144182,0.28
144183,0.11
144184,0.16
144185,0.39
144186,0.42
144187,0.125
144188,0.265
144189,0.29
144190,0.305
144191,0.205
144192,0.285
144193,0.18
144194,0.02
144195,0.01
144196,0.4
144197,0.105
144198,0.095
144199,0.56
144200,0.185
144201,0.165
144202,0.125
144203,0.05
144204,0.415
144205,0.05
144206,0.1
144207,0.055
144208,0.165
144209,0.005
144210,0.395
144211,0.155
144212,0.58
144213,0.055
144214,0.735
144215,0.215
144216,0.055
144217,0.19
144218,0.285
144219,0.095
144220,0.03
144221,0.015
144222,0.14
144223,0.045
144224,0.15
144225,0.405
144226,0.205
144227,0.37
144228,0.06
144229,0.175
144230,0.02
144231,0.355
144232,0.065
144233,0.18
144234,0.02
144235,0.285
144236,0.165
144237,0.155
144238,0.055
144239,0.29
144240,0.285
144241,0.335
144242,0.145
144243,0.095
144244,0.195
144245,0.005
144246,0.2
144247,0.335
144248,0.63
144249,0.54
144250,0.19
144251,0.085
144252,0.865
144253,0.145
144254,0.055
144255,0.035
144256,0.075
144257,0.285
144258,0.255
144259,0.2
144260,0.61
144261,0.225
144262,0.38
144263,0.455
144264,0.08
144265,0.145
144266,0.11
144267,0.11
144268,0.435
144269,0.115
144270,0.155
144271,0.695
144272,0.32
144273,0.085
144274,0.33
144275,0.23
144276,0.25
144277,0.175
144278,0.05
144279,0.07
144280,0.26
144281,0.55
144282,0.65
144283,0.49
144284,0.44
144285,0.1
144286,0.17
144287,0.595
144288,0.125
144289,0.015
144290,0.155
144291,0.07
144292,0.23
144293,0.115
144294,0.08
144295,0.66
144296,0.285
144297,0.435
144298,0.53
144299,0.33
144300,0.075
144301,0.02
144302,0.37
144303,0.48
144304,0.045
144305,0.085
144306,0.02
144307,0.275
144308,0.035
144309,0.09
144310,0.15
144311,0.19
144312,0.615
144313,0.3
144314,0.07
144315,0.115
144316,0.4
144317,0.24
144318,0.375
144319,0.33
144320,0.66
144321,0.355
144322,0.29
144323,0.77
144324,0.42
144325,0.065
144326,0.135
144327,0.23
144328,0.51
144329,0.2
144330,0.705
144331,0.18
144332,0.185
144333,0.07
144334,0.075
144335,0.28
144336,0.125
144337,0.375
144338,0.665
144339,0.19
144340,0.03
144341,0.14
144342,0.04
144343,0.11
144344,0.235
144345,0.12
144346,0.21
144347,0.385
144348,0.2
144349,0.21
144350,0.135
144351,0.15
144352,0.04
144353,0.03
144354,0.025
144355,0.115
144356,0.055
144357,0.725
144358,0.12
144359,0.015
144360,0.335
144361,0.05
144362,0.06
144363,0.065
144364,0.105
144365,0.085
144366,0.065
144367,0.485
144368,0.15
144369,0.195
144370,0.17
144371,0.02
144372,0.245
144373,0.345
144374,0.325
144375,0.135
144376,0.41
144377,0.395
144378,0.2
144379,0.185
144380,0.09
144381,0.065
144382,0.115
144383,0.185
144384,0.13
144385,0.155
144386,0.09
144387,0.375
144388,0.045
144389,0.255
144390,0.735
144391,0.125
144392,0.24
144393,0.0
144394,0.03
144395,0.265
144396,0.11
144397,0.155
144398,0.0
144399,0.1
144400,0.135
144401,0.185
144402,0.08
144403,0.105
144404,0.31
144405,0.81
144406,0.115
144407,0.02
144408,0.51
144409,0.24
144410,0.11
144411,0.12
144412,0.15
144413,0.12
144414,0.18
144415,0.21
144416,0.105
144417,0.17
144418,0.075
144419,0.925
144420,0.095
144421,0.415
144422,0.12
144423,0.86
144424,0.28
144425,0.0
144426,0.785
144427,0.14
144428,0.14
144429,0.69
144430,0.44
144431,0.13
144432,0.02
144433,0.06
144434,0.46
144435,0.715
144436,0.055
144437,0.07
144438,0.025
144439,0.62
144440,0.1
144441,0.77
144442,0.28
144443,0.4
144444,0.42
144445,0.03
144446,0.48
144447,0.26
144448,0.04
144449,0.05
144450,0.235
144451,0.02
144452,0.025
144453,0.05
144454,0.295
144455,0.09
144456,0.33
144457,0.09
144458,0.335
144459,0.18
144460,0.67
144461,0.05
144462,0.11
144463,0.425
144464,0.06
144465,0.18
144466,0.325
144467,0.13
144468,0.045
144469,0.08
144470,0.145
144471,0.67
144472,0.655
144473,0.2
144474,0.225
144475,0.065
144476,0.16
144477,0.145
144478,0.355
144479,0.065
144480,0.14
144481,0.445
144482,0.085
144483,0.07
144484,0.29
144485,0.34
144486,0.02
144487,0.05
144488,0.64
144489,0.115
144490,0.455
144491,0.09
144492,0.09
144493,0.56
144494,0.225
144495,0.65
144496,0.35
144497,0.345
144498,0.565
144499,0.235
144500,0.37
144501,0.27
144502,0.3
144503,0.08
144504,0.045
144505,0.205
144506,0.03
144507,0.14
144508,0.71
144509,0.03
144510,0.22
144511,0.105
144512,0.25
144513,0.25
144514,0.025
144515,0.235
144516,0.13
144517,0.055
144518,0.59
144519,0.415
144520,0.105
144521,0.16
144522,0.215
144523,0.46
144524,0.125
144525,0.5
144526,0.215
144527,0.0
144528,0.055
144529,0.1
144530,0.135
144531,0.44
144532,0.21
144533,0.325
144534,0.225
144535,0.11
144536,0.65
144537,0.055
144538,0.25
144539,0.165
144540,0.02
144541,0.29
144542,0.1
144543,0.255
144544,0.015
144545,0.38
144546,0.085
144547,0.095
144548,0.225
144549,0.095
144550,0.035
144551,0.61
144552,0.09
144553,0.255
144554,0.17
144555,0.215
144556,0.585
144557,0.08
144558,0.815
144559,0.22
144560,0.24
144561,0.14
144562,0.21
144563,0.065
144564,0.75
144565,0.095
144566,0.24
144567,0.12
144568,0.195
144569,0.01
144570,0.105
144571,0.05
144572,0.055
144573,0.385
144574,0.205
144575,0.135
144576,0.17
144577,0.08
144578,0.025
144579,0.025
144580,0.095
144581,0.02
144582,0.115
144583,0.075
144584,0.155
144585,0.61
144586,0.31
144587,0.195
144588,0.155
144589,0.155
144590,0.045
144591,0.045
144592,0.085
144593,0.11
144594,0.475
144595,0.325
144596,0.085
144597,0.185
144598,0.465
144599,0.005
144600,0.495
144601,0.705
144602,0.07
144603,0.065
144604,0.185
144605,0.065
144606,0.105
144607,0.14
144608,0.22
144609,0.41
144610,0.1
144611,0.135
144612,0.015
144613,0.24
144614,0.05
144615,0.055
144616,0.34
144617,0.205
144618,0.105
144619,0.03
144620,0.07
144621,0.555
144622,0.05
144623,0.06
144624,0.16
144625,0.43
144626,0.105
144627,0.14
144628,0.325
144629,0.12
144630,0.045
144631,0.385
144632,0.085
144633,0.33
144634,0.165
144635,0.205
144636,0.07
144637,0.28
144638,0.04
144639,0.77
144640,0.32
144641,0.06
144642,0.72
144643,0.065
144644,0.835
144645,0.635
144646,0.415
144647,0.02
144648,0.1
144649,0.055
144650,0.085
144651,0.275
144652,0.58
144653,0.055
144654,0.065
144655,0.13
144656,0.035
144657,0.095
144658,0.13
144659,0.365
144660,0.535
144661,0.105
144662,0.095
144663,0.135
144664,0.235
144665,0.125
144666,0.025
144667,0.06
144668,0.175
144669,0.09
144670,0.08
144671,0.085
144672,0.16
144673,0.1
144674,0.065
144675,0.17
144676,0.13
144677,0.015
144678,0.12
144679,0.055
144680,0.155
144681,0.525
144682,0.135
144683,0.095
144684,0.345
144685,0.135
144686,0.075
144687,0.815
144688,0.07
144689,0.29
144690,0.085
144691,0.24
144692,0.06
144693,0.05
144694,0.025
144695,0.03
144696,0.13
144697,0.205
144698,0.145
144699,0.09
144700,0.02
144701,0.345
144702,0.05
144703,0.625
144704,0.21
144705,0.155
144706,0.11
144707,0.07
144708,0.155
144709,0.085
144710,0.145
144711,0.195
144712,0.3
144713,0.125
144714,0.02
144715,0.085
144716,0.03
144717,0.07
144718,0.045
144719,0.165
144720,0.86
144721,0.14
144722,0.12
144723,0.27
144724,0.155
144725,0.25
144726,0.195
144727,0.025
144728,0.035
144729,0.95
144730,0.075
144731,0.745
144732,0.37
144733,0.38
144734,0.015
144735,0.02
144736,0.04
144737,0.235
144738,0.175
144739,0.24
144740,0.105
144741,0.06
144742,0.1
144743,0.015
144744,0.085
144745,0.265
144746,0.055
144747,0.055
144748,0.365
144749,0.05
144750,0.27
144751,0.38
144752,0.13
144753,0.115
144754,0.315
144755,0.065
144756,0.125
144757,0.51
144758,0.11
144759,0.11
144760,0.455
144761,0.11
144762,0.195
144763,0.23
144764,0.49
144765,0.4
144766,0.075
144767,0.385
144768,0.165
144769,0.08
144770,0.295
144771,0.315
144772,0.065
144773,0.305
144774,0.075
144775,0.11
144776,0.0
144777,0.07
144778,0.18
144779,0.125
144780,0.18
144781,0.37
144782,0.53
144783,0.035
144784,0.085
144785,0.61
144786,0.085
144787,0.055
144788,0.035
144789,0.08
144790,0.94
144791,0.11
144792,0.035
144793,0.365
144794,0.215
144795,0.185
144796,0.165
144797,0.03
144798,0.19
144799,0.37
144800,0.4
144801,0.13
144802,0.475
144803,0.235
144804,0.255
144805,0.185
144806,0.13
144807,0.57
144808,0.085
144809,0.595
144810,0.08
144811,0.34
144812,0.035
144813,0.025
144814,0.125
144815,0.175
144816,0.03
144817,0.005
144818,0.035
144819,0.685
144820,0.27
144821,0.35
144822,0.54
144823,0.11
144824,0.085
144825,0.695
144826,0.565
144827,0.025
144828,0.105
144829,0.02
144830,0.6
144831,0.11
144832,0.055
144833,0.07
144834,0.565
144835,0.235
144836,0.57
144837,0.17
144838,0.22
144839,0.685
144840,0.055
144841,0.135
144842,0.02
144843,0.125
144844,0.205
144845,0.085
144846,0.12
144847,0.03
144848,0.03
144849,0.19
144850,0.015
144851,0.115
144852,0.235
144853,0.015
144854,0.03
144855,0.11
144856,0.05
144857,0.125
144858,0.25
144859,0.105
144860,0.2
144861,0.595
144862,0.785
144863,0.4
144864,0.14
144865,0.08
144866,0.19
144867,0.22
144868,0.06
144869,0.335
144870,0.22
144871,0.08
144872,0.135
144873,0.19
144874,0.055
144875,0.36
144876,0.22
144877,0.49
144878,0.11
144879,0.805
144880,0.24
144881,0.3
144882,0.39
144883,0.215
144884,0.015
144885,0.54
144886,0.12
144887,0.04
144888,0.08
144889,0.12
144890,0.17
144891,0.085
144892,0.25
144893,0.02
144894,0.23
144895,0.005
144896,0.405
144897,0.57
144898,0.045
144899,0.285
144900,0.16
144901,0.33
144902,0.605
144903,0.095
144904,0.465
144905,0.6
144906,0.45
144907,0.36
144908,0.69
144909,0.105
144910,0.265
144911,0.08
144912,0.29
144913,0.155
144914,0.175
144915,0.0
144916,0.24
144917,0.015
144918,0.075
144919,0.09
144920,0.05
144921,0.68
144922,0.02
144923,0.045
144924,0.48
144925,0.13
144926,0.115
144927,0.275
144928,0.215
144929,0.275
144930,0.405
144931,0.105
144932,0.21
144933,0.22
144934,0.085
144935,0.13
144936,0.6
144937,0.62
144938,0.035
144939,0.01
144940,0.51
144941,0.025
144942,0.13
144943,0.195
144944,0.055
144945,0.215
144946,0.095
144947,0.295
144948,0.19
144949,0.49
144950,0.575
144951,0.09
144952,0.245
144953,0.115
144954,0.61
144955,0.135
144956,0.015
144957,0.05
144958,0.11
144959,0.255
144960,0.07
144961,0.075
144962,0.585
144963,0.1
144964,0.3
144965,0.11
144966,0.07
144967,0.285
144968,0.155
144969,0.085
144970,0.245
144971,0.18
144972,0.125
144973,0.17
144974,0.16
144975,1.0
144976,0.705
144977,0.125
144978,0.04
144979,0.755
144980,0.215
144981,0.07
144982,0.03
144983,0.25
144984,0.06
144985,0.275
144986,0.105
144987,0.685
144988,0.73
144989,0.515
144990,0.57
144991,0.485
144992,0.0
144993,0.13
144994,0.54
144995,0.0
144996,0.265
144997,0.265
144998,0.285
144999,0.155
145000,0.11
145001,0.12
145002,0.095
145003,0.665
145004,0.695
145005,0.09
145006,0.015
145007,0.13
145008,0.05
145009,0.345
145010,0.315
145011,0.215
145012,0.115
145013,0.07
145014,0.165
145015,0.145
145016,0.075
145017,0.04
145018,0.05
145019,0.135
145020,0.035
145021,0.075
145022,0.25
145023,0.13
145024,0.23
145025,0.72
145026,0.03
145027,0.615
145028,0.255
145029,0.15
145030,0.245
145031,0.56
145032,0.025
145033,0.13
145034,0.065
145035,0.025
145036,0.7
145037,0.13
145038,0.115
145039,0.155
145040,0.01
145041,0.45
145042,0.125
145043,0.06
145044,0.16
145045,0.135
145046,0.435
145047,0.085
145048,0.05
145049,0.515
145050,0.48
145051,0.11
145052,0.165
145053,0.325
145054,0.18
145055,0.72
145056,0.01
145057,0.235
145058,0.6
145059,0.11
145060,0.27
145061,0.07
145062,0.165
145063,0.71
145064,0.08
145065,0.015
145066,0.14
145067,0.285
145068,0.235
145069,0.17
145070,0.205
145071,0.175
145072,0.325
145073,0.16
145074,0.485
145075,0.245
145076,0.26
145077,0.06
145078,0.02
145079,0.005
145080,0.205
145081,0.125
145082,0.415
145083,0.025
145084,0.32
145085,0.115
145086,0.155
145087,0.68
145088,0.795
145089,0.045
145090,0.05
145091,0.07
145092,0.035
145093,0.015
145094,0.465
145095,0.005
145096,0.195
145097,0.155
145098,0.555
145099,0.065
145100,0.165
145101,0.32
145102,0.055
145103,0.03
145104,0.29
145105,0.23
145106,0.635
145107,0.975
145108,0.1
145109,0.1
145110,0.315
145111,0.055
145112,0.095
145113,0.495
145114,0.06
145115,0.36
145116,0.07
145117,0.105
145118,0.165
145119,0.1
145120,0.22
145121,0.17
145122,0.28
145123,0.045
145124,0.565
145125,0.185
145126,0.19
145127,0.93
145128,0.3
145129,0.04
145130,0.12
145131,0.085
145132,0.285
145133,0.115
145134,0.125
145135,0.315
145136,0.54
145137,0.175
145138,0.885
145139,0.095
145140,0.18
145141,0.17
145142,0.115
145143,0.1
145144,0.17
145145,0.225
145146,0.065
145147,0.115
145148,0.015
145149,0.1
145150,0.125
145151,0.19
145152,0.075
145153,0.08
145154,0.165
145155,0.405
145156,0.025
145157,0.46
145158,0.605
145159,0.9
145160,0.14
145161,0.06
145162,0.14
145163,0.19
145164,0.335
145165,0.695
145166,0.73
145167,0.11
145168,0.31
145169,0.025
145170,0.55
145171,0.12
145172,0.845
145173,0.125
145174,0.675
145175,0.545
145176,0.2
145177,0.31
145178,0.5
145179,0.335
145180,0.415
145181,0.16
145182,0.505
145183,0.22
145184,0.28
145185,0.65
145186,0.2
145187,0.93
145188,0.245
145189,0.045
145190,0.01
145191,0.075
145192,0.0
145193,0.095
145194,0.595
145195,0.005
145196,0.125
145197,0.455
145198,0.105
145199,0.095
145200,0.135
145201,0.31
145202,0.08
145203,0.19
145204,0.21
145205,0.69
145206,0.085
145207,0.16
145208,0.125
145209,0.29
145210,0.195
145211,0.26
145212,0.345
145213,0.14
145214,0.1
145215,0.155
145216,0.095
145217,0.08
145218,0.255
145219,0.615
145220,0.39
145221,0.605
145222,0.17
145223,0.58
145224,0.68
145225,0.15
145226,0.045
145227,0.65
145228,0.055
145229,0.1
145230,0.185
145231,0.07
145232,0.08
145233,0.045
145234,0.595
145235,0.125
145236,0.215
145237,0.385
145238,0.35
145239,0.05
145240,0.07
145241,0.245
145242,0.15
145243,0.885
145244,0.345
145245,0.125
145246,0.455
145247,0.535
145248,0.095
145249,0.155
145250,0.2
145251,0.105
145252,0.13
145253,0.015
145254,0.05
145255,0.345
145256,0.19
145257,0.115
145258,0.06
145259,0.79
145260,0.225
145261,0.09
145262,0.025
145263,0.345
145264,0.815
145265,0.195
145266,0.585
145267,0.0
145268,0.21
145269,0.32
145270,0.17
145271,0.255
145272,0.03
145273,0.0
145274,0.215
145275,0.065
145276,0.045
145277,0.03
145278,0.165
145279,0.235
145280,0.04
145281,0.24
145282,0.095
145283,0.045
145284,0.18
145285,0.11
145286,0.175
145287,0.205
145288,0.305
145289,0.155
145290,0.07
145291,0.175
145292,0.26
145293,0.25
145294,0.09
145295,0.01
145296,0.055
145297,0.885
145298,0.055
145299,0.645
145300,0.03
145301,0.025
145302,0.25
145303,0.415
145304,0.16
145305,0.605
145306,0.545
145307,0.26
145308,0.095
145309,0.255
145310,0.04
145311,0.03
145312,0.945
145313,0.13
145314,0.215
145315,0.09
145316,0.105
145317,0.26
145318,0.035
145319,0.23
145320,0.03
145321,0.08
145322,0.91
145323,0.815
145324,0.135
145325,0.035
145326,0.03
145327,0.24
145328,0.06
145329,0.275
145330,0.45
145331,0.04
145332,0.29
145333,0.025
145334,0.515
145335,0.29
145336,0.07
145337,0.58
145338,0.8
145339,0.34
145340,0.15
145341,0.425
145342,0.52
145343,0.075
145344,0.015
145345,0.165
145346,0.215
145347,0.135
145348,0.045
145349,0.09
145350,0.255
145351,0.03
145352,0.16
145353,0.245
145354,0.09
145355,0.075
145356,0.395
145357,0.82
145358,0.345
145359,0.225
145360,0.35
145361,0.045
145362,0.07
145363,0.42
145364,0.455
145365,0.115
145366,0.635
145367,0.475
145368,0.085
145369,0.035
145370,0.545
145371,0.71
145372,0.285
145373,0.22
145374,0.02
145375,0.59
145376,0.085
145377,0.03
145378,0.235
145379,0.0
145380,0.06
145381,0.115
145382,0.065
145383,0.29
145384,0.245
145385,0.0
145386,0.075
145387,0.025
145388,0.105
145389,0.05
145390,0.605
145391,0.135
145392,0.19
145393,0.86
145394,0.725
145395,0.885
145396,0.585
145397,0.05
145398,0.07
145399,0.365
145400,0.115
145401,0.105
145402,0.115
145403,0.39
145404,0.21
145405,0.16
145406,0.13
145407,0.29
145408,0.16
145409,0.37
145410,0.12
145411,0.16
145412,0.6
145413,0.09
145414,0.76
145415,0.01
145416,0.09
145417,0.215
145418,0.04
145419,0.73
145420,0.15
145421,0.385
145422,0.505
145423,0.295
145424,0.115
145425,0.005
145426,0.05
145427,0.06
145428,0.2
145429,0.575
145430,0.125
145431,0.975
145432,0.035
145433,0.01
145434,0.66
145435,0.205
145436,0.19
145437,0.365
145438,0.285
145439,0.01
145440,0.175
145441,0.085
145442,0.155
145443,0.165
145444,0.245
145445,0.61
145446,0.065
145447,0.07
145448,0.17
145449,0.04
145450,0.08
145451,0.64
145452,0.805
145453,0.275
145454,0.075
145455,0.43
145456,0.08
145457,0.33
145458,0.155
145459,0.65
145460,0.115
145461,0.085
145462,0.14
145463,0.15
145464,0.235
145465,0.065
145466,0.005
145467,0.37
145468,0.08
145469,0.01
145470,0.3
145471,0.085
145472,0.395
145473,0.37
145474,0.1
145475,0.35
145476,0.47
145477,0.405
145478,0.0
145479,0.365
145480,0.11
145481,0.255
145482,0.485
145483,0.02
145484,0.125
145485,0.07
145486,0.12
145487,0.345
145488,0.02
145489,0.035
145490,0.775
145491,0.115
145492,0.585
145493,0.34
145494,0.185
145495,0.535
145496,0.29
145497,0.5
145498,0.04
145499,0.16
145500,0.02
145501,0.725
145502,0.03
145503,0.245
145504,0.04
145505,0.51
145506,0.34
145507,0.11
145508,0.53
145509,0.055
145510,0.01
145511,0.145
145512,0.245
145513,0.14
145514,0.07
145515,0.11
145516,0.645
145517,0.19
145518,0.77
145519,0.145
145520,0.05
145521,0.255
145522,0.155
145523,0.595
145524,0.245
145525,0.1
145526,0.505
145527,0.08
145528,0.28
145529,0.7
145530,0.105
145531,0.05
145532,0.26
145533,0.205
145534,0.415
145535,0.05
145536,0.06
145537,0.105
145538,0.085
145539,0.77
145540,0.285
145541,0.595
145542,0.38
145543,0.065
145544,0.09
145545,0.22
145546,0.465
145547,0.22
145548,0.285
145549,0.145
145550,0.28
145551,0.3
145552,0.2
145553,0.195
145554,0.135
145555,0.22
145556,0.155
145557,0.07
145558,0.18
145559,0.685
145560,0.085
145561,0.12
145562,0.6
145563,0.025
145564,0.335
145565,0.01
145566,0.04
145567,0.55
145568,0.545
145569,0.19
145570,0.585
145571,0.85
145572,0.1
145573,0.73
145574,0.115
145575,0.05
145576,0.175
145577,0.0
145578,0.215
145579,0.15
145580,0.635
145581,0.77
145582,0.125
145583,0.25
145584,0.045
145585,0.82
145586,0.07
145587,0.03
145588,0.015
145589,0.955
145590,0.465
145591,0.245
145592,0.655
145593,0.08
145594,0.135
145595,0.04
145596,0.57
145597,0.125
145598,0.1
145599,0.11
145600,0.12
145601,0.645
145602,0.09
145603,0.14
145604,0.155
145605,0.06
145606,0.33
145607,0.875
145608,0.2
145609,0.415
145610,0.02
145611,0.025
145612,0.745
145613,0.08
145614,0.135
145615,0.79
145616,0.075
145617,0.595
145618,0.42
145619,0.045
145620,0.07
145621,0.025
145622,0.21
145623,0.06
145624,0.355
145625,0.025
145626,0.005
145627,0.14
145628,0.2
145629,0.125
145630,0.145
145631,0.41
145632,0.22
145633,0.115
145634,0.08
145635,0.14
145636,0.06
145637,0.755
145638,0.15
145639,0.285
145640,0.11
145641,0.115
145642,0.875
145643,0.165
145644,0.03
145645,0.01
145646,0.045
145647,0.615
145648,0.55
145649,0.26
145650,0.75
145651,0.32
145652,0.215
145653,0.68
145654,0.265
145655,0.095
145656,0.19
145657,0.05
145658,0.2
145659,0.095
145660,0.135
145661,0.275
145662,0.01
145663,0.045
145664,0.63
145665,0.29
145666,0.075
145667,0.085
145668,0.275
145669,0.155
145670,0.285
145671,0.025
145672,0.26
145673,0.19
145674,0.34
145675,0.03
145676,0.025
145677,0.07
145678,0.67
145679,0.03
145680,0.135
145681,0.41
145682,0.24
145683,0.54
145684,0.19
145685,0.21
145686,0.24
145687,0.69
145688,0.165
145689,0.345
145690,0.09
145691,0.33
145692,0.09
145693,0.135
145694,0.15
145695,0.345
145696,0.06
145697,0.25
145698,0.245
145699,0.01
145700,0.165
145701,0.38
145702,0.005
145703,0.255
145704,0.14
145705,0.05
145706,0.21
145707,0.225
145708,0.065
145709,0.06
145710,0.05
145711,0.84
145712,0.345
145713,0.32
145714,0.385
145715,0.095
145716,0.1
145717,0.16
145718,0.41
145719,0.055
145720,0.0
145721,0.03
145722,0.75
145723,0.48
145724,0.34
145725,0.31
145726,0.185
145727,0.135
145728,0.705
145729,0.08
145730,0.02
145731,0.24
145732,0.175
145733,0.34
145734,0.16
145735,0.0
145736,0.475
145737,0.01
145738,0.925
145739,0.155
145740,0.23
145741,0.085
145742,0.4
145743,0.29
145744,0.22
145745,0.265
145746,0.19
145747,0.19
145748,0.155
145749,0.29
145750,0.06
145751,0.59
145752,0.095
145753,0.025
145754,0.07
145755,0.1
145756,0.155
145757,0.06
145758,0.245
145759,0.05
145760,0.13
145761,0.025
145762,0.75
145763,0.765
145764,0.285
145765,0.06
145766,0.035
145767,0.18
145768,0.045
145769,0.62
145770,0.055
145771,0.065
145772,0.625
145773,0.26
145774,0.425
145775,0.08
145776,0.06
145777,0.265
145778,0.495
145779,0.45
145780,0.07
145781,0.345
145782,0.015
145783,0.125
145784,0.33
145785,0.385
145786,0.4
145787,0.04
145788,0.365
145789,0.24
145790,0.07
145791,0.15
145792,0.06
145793,0.135
145794,0.46
145795,0.15
145796,0.12
145797,0.13
145798,0.125
145799,0.09
145800,0.345
145801,0.15
145802,0.435
145803,0.095
145804,0.145
145805,0.24
145806,0.125
145807,0.45
145808,0.06
145809,0.87
145810,0.44
145811,0.125
145812,0.015
145813,0.03
145814,0.35
145815,0.29
145816,0.28
145817,0.205
145818,0.02
145819,0.045
145820,0.1
145821,0.135
145822,0.06
145823,0.54
145824,0.6
145825,0.0
145826,0.13
145827,0.05
145828,0.26
145829,0.48
145830,0.22
145831,0.085
145832,0.815
145833,0.13
145834,0.14
145835,0.225
145836,0.23
145837,0.01
145838,0.78
145839,0.35
145840,0.06
145841,0.88
145842,0.395
145843,0.03
145844,0.145
145845,0.59
145846,0.03
145847,0.56
145848,0.16
145849,0.025
145850,0.63
145851,0.745
145852,0.01
145853,0.025
145854,0.5
145855,0.27
145856,0.53
145857,0.35
145858,0.015
145859,0.12
145860,0.755
145861,0.03
145862,0.11
145863,0.175
145864,0.155
145865,0.355
145866,0.215
145867,0.21
145868,0.035
145869,0.055
145870,0.355
145871,0.055
145872,0.085
145873,0.06
145874,0.18
145875,0.305
145876,0.235
145877,0.165
145878,0.25
145879,0.27
145880,0.18
145881,0.305
145882,0.1
145883,0.235
145884,0.15
145885,0.175
145886,0.155
145887,0.685
145888,0.145
145889,0.03
145890,0.1
145891,0.075
145892,0.9
145893,0.305
145894,0.08
145895,0.025
145896,0.09
145897,0.16
145898,0.26
145899,0.14
145900,0.215
145901,0.22
145902,0.105
145903,0.05
145904,0.725
145905,0.11
145906,0.045
145907,0.085
145908,0.205
145909,0.365
145910,0.11
145911,0.235
145912,0.075
145913,0.075
145914,0.645
145915,0.485
145916,0.13
145917,0.055
145918,0.405
145919,0.28
145920,0.085
145921,0.055
145922,0.24
145923,0.17
145924,0.245
145925,0.005
145926,0.3
145927,0.13
145928,0.045
145929,0.05
145930,0.14
145931,0.225
145932,0.245
145933,0.21
145934,0.575
145935,0.035
145936,0.12
145937,0.13
145938,0.09
145939,0.33
145940,0.005
145941,0.23
145942,0.69
145943,0.11
145944,0.11
145945,0.35
145946,0.215
145947,0.2
145948,0.03
145949,0.3
145950,0.015
145951,0.295
145952,0.01
145953,0.2
145954,0.24
145955,0.02
145956,0.085
145957,0.205
145958,0.275
145959,0.42
145960,0.185
145961,0.21
145962,0.765
145963,0.18
145964,0.675
145965,0.52
145966,0.105
145967,0.095
145968,0.6
145969,0.35
145970,0.195
145971,0.125
145972,0.205
145973,0.115
145974,0.09
145975,0.21
145976,0.05
145977,0.28
145978,0.13
145979,0.185
145980,0.225
145981,0.165
145982,0.885
145983,0.23
145984,0.04
145985,0.165
145986,0.07
145987,0.495
145988,0.645
145989,0.245
145990,0.12
145991,0.05
145992,0.415
145993,0.225
145994,0.27
145995,0.74
145996,0.005
145997,0.105
145998,0.14
145999,0.16
146000,0.265
146001,0.535
146002,0.28
146003,0.26
146004,0.12
146005,0.095
146006,0.15
146007,0.27
146008,0.16
146009,0.49
146010,0.305
146011,0.13
146012,0.055
146013,0.005
146014,0.05
146015,0.15
146016,0.17
146017,0.055
146018,0.445
146019,0.47
146020,0.2
146021,0.2
146022,0.205
146023,0.16
146024,0.09
146025,0.325
146026,0.355
146027,0.26
146028,0.265
146029,0.14
146030,0.28
146031,0.055
146032,0.09
146033,0.89
146034,0.875
146035,0.48
146036,0.03
146037,0.17
146038,0.125
146039,0.07
146040,0.145
146041,0.285
146042,0.045
146043,0.045
146044,0.2
146045,0.23
146046,0.52
146047,0.21
146048,0.135
146049,0.11
146050,0.395
146051,0.205
146052,0.66
146053,0.22
146054,0.3
146055,0.115
146056,0.12
146057,0.12
146058,0.1
146059,0.025
146060,0.615
146061,0.22
146062,0.23
146063,0.13
146064,0.23
146065,0.17
146066,0.785
146067,0.015
146068,0.585
146069,0.145
146070,0.02
146071,0.42
146072,0.24
146073,0.075
146074,0.07
146075,0.015
146076,0.4
146077,0.09
146078,0.65
146079,0.01
146080,0.17
146081,0.15
146082,0.415
146083,0.795
146084,0.07
146085,0.085
146086,0.115
146087,0.105
146088,0.27
146089,0.14
146090,0.615
146091,0.105
146092,0.64
146093,0.335
146094,0.185
146095,0.175
146096,0.115
146097,0.23
146098,0.45
146099,0.19
146100,0.37
146101,0.005
146102,0.5
146103,0.015
146104,0.015
146105,0.02
146106,0.675
146107,0.57
146108,0.255
146109,0.11
146110,0.395
146111,0.19
146112,0.185
146113,0.385
146114,0.16
146115,0.075
146116,0.285
146117,0.075
146118,0.265
146119,0.01
146120,0.07
146121,0.04
146122,0.055
146123,0.04
146124,0.085
146125,0.09
146126,0.16
146127,0.63
146128,0.005
146129,0.91
146130,0.025
146131,0.035
146132,0.535
146133,0.015
146134,0.045
146135,0.495
146136,0.32
146137,0.335
146138,0.075
146139,0.405
146140,0.11
146141,0.015
146142,0.1
146143,0.07
146144,0.365
146145,0.135
146146,0.045
146147,0.485
146148,0.175
146149,0.285
146150,0.49
146151,0.02
146152,0.375
146153,0.585
146154,0.405
146155,0.03
146156,0.21
146157,0.075
146158,0.175
146159,0.165
146160,0.855
146161,0.4
146162,0.02
146163,0.205
146164,0.065
146165,0.535
146166,0.1
146167,0.72
146168,0.03
146169,0.065
146170,0.36
146171,0.14
146172,0.135
146173,0.13
146174,0.275
146175,0.175
146176,0.16
146177,0.105
146178,0.155
146179,0.49
146180,0.365
146181,0.165
146182,0.18
146183,0.665
146184,0.11
146185,0.29
146186,0.08
146187,0.275
146188,0.13
146189,0.15
146190,0.045
146191,0.015
146192,0.765
146193,0.51
146194,0.18
146195,0.02
146196,0.29
146197,0.02
146198,0.29
146199,0.775
146200,0.11
146201,0.1
146202,0.135
146203,0.05
146204,0.11
146205,0.035
146206,0.195
146207,0.195
146208,0.175
146209,0.275
146210,0.27
146211,0.42
146212,0.075
146213,0.085
146214,0.115
146215,0.51
146216,0.1
146217,0.12
146218,0.62
146219,0.36
146220,0.855
146221,0.115
146222,0.145
146223,0.095
146224,0.275
146225,0.105
146226,0.12
146227,0.705
146228,0.465
146229,0.355
146230,0.23
146231,0.36
146232,0.12
146233,0.015
146234,0.12
146235,0.165
146236,0.07
146237,0.235
146238,0.3
146239,0.11
146240,0.06
146241,0.67
146242,0.095
146243,0.05
146244,0.12
146245,0.045
146246,0.43
146247,0.08
146248,0.055
146249,0.525
146250,0.17
146251,0.025
146252,0.075
146253,0.675
146254,0.48
146255,0.06
146256,0.625
146257,0.145
146258,0.03
146259,0.02
146260,0.355
146261,0.095
146262,0.045
146263,0.48
146264,0.15
146265,0.14
146266,0.075
146267,0.52
146268,0.13
146269,0.09
146270,0.03
146271,0.145
146272,0.02
146273,0.14
146274,0.525
146275,0.41
146276,0.04
146277,0.1
146278,0.135
146279,0.015
146280,0.695
146281,0.065
146282,0.11
146283,0.54
146284,0.155
146285,0.275
146286,0.06
146287,0.56
146288,0.01
146289,0.235
146290,0.41
146291,0.34
146292,0.07
146293,0.07
146294,0.045
146295,0.79
146296,0.565
146297,0.085
146298,0.275
146299,0.615
146300,0.37
146301,0.24
146302,0.06
146303,0.595
146304,0.24
146305,0.285
146306,0.045
146307,0.18
146308,0.145
146309,0.02
146310,0.24
146311,0.11
146312,0.105
146313,0.155
146314,0.24
146315,0.315
146316,0.395
146317,0.32
146318,0.605
146319,0.075
146320,0.205
146321,0.165
146322,0.63
146323,0.405
146324,0.215
146325,0.085
146326,0.165
146327,0.245
146328,0.225
146329,0.19
146330,0.28
146331,0.145
146332,0.3
146333,0.385
146334,0.14
146335,0.065
146336,0.05
146337,0.945
146338,0.075
146339,0.04
146340,0.715
146341,0.255
146342,0.055
146343,0.105
146344,0.09
146345,0.09
146346,0.115
146347,0.11
146348,0.18
146349,0.405
146350,0.035
146351,0.015
146352,0.26
146353,0.05
146354,0.295
146355,0.075
146356,0.14
146357,0.565
146358,0.585
146359,0.35
146360,0.125
146361,0.245
146362,0.265
146363,0.55
146364,0.005
146365,0.295
146366,0.125
146367,0.035
146368,0.105
146369,0.15
146370,0.07
146371,0.22
146372,0.02
146373,0.225
146374,0.125
146375,0.03
146376,0.085
146377,0.24
146378,0.68
146379,0.325
146380,0.06
146381,0.32
146382,0.0
146383,0.04
146384,0.115
146385,0.105
146386,0.125
146387,0.125
146388,0.065
146389,0.535
146390,0.13
146391,0.205
146392,0.08
146393,0.465
146394,0.05
146395,0.11
146396,0.225
146397,0.115
146398,0.255
146399,0.105
146400,0.635
146401,0.035
146402,0.135
146403,0.31
146404,0.385
146405,0.365
146406,0.35
146407,0.115
146408,0.155
146409,0.185
146410,0.705
146411,0.245
146412,0.41
146413,0.045
146414,0.15
146415,0.08
146416,0.74
146417,0.32
146418,0.085
146419,0.185
146420,0.11
146421,0.045
146422,0.035
146423,0.04
146424,0.18
146425,0.155
146426,0.09
146427,0.435
146428,0.07
146429,0.26
146430,0.145
146431,0.16
146432,0.195
146433,0.09
146434,0.085
146435,0.32
146436,0.61
146437,0.16
146438,0.09
146439,0.05
146440,0.02
146441,0.115
146442,0.25
146443,0.105
146444,0.55
146445,0.11
146446,0.135
146447,0.305
146448,0.105
146449,0.24
146450,0.03
146451,0.02
146452,0.165
146453,0.69
146454,0.0
146455,0.115
146456,0.19
146457,0.04
146458,0.05
146459,0.18
146460,0.075
146461,0.23
146462,0.25
146463,0.085
146464,0.305
146465,0.105
146466,0.135
146467,0.055
146468,0.23
146469,0.3
146470,0.345
146471,0.025
146472,0.05
146473,0.81
146474,0.73
146475,0.025
146476,0.05
146477,0.26
146478,0.275
146479,0.16
146480,0.005
146481,0.24
146482,0.145
146483,0.195
146484,0.125
146485,0.225
146486,0.125
146487,0.615
146488,0.825
146489,0.03
146490,0.055
146491,0.205
146492,0.49
146493,0.085
146494,0.02
146495,0.2
146496,0.16
146497,0.04
146498,0.145
146499,0.475
146500,0.4
146501,0.395
146502,0.135
146503,0.195
146504,0.395
146505,0.11
146506,0.275
146507,0.19
146508,0.085
146509,0.065
146510,0.1
146511,0.105
146512,0.065
146513,0.285
146514,0.035
146515,0.12
146516,0.565
146517,0.355
146518,0.245
146519,0.13
146520,0.275
146521,0.15
146522,0.035
146523,0.11
146524,0.125
146525,0.28
146526,0.235
146527,0.485
146528,0.55
146529,0.06
146530,0.6
146531,0.04
146532,0.08
146533,0.19
146534,0.575
146535,0.13
146536,0.365
146537,0.145
146538,0.365
146539,0.125
146540,0.075
146541,0.02
146542,0.35
146543,0.18
146544,0.13
146545,0.115
146546,0.22
146547,0.445
146548,0.74
146549,0.115
146550,0.135
146551,0.525
146552,0.255
146553,0.155
146554,0.19
146555,0.4
146556,0.35
146557,0.115
146558,0.12
146559,0.175
146560,0.0
146561,0.45
146562,0.37
146563,0.605
146564,0.245
146565,0.075
146566,0.065
146567,0.095
146568,0.095
146569,0.005
146570,0.235
146571,0.87
146572,0.11
146573,0.34
146574,0.08
146575,0.005
146576,0.235
146577,0.91
146578,0.105
146579,0.17
146580,0.32
146581,0.15
146582,0.12
146583,0.765
146584,0.035
146585,0.735
146586,0.59
146587,0.085
146588,0.075
146589,0.29
146590,0.125
146591,0.8
146592,0.005
146593,0.2
146594,0.17
146595,0.095
146596,0.045
146597,0.03
146598,0.065
146599,0.45
146600,0.28
146601,0.34
146602,0.11
146603,0.095
146604,0.215
146605,0.345
146606,0.485
146607,0.02
146608,0.055
146609,0.125
146610,0.03
146611,0.235
146612,0.145
146613,0.105
146614,0.79
146615,0.01
146616,0.095
146617,0.03
146618,0.14
146619,0.055
146620,0.05
146621,0.025
146622,0.21
146623,0.07
146624,0.02
146625,0.465
146626,0.3
146627,0.16
146628,0.18
146629,0.11
146630,0.215
146631,0.375
146632,0.115
146633,0.21
146634,0.15
146635,0.035
146636,0.465
146637,0.41
146638,0.07
146639,0.175
146640,0.15
146641,0.675
146642,0.095
146643,0.045
146644,0.135
146645,0.715
146646,0.235
146647,0.035
146648,0.015
146649,0.815
146650,0.045
146651,0.135
146652,0.17
146653,0.08
146654,0.275
146655,0.025
146656,0.41
146657,0.085
146658,0.18
146659,0.13
146660,0.11
146661,0.085
146662,0.18
146663,0.075
146664,0.27
146665,0.275
146666,0.25
146667,0.41
146668,0.13
146669,0.095
146670,0.005
146671,0.1
146672,0.21
146673,0.57
146674,0.48
146675,0.055
146676,0.155
146677,0.495
146678,0.415
146679,0.105
146680,0.095
146681,0.28
146682,0.3
146683,0.055
146684,0.405
146685,0.15
146686,0.11
146687,0.135
146688,0.015
146689,0.195
146690,0.2
146691,0.195
146692,0.115
146693,0.125
146694,0.04
146695,0.11
146696,0.44
146697,0.81
146698,0.13
146699,0.23
146700,0.115
146701,0.495
146702,0.71
146703,0.025
146704,0.045
146705,0.075
146706,0.085
146707,0.09
146708,0.09
146709,0.065
146710,0.235
146711,0.445
146712,0.12
146713,0.25
146714,0.15
146715,0.445
146716,0.125
146717,0.095
146718,0.155
146719,0.375
146720,0.035
146721,0.295
146722,0.045
146723,0.83
146724,0.22
146725,0.13
146726,0.155
146727,0.13
146728,0.06
146729,0.175
146730,0.435
146731,0.15
146732,0.39
146733,0.3
146734,0.31
146735,0.18
146736,0.705
146737,0.17
146738,0.16
146739,0.1
146740,0.105
146741,0.145
146742,0.175
146743,0.165
146744,0.2
146745,0.435
146746,0.305
146747,0.37
146748,0.12
146749,0.51
146750,0.265
146751,0.085
146752,0.755
146753,0.055
146754,0.505
146755,0.52
146756,0.3
146757,0.09
146758,0.02
146759,0.085
146760,0.095
146761,0.105
146762,0.32
146763,0.01
146764,0.025
146765,0.26
146766,0.05
146767,0.095
146768,0.29
146769,0.0
146770,0.025
146771,0.355
146772,0.29
146773,0.095
146774,0.49
146775,0.105
146776,0.18
146777,0.205
146778,0.04
146779,0.03
146780,0.125
146781,0.67
146782,0.02
146783,0.005
146784,0.11
146785,0.795
146786,0.06
146787,0.065
146788,0.21
146789,0.015
146790,0.445
146791,0.23
146792,0.185
146793,0.33
146794,0.285
146795,0.185
146796,0.1
146797,0.19
146798,0.085
146799,0.235
146800,0.915
146801,0.53
146802,0.005
146803,0.015
146804,0.695
146805,0.035
146806,0.055
146807,0.045
146808,0.51
146809,0.105
146810,0.245
146811,0.075
146812,0.625
146813,0.005
146814,0.1
146815,0.745
146816,0.03
146817,0.55
146818,0.555
146819,0.135
146820,0.09
146821,0.085
146822,0.035
146823,0.18
146824,0.14
146825,0.08
146826,0.22
146827,0.065
146828,0.09
146829,0.06
146830,0.275
146831,0.055
146832,0.195
146833,0.11
146834,0.485
146835,0.115
146836,0.05
146837,0.595
146838,0.05
146839,0.135
146840,0.11
146841,0.3
146842,0.295
146843,0.12
146844,0.21
146845,0.15
146846,0.16
146847,0.34
146848,0.46
146849,0.18
146850,0.215
146851,0.11
146852,0.075
146853,0.36
146854,0.045
146855,0.06
146856,0.13
146857,0.29
146858,0.335
146859,0.29
146860,0.065
146861,0.56
146862,0.025
146863,0.22
146864,0.04
146865,0.05
146866,0.01
146867,0.13
146868,0.07
146869,0.105
146870,0.005
146871,0.535
146872,0.31
146873,0.32
146874,0.05
146875,0.06
146876,0.12
146877,0.04
146878,0.005
146879,0.235
146880,0.14
146881,0.51
146882,0.295
146883,0.635
146884,0.065
146885,0.355
146886,0.15
146887,0.095
146888,0.37
146889,0.335
146890,0.08
146891,0.75
146892,0.305
146893,0.455
146894,0.13
146895,0.495
146896,0.125
146897,0.26
146898,0.255
146899,0.29
146900,0.23
146901,0.04
146902,0.165
146903,0.155
146904,0.42
146905,0.21
146906,0.5
146907,0.035
146908,0.155
146909,0.085
146910,0.09
146911,0.13
146912,0.07
146913,0.09
146914,0.195
146915,0.56
146916,0.025
146917,0.05
146918,0.09
146919,0.01
146920,0.525
146921,0.37
146922,0.025
146923,0.75
146924,0.13
146925,0.095
146926,0.62
146927,0.115
146928,0.11
146929,0.31
146930,0.05
146931,0.27
146932,0.105
146933,0.025
146934,0.145
146935,0.19
146936,0.465
146937,0.475
146938,0.225
146939,0.1
146940,0.57
146941,0.7
146942,0.555
146943,0.22
146944,0.035
146945,0.115
146946,0.07
146947,0.185
146948,0.78
146949,0.02
146950,0.03
146951,0.43
146952,0.37
146953,0.81
146954,0.045
146955,0.46
146956,0.01
146957,0.145
146958,0.34
146959,0.065
146960,0.15
146961,0.25
146962,0.3
146963,0.235
146964,0.15
146965,0.065
146966,0.02
146967,0.055
146968,0.305
146969,0.09
146970,0.245
146971,0.095
146972,0.485
146973,0.02
146974,0.115
146975,0.605
146976,0.21
146977,0.675
146978,0.14
146979,0.075
146980,0.08
146981,0.09
146982,0.055
146983,0.08
146984,0.79
146985,0.315
146986,0.055
146987,0.105
146988,0.2
146989,0.2
146990,0.15
146991,0.15
146992,0.09
146993,0.205
146994,0.24
146995,0.275
146996,0.9
146997,0.07
146998,0.365
146999,0.245
147000,0.68
147001,0.11
147002,0.115
147003,0.105
147004,0.175
147005,0.135
147006,0.165
147007,0.08
147008,0.09
147009,0.135
147010,0.08
147011,0.085
147012,0.17
147013,0.16
147014,0.035
147015,0.195
147016,0.0
147017,0.23
147018,0.31
147019,0.13
147020,0.05
147021,0.16
147022,0.16
147023,0.265
147024,0.245
147025,0.07
147026,0.06
147027,0.035
147028,0.115
147029,0.04
147030,0.005
147031,0.32
147032,0.37
147033,0.26
147034,0.055
147035,0.305
147036,0.06
147037,0.155
147038,0.105
147039,0.33
147040,0.09
147041,0.065
147042,0.27
147043,0.06
147044,0.095
147045,0.005
147046,0.1
147047,0.175
147048,0.855
147049,0.365
147050,0.345
147051,0.005
147052,0.055
147053,0.035
147054,0.11
147055,0.695
147056,0.0
147057,0.875
147058,0.22
147059,0.025
147060,0.17
147061,0.195
147062,0.255
147063,0.735
147064,0.135
147065,0.02
147066,0.05
147067,0.19
147068,0.52
147069,0.63
147070,0.09
147071,0.2
147072,0.055
147073,0.185
147074,0.285
147075,0.115
147076,0.055
147077,0.13
147078,0.055
147079,0.02
147080,0.865
147081,0.365
147082,0.015
147083,0.115
147084,0.13
147085,0.19
147086,0.185
147087,0.22
147088,0.76
147089,0.085
147090,0.61
147091,0.14
147092,0.175
147093,0.08
147094,0.3
147095,0.105
147096,0.74
147097,0.04
147098,0.065
147099,0.3
147100,0.205
147101,0.13
147102,0.145
147103,0.3
147104,0.1
147105,1.0
147106,0.445
147107,0.315
147108,0.09
147109,0.16
147110,0.565
147111,0.155
147112,0.04
147113,0.195
147114,0.11
147115,0.055
147116,0.04
147117,0.255
147118,0.185
147119,0.285
147120,0.02
147121,0.32
147122,0.015
147123,0.245
147124,0.09
147125,0.14
147126,0.06
147127,0.555
147128,0.05
147129,0.08
147130,0.205
147131,0.14
147132,0.61
147133,0.1
147134,0.005
147135,0.05
147136,0.35
147137,0.82
147138,0.16
147139,0.435
147140,0.195
147141,0.125
147142,0.05
147143,0.13
147144,0.11
147145,0.295
147146,0.365
147147,0.12
147148,0.0
147149,0.34
147150,0.44
147151,0.025
147152,0.175
147153,0.195
147154,0.04
147155,0.31
147156,0.1
147157,0.305
147158,0.155
147159,0.155
147160,0.13
147161,0.445
147162,0.245
147163,0.23
147164,0.03
147165,0.19
147166,0.8
147167,0.0
147168,0.22
147169,0.595
147170,0.2
147171,0.12
147172,0.2
147173,0.13
147174,0.625
147175,0.755
147176,0.095
147177,0.13
147178,0.12
147179,0.02
147180,0.35
147181,0.455
147182,0.295
147183,0.19
147184,0.21
147185,0.2
147186,0.24
147187,0.17
147188,0.155
147189,0.68
147190,0.285
147191,0.0
147192,0.11
147193,0.115
147194,0.235
147195,0.095
147196,0.21
147197,0.05
147198,0.24
147199,0.235
147200,0.315
147201,0.33
147202,0.15
147203,0.245
147204,0.105
147205,0.19
147206,0.045
147207,0.105
147208,0.05
147209,0.22
147210,0.145
147211,0.295
147212,0.655
147213,0.12
147214,0.41
147215,0.195
147216,0.115
147217,0.255
147218,0.345
147219,0.07
147220,0.115
147221,0.68
147222,0.105
147223,0.26
147224,0.245
147225,0.665
147226,0.105
147227,0.315
147228,0.49
147229,0.135
147230,0.005
147231,0.08
147232,0.635
147233,0.265
147234,0.085
147235,0.035
147236,0.29
147237,0.26
147238,0.215
147239,0.045
147240,0.08
147241,0.675
147242,0.385
147243,0.045
147244,0.1
147245,0.39
147246,0.275
147247,0.785
147248,0.045
147249,0.27
147250,0.035
147251,0.055
147252,0.085
147253,0.04
147254,0.155
147255,0.175
147256,0.28
147257,0.92
147258,0.045
147259,0.05
147260,0.205
147261,0.16
147262,0.325
147263,0.135
147264,0.125
147265,0.365
147266,0.03
147267,0.175
147268,0.05
147269,0.395
147270,0.53
147271,0.11
147272,0.015
147273,0.325
147274,0.125
147275,0.445
147276,0.035
147277,0.095
147278,0.23
147279,0.025
147280,0.085
147281,0.35
147282,0.315
147283,0.295
147284,0.18
147285,0.0
147286,0.345
147287,0.015
147288,0.16
147289,0.235
147290,0.08
147291,0.245
147292,0.06
147293,0.21
147294,0.51
147295,0.18
147296,0.05
147297,0.36
147298,0.155
147299,0.485
147300,0.455
147301,0.315
147302,0.47
147303,0.045
147304,0.405
147305,0.145
147306,0.27
147307,0.385
147308,0.355
147309,0.39
147310,0.065
147311,0.55
147312,0.0
147313,0.175
147314,0.195
147315,0.61
147316,0.755
147317,0.035
147318,0.845
147319,0.495
147320,0.02
147321,0.2
147322,0.14
147323,0.225
147324,0.27
147325,0.01
147326,0.17
147327,0.03
147328,0.05
147329,0.545
147330,0.115
147331,0.865
147332,0.135
147333,0.06
147334,0.575
147335,0.12
147336,0.065
147337,0.225
147338,0.41
147339,0.115
147340,0.615
147341,0.01
147342,0.125
147343,0.545
147344,0.07
147345,0.24
147346,0.09
147347,0.535
147348,0.31
147349,0.195
147350,0.5
147351,0.095
147352,0.045
147353,0.565
147354,0.16
147355,0.115
147356,0.05
147357,0.045
147358,0.135
147359,0.545
147360,0.135
147361,0.53
147362,0.17
147363,0.075
147364,0.05
147365,0.145
147366,0.155
147367,0.545
147368,0.585
147369,0.115
147370,0.305
147371,0.7
147372,0.43
147373,0.34
147374,0.115
147375,0.085
147376,0.135
147377,0.03
147378,0.055
147379,0.02
147380,0.2
147381,0.045
147382,0.3
147383,0.015
147384,0.04
147385,0.36
147386,0.835
147387,0.1
147388,0.045
147389,0.28
147390,0.07
147391,0.035
147392,0.45
147393,0.685
147394,0.17
147395,0.005
147396,0.045
147397,0.105
147398,0.46
147399,0.16
147400,0.03
147401,0.115
147402,0.165
147403,0.375
147404,0.0
147405,0.44
147406,0.055
147407,0.02
147408,0.41
147409,0.14
147410,0.185
147411,0.035
147412,0.115
147413,0.145
147414,0.34
147415,0.315
147416,0.33
147417,0.63
147418,0.12
147419,0.375
147420,0.185
147421,0.645
147422,0.125
147423,0.09
147424,0.195
147425,0.28
147426,0.685
147427,0.305
147428,0.085
147429,0.29
147430,0.16
147431,0.085
147432,0.06
147433,0.12
147434,0.58
147435,0.18
147436,0.25
147437,0.11
147438,0.73
147439,0.785
147440,0.02
147441,0.25
147442,0.02
147443,0.45
147444,0.215
147445,0.415
147446,0.12
147447,0.055
147448,0.2
147449,0.15
147450,0.15
147451,0.15
147452,0.195
147453,0.085
147454,0.15
147455,0.24
147456,0.325
147457,0.065
147458,0.06
147459,0.47
147460,0.905
147461,0.455
147462,0.645
147463,0.075
147464,0.515
147465,0.04
147466,0.305
147467,0.22
147468,0.04
147469,0.09
147470,0.1
147471,0.37
147472,0.1
147473,0.085
147474,0.07
147475,0.035
147476,0.085
147477,0.24
147478,0.12
147479,0.015
147480,0.17
147481,0.15
147482,0.795
147483,0.085
147484,0.225
147485,0.08
147486,0.235
147487,0.025
147488,0.12
147489,0.38
147490,0.015
147491,0.25
147492,0.075
147493,0.45
147494,0.405
147495,0.165
147496,0.12
147497,0.475
147498,0.22
147499,0.125
147500,0.48
147501,0.055
147502,0.025
147503,0.19
147504,0.415
147505,0.36
147506,0.06
147507,0.11
147508,0.18
147509,0.275
147510,0.595
147511,0.165
147512,0.015
147513,0.165
147514,0.295
147515,0.28
147516,0.025
147517,0.05
147518,0.23
147519,0.175
147520,0.195
147521,0.085
147522,0.1
147523,0.015
147524,0.285
147525,0.14
147526,0.02
147527,0.08
147528,0.03
147529,0.36
147530,0.05
147531,0.03
147532,0.185
147533,0.535
147534,0.095
147535,0.105
147536,0.125
147537,0.1
147538,0.01
147539,0.735
147540,0.03
147541,0.245
147542,0.08
147543,0.045
147544,0.04
147545,0.46
147546,0.36
147547,0.105
147548,0.09
147549,0.205
147550,0.095
147551,0.69
147552,0.375
147553,0.055
147554,0.235
147555,0.105
147556,0.185
147557,0.125
147558,0.15
147559,0.45
147560,0.145
147561,0.045
147562,0.125
147563,0.055
147564,0.185
147565,0.265
147566,0.07
147567,0.005
147568,0.06
147569,0.17
147570,0.32
147571,0.19
147572,0.975
147573,0.23
147574,0.135
147575,0.015
147576,0.015
147577,0.255
147578,0.27
147579,0.555
147580,0.11
147581,0.04
147582,0.1
147583,0.015
147584,0.93
147585,0.29
147586,0.595
147587,0.165
147588,0.64
147589,0.18
147590,0.055
147591,0.03
147592,0.205
147593,0.07
147594,0.18
147595,0.405
147596,0.175
147597,0.325
147598,0.15
147599,0.405
147600,0.125
147601,0.74
147602,0.62
147603,0.14
147604,0.74
147605,0.115
147606,0.05
147607,0.02
147608,0.45
147609,0.31
147610,0.205
147611,0.09
147612,0.11
147613,0.08
147614,0.25
147615,0.03
147616,0.1
147617,0.18
147618,0.295
147619,0.29
147620,0.2
147621,0.035
147622,0.13
147623,0.03
147624,0.125
147625,0.065
147626,0.7
147627,0.285
147628,0.66
147629,0.11
147630,0.03
147631,0.175
147632,0.05
147633,0.43
147634,0.06
147635,0.34
147636,0.145
147637,0.08
147638,0.07
147639,0.215
147640,0.14
147641,0.04
147642,0.17
147643,0.03
147644,0.085
147645,0.15
147646,0.055
147647,0.025
147648,0.11
147649,0.14
147650,0.635
147651,0.085
147652,0.205
147653,0.105
147654,0.06
147655,0.33
147656,0.475
147657,0.075
147658,0.515
147659,0.245
147660,0.075
147661,0.16
147662,0.42
147663,0.045
147664,0.29
147665,0.08
147666,0.19
147667,0.09
147668,0.07
147669,0.23
147670,0.025
147671,0.42
147672,0.085
147673,0.13
147674,0.09
147675,0.01
147676,0.475
147677,0.22
147678,0.15
147679,0.145
147680,0.66
147681,0.16
147682,0.47
147683,0.1
147684,0.445
147685,0.005
147686,0.215
147687,0.17
147688,0.65
147689,0.065
147690,0.3
147691,0.025
147692,0.665
147693,0.515
147694,0.185
147695,0.2
147696,0.08
147697,0.145
147698,0.305
147699,0.305
147700,0.05
147701,0.29
147702,0.14
147703,0.225
147704,0.165
147705,0.05
147706,0.235
147707,0.295
147708,0.05
147709,0.135
147710,0.03
147711,0.05
147712,0.24
147713,0.08
147714,0.235
147715,0.47
147716,0.335
147717,0.12
147718,0.635
147719,0.205
147720,0.05
147721,0.13
147722,0.12
147723,0.29
147724,0.2
147725,0.08
147726,0.145
147727,0.93
147728,0.515
147729,0.265
147730,0.195
147731,0.05
147732,0.025
147733,0.595
147734,0.05
147735,0.67
147736,0.035
147737,0.145
147738,0.915
147739,0.03
147740,0.135
147741,0.135
147742,0.015
147743,0.245
147744,0.42
147745,0.395
147746,0.045
147747,0.105
147748,0.035
147749,0.07
147750,0.03
147751,0.39
147752,0.095
147753,0.835
147754,0.205
147755,0.625
147756,0.095
147757,0.695
147758,0.25
147759,0.27
147760,0.41
147761,0.035
147762,0.09
147763,0.065
147764,0.195
147765,0.045
147766,0.725
147767,0.065
147768,0.39
147769,0.17
147770,0.015
147771,0.245
147772,0.185
147773,0.065
147774,0.18
147775,0.24
147776,0.0
147777,0.075
147778,0.02
147779,0.05
147780,0.025
147781,0.06
147782,0.08
147783,0.475
147784,0.705
147785,0.15
147786,0.11
147787,0.09
147788,0.88
147789,0.01
147790,0.63
147791,0.1
147792,0.12
147793,0.185
147794,0.095
147795,0.605
147796,0.075
147797,0.18
147798,0.035
147799,0.025
147800,0.2
147801,0.23
147802,0.075
147803,0.185
147804,0.135
147805,0.08
147806,0.015
147807,0.175
147808,0.03
147809,0.125
147810,0.215
147811,0.22
147812,0.015
147813,0.165
147814,0.07
147815,0.145
147816,0.22
147817,0.07
147818,0.53
147819,0.615
147820,0.03
147821,0.025
147822,0.315
147823,0.175
147824,0.06
147825,0.02
147826,0.72
147827,0.085
147828,0.6
147829,0.67
147830,0.275
147831,0.3
147832,0.06
147833,0.145
147834,0.155
147835,0.09
147836,0.26
147837,0.445
147838,0.15
147839,0.37
147840,0.39
147841,0.145
147842,0.825
147843,0.185
147844,0.01
147845,0.275
147846,0.095
147847,0.26
147848,0.385
147849,0.215
147850,0.08
147851,0.06
147852,0.04
147853,0.85
147854,0.085
147855,0.065
147856,0.22
147857,0.215
147858,0.67
147859,0.545
147860,0.355
147861,0.085
147862,0.45
147863,0.55
147864,0.45
147865,0.35
147866,0.08
147867,0.02
147868,0.035
147869,0.185
147870,0.42
147871,0.105
147872,0.095
147873,0.135
147874,0.335
147875,0.14
147876,0.635
147877,0.225
147878,0.66
147879,0.09
147880,0.245
147881,0.09
147882,0.17
147883,0.14
147884,0.69
147885,0.09
147886,0.34
147887,0.79
147888,0.695
147889,0.085
147890,0.07
147891,0.3
147892,0.035
147893,0.005
147894,0.085
147895,0.11
147896,0.395
147897,0.345
147898,0.485
147899,0.065
147900,0.245
147901,0.675
147902,0.05
147903,0.505
147904,0.13
147905,0.015
147906,0.095
147907,0.105
147908,0.1
147909,0.45
147910,0.755
147911,0.27
147912,0.045
147913,0.32
147914,0.355
147915,0.23
147916,0.51
147917,0.075
147918,0.285
147919,0.08
147920,0.01
147921,0.595
147922,0.215
147923,0.055
147924,0.06
147925,0.1
147926,0.24
147927,0.2
147928,0.205
147929,0.02
147930,0.07
147931,0.115
147932,0.69
147933,0.295
147934,0.075
147935,0.165
147936,0.06
147937,0.32
147938,0.205
147939,0.225
147940,0.01
147941,0.565
147942,0.095
147943,0.14
147944,0.075
147945,0.12
147946,0.02
147947,0.09
147948,0.095
147949,0.09
147950,0.08
147951,0.115
147952,0.54
147953,0.035
147954,0.525
147955,0.12
147956,0.55
147957,0.185
147958,0.395
147959,0.265
147960,0.155
147961,0.865
147962,0.62
147963,0.315
147964,0.88
147965,0.165
147966,0.385
147967,0.14
147968,0.1
147969,0.23
147970,0.03
147971,0.1
147972,0.09
147973,0.195
147974,0.51
147975,0.1
147976,0.4
147977,0.07
147978,0.03
147979,0.04
147980,0.24
147981,0.775
147982,0.06
147983,0.0
147984,0.665
147985,0.27
147986,0.09
147987,0.125
147988,0.16
147989,0.165
147990,0.15
147991,0.565
147992,0.145
147993,0.06
147994,0.15
147995,0.105
147996,0.74
147997,0.14
147998,0.42
147999,0.475
148000,0.05
148001,0.66
148002,0.25
148003,0.115
148004,0.065
148005,0.035
148006,0.575
148007,0.145
148008,0.175
148009,0.04
148010,0.11
148011,0.135
148012,0.03
148013,0.055
148014,0.315
148015,0.065
148016,0.085
148017,0.46
148018,0.395
148019,0.055
148020,0.01
148021,0.03
148022,0.755
148023,0.1
148024,0.155
148025,0.08
148026,0.59
148027,0.07
148028,0.13
148029,0.075
148030,0.08
148031,0.035
148032,0.12
148033,0.42
148034,0.17
148035,0.09
148036,0.13
148037,0.155
148038,0.08
148039,0.095
148040,0.05
148041,0.21
148042,0.12
148043,0.155
148044,0.41
148045,0.155
148046,0.385
148047,0.05
148048,0.02
148049,0.235
148050,0.09
148051,0.01
148052,0.31
148053,0.61
148054,0.865
148055,0.41
148056,0.505
148057,0.115
148058,0.2
148059,0.295
148060,0.105
148061,0.395
148062,0.04
148063,0.06
148064,0.14
148065,0.605
148066,0.105
148067,0.08
148068,0.455
148069,0.155
148070,0.015
148071,0.065
148072,0.5
148073,0.065
148074,0.605
148075,0.065
148076,0.315
148077,0.085
148078,0.685
148079,0.03
148080,0.025
148081,0.15
148082,0.185
148083,0.6
148084,0.05
148085,0.27
148086,0.305
148087,0.08
148088,0.32
148089,0.325
148090,0.24
148091,0.055
148092,0.925
148093,0.19
148094,0.29
148095,0.295
148096,0.045
148097,0.0
148098,0.105
148099,0.84
148100,0.16
148101,0.145
148102,0.31
148103,0.1
148104,0.085
148105,0.835
148106,0.025
148107,0.35
148108,0.055
148109,0.16
148110,0.0
148111,0.315
148112,0.255
148113,0.075
148114,0.12
148115,0.09
148116,0.64
148117,0.185
148118,0.31
148119,0.105
148120,0.095
148121,0.03
148122,0.015
148123,0.115
148124,0.1
148125,0.22
148126,0.235
148127,0.16
148128,0.075
148129,0.44
148130,0.01
148131,0.095
148132,0.305
148133,0.78
148134,0.555
148135,0.125
148136,0.07
148137,0.085
148138,0.005
148139,0.035
148140,0.12
148141,0.345
148142,0.175
148143,0.92
148144,0.31
148145,0.14
148146,0.05
148147,0.555
148148,0.165
148149,0.295
148150,0.285
148151,0.17
148152,0.11
148153,0.47
148154,0.095
148155,0.305
148156,0.645
148157,0.24
148158,0.37
148159,0.31
148160,0.23
148161,0.595
148162,0.015
148163,0.035
148164,0.28
148165,0.08
148166,0.71
148167,0.68
148168,0.635
148169,0.125
148170,0.055
148171,0.045
148172,0.3
148173,0.175
148174,0.355
148175,0.085
148176,0.01
148177,0.505
148178,0.235
148179,0.285
148180,0.02
148181,0.56
148182,0.17
148183,0.075
148184,0.445
148185,0.03
148186,0.1
148187,0.365
148188,0.485
148189,0.12
148190,0.115
148191,0.07
148192,0.41
148193,0.025
148194,0.21
148195,0.09
148196,0.185
148197,0.635
148198,0.49
148199,0.385
148200,0.0
148201,0.045
148202,0.195
148203,0.135
148204,0.175
148205,0.235
148206,0.15
148207,0.03
148208,0.205
148209,0.135
148210,0.105
148211,0.09
148212,0.065
148213,0.05
148214,0.115
148215,0.025
148216,0.17
148217,0.2
148218,0.02
148219,0.06
148220,0.165
148221,0.05
148222,0.69
148223,0.135
148224,0.175
148225,0.06
148226,0.635
148227,0.09
148228,0.27
148229,0.41
148230,0.0
148231,0.755
148232,0.03
148233,0.02
148234,0.06
148235,0.145
148236,0.38
148237,0.705
148238,0.085
148239,0.5
148240,0.135
148241,0.28
148242,0.54
148243,0.435
148244,0.875
148245,0.4
148246,0.005
148247,0.16
148248,0.095
148249,0.0
148250,0.03
148251,0.68
148252,0.63
148253,0.2
148254,0.135
148255,0.115
148256,0.4
148257,0.065
148258,0.205
148259,0.265
148260,0.035
148261,0.125
148262,0.335
148263,0.025
148264,0.22
148265,0.86
148266,0.625
148267,0.125
148268,0.775
148269,0.045
148270,0.25
148271,0.265
148272,0.055
148273,0.085
148274,0.15
148275,0.175
148276,0.91
148277,0.055
148278,0.88
148279,0.94
148280,0.545
148281,0.625
148282,0.175
148283,0.22
148284,0.12
148285,0.105
148286,0.105
148287,0.185
148288,0.045
148289,0.065
148290,0.08
148291,0.145
148292,0.07
148293,0.27
148294,0.14
148295,0.275
148296,0.385
148297,0.275
148298,0.295
148299,0.2
148300,0.06
148301,0.11
148302,0.035
148303,0.105
148304,0.29
148305,0.14
148306,0.065
148307,0.07
148308,0.05
148309,0.38
148310,0.045
148311,0.915
148312,0.05
148313,0.245
148314,0.155
148315,0.0
148316,0.0
148317,0.065
148318,0.7
148319,0.585
148320,0.115
148321,0.02
148322,0.14
148323,0.045
148324,0.07
148325,0.11
148326,0.03
148327,0.28
148328,0.15
148329,0.04
148330,0.335
148331,0.025
148332,0.09
148333,0.085
148334,0.045
148335,0.265
148336,0.47
148337,0.18
148338,0.225
148339,0.33
148340,0.085
148341,0.06
148342,0.05
148343,0.55
148344,0.205
148345,0.03
148346,0.275
148347,0.245
148348,0.26
148349,0.03
148350,0.185
148351,0.125
148352,0.16
148353,0.025
148354,0.045
148355,0.11
148356,0.265
148357,0.26
148358,0.915
148359,0.225
148360,0.095
148361,0.2
148362,0.23
148363,0.075
148364,0.515
148365,0.035
148366,0.175
148367,0.175
148368,0.12
148369,0.83
148370,0.59
148371,0.21
148372,0.06
148373,0.03
148374,0.11
148375,0.175
148376,0.44
148377,0.025
148378,0.18
148379,0.32
148380,0.275
148381,0.28
148382,0.06
148383,0.515
148384,0.46
148385,0.025
148386,0.83
148387,0.17
148388,0.07
148389,0.07
148390,0.08
148391,0.35
148392,0.025
148393,0.095
148394,0.185
148395,0.16
148396,0.205
148397,0.19
148398,0.065
148399,0.145
148400,0.175
148401,0.035
148402,0.025
148403,0.0
148404,0.165
148405,0.085
148406,0.05
148407,0.18
148408,0.02
148409,0.42
148410,0.07
148411,0.11
148412,0.17
148413,0.055
148414,0.86
148415,0.25
148416,0.02
148417,0.05
148418,0.075
148419,0.13
148420,0.18
148421,0.41
148422,0.26
148423,0.195
148424,0.035
148425,0.02
148426,0.42
148427,0.12
148428,0.16
148429,0.305
148430,0.155
148431,0.41
148432,0.125
148433,0.02
148434,0.02
148435,0.34
148436,0.05
148437,0.58
148438,0.11
148439,0.055
148440,0.63
148441,0.125
148442,0.07
148443,0.115
148444,0.54
148445,0.31
148446,0.26
148447,0.05
148448,0.21
148449,0.025
148450,0.205
148451,0.02
148452,0.48
148453,0.25
148454,0.015
148455,0.0
148456,0.08
148457,0.34
148458,0.085
148459,0.155
148460,0.025
148461,0.07
148462,0.105
148463,0.005
148464,0.05
148465,0.075
148466,0.35
148467,0.59
148468,0.045
148469,0.04
148470,0.17
148471,0.16
148472,0.12
148473,0.09
148474,0.15
148475,0.275
148476,0.255
148477,0.465
148478,0.11
148479,0.285
148480,0.25
148481,0.765
148482,0.09
148483,0.11
148484,0.2
148485,0.015
148486,0.505
148487,0.125
148488,0.33
148489,0.515
148490,0.075
148491,0.0
148492,0.635
148493,0.17
148494,0.2
148495,0.09
148496,0.65
148497,0.405
148498,0.61
148499,0.365
148500,0.725
148501,0.02
148502,0.55
148503,0.095
148504,0.615
148505,0.09
148506,0.255
148507,0.485
148508,0.165
148509,0.005
148510,0.045
148511,0.0
148512,0.08
148513,0.15
148514,0.22
148515,0.195
148516,0.02
148517,0.36
148518,0.025
148519,0.165
148520,0.12
148521,0.605
148522,0.155
148523,0.12
148524,0.305
148525,0.01
148526,0.085
148527,0.125
148528,0.735
148529,0.325
148530,0.105
148531,0.225
148532,0.015
148533,0.18
148534,0.045
148535,0.015
148536,0.255
148537,0.145
148538,0.75
148539,0.115
148540,0.15
148541,0.285
148542,0.06
148543,0.255
148544,0.7
148545,0.185
148546,0.645
148547,0.36
148548,0.71
148549,0.335
148550,0.415
148551,0.105
148552,0.02
148553,0.03
148554,0.065
148555,0.055
148556,0.27
148557,0.025
148558,0.29
148559,0.015
148560,0.01
148561,0.865
148562,0.26
148563,0.08
148564,0.155
148565,0.105
148566,0.6
148567,0.045
148568,0.415
148569,0.145
148570,0.35
148571,0.53
148572,0.11
148573,0.095
148574,0.105
148575,0.45
148576,0.12
148577,0.425
148578,0.19
148579,0.005
148580,0.155
148581,0.315
148582,0.14
148583,0.72
148584,0.195
148585,0.195
148586,0.28
148587,0.035
148588,0.065
148589,0.195
148590,0.045
148591,0.135
148592,0.11
148593,0.125
148594,0.4
148595,0.155
148596,0.475
148597,0.77
148598,0.51
148599,0.18
148600,0.09
148601,0.075
148602,0.1
148603,0.615
148604,0.135
148605,0.19
148606,0.175
148607,0.255
148608,0.19
148609,0.07
148610,0.245
148611,0.36
148612,0.125
148613,0.26
148614,0.395
148615,0.04
148616,0.085
148617,0.08
148618,0.135
148619,0.1
148620,0.395
148621,0.81
148622,0.175
148623,0.145
148624,0.04
148625,0.585
148626,0.09
148627,0.24
148628,0.085
148629,0.185
148630,0.04
148631,0.285
148632,0.07
148633,0.165
148634,0.02
148635,0.15
148636,0.005
148637,0.055
148638,0.045
148639,0.79
148640,0.01
148641,0.11
148642,0.125
148643,0.47
148644,0.72
148645,0.07
148646,0.325
148647,0.325
148648,0.765
148649,0.145
148650,0.28
148651,0.015
148652,0.0
148653,0.07
148654,0.9
148655,0.57
148656,0.09
148657,0.05
148658,0.045
148659,0.165
148660,0.04
148661,0.205
148662,0.45
148663,0.165
148664,0.135
148665,0.445
148666,0.35
148667,0.315
148668,0.46
148669,0.2
148670,0.22
148671,0.27
148672,0.15
148673,0.225
148674,0.495
148675,0.115
148676,0.18
148677,0.325
148678,0.06
148679,0.145
148680,0.44
148681,0.085
148682,0.07
148683,0.02
148684,0.16
148685,0.125
148686,0.35
148687,0.595
148688,0.1
148689,0.05
148690,0.23
148691,0.145
148692,0.085
148693,0.115
148694,0.08
148695,0.055
148696,0.075
148697,0.195
148698,0.035
148699,0.27
148700,0.115
148701,0.015
148702,0.61
148703,0.19
148704,0.065
148705,0.18
148706,0.19
148707,0.49
148708,0.08
148709,0.165
148710,0.02
148711,0.125
148712,0.13
148713,0.445
148714,0.08
148715,0.1
148716,0.195
148717,0.085
148718,0.17
148719,0.12
148720,0.24
148721,0.08
148722,0.875
148723,0.18
148724,0.88
148725,0.2
148726,0.315
148727,0.195
148728,0.165
148729,0.705
148730,0.08
148731,0.145
148732,0.06
148733,0.08
148734,0.12
148735,0.33
148736,0.075
148737,0.075
148738,0.065
148739,0.24
148740,0.215
148741,0.035
148742,0.525
148743,0.415
148744,0.25
148745,0.48
148746,0.45
148747,0.09
148748,0.05
148749,0.1
148750,0.885
148751,0.155
148752,0.305
148753,0.59
148754,0.115
148755,0.45
148756,0.245
148757,0.19
148758,0.11
148759,0.045
148760,0.04
148761,0.69
148762,0.105
148763,0.15
148764,0.14
148765,0.135
148766,0.42
148767,0.255
148768,0.04
148769,0.33
148770,0.135
148771,0.29
148772,0.08
148773,0.245
148774,0.625
148775,0.02
148776,0.025
148777,0.5
148778,0.085
148779,0.225
148780,0.21
148781,0.515
148782,0.01
148783,0.075
148784,0.67
148785,0.12
148786,0.11
148787,0.105
148788,0.12
148789,0.065
148790,0.54
148791,0.53
148792,0.28
148793,0.03
148794,0.44
148795,0.025
148796,0.015
148797,0.255
148798,0.445
148799,0.05
148800,0.185
148801,0.15
148802,0.02
148803,0.07
148804,0.165
148805,0.07
148806,0.35
148807,0.085
148808,0.34
148809,0.01
148810,0.18
148811,0.17
148812,0.06
148813,0.07
148814,0.045
148815,0.26
148816,0.01
148817,0.975
148818,0.045
148819,0.245
148820,0.21
148821,0.185
148822,0.505
148823,0.165
148824,0.365
148825,0.56
148826,0.24
148827,0.09
148828,0.535
148829,0.175
148830,0.035
148831,0.275
148832,0.795
148833,0.28
148834,0.09
148835,0.175
148836,0.15
148837,0.125
148838,0.51
148839,0.24
148840,0.12
148841,0.315
148842,0.03
148843,0.06
148844,0.04
148845,0.31
148846,0.315
148847,0.05
148848,0.14
148849,0.32
148850,0.01
148851,0.255
148852,0.515
148853,0.015
148854,0.21
148855,0.495
148856,0.095
148857,0.08
148858,0.265
148859,0.22
148860,0.045
148861,0.01
148862,0.11
148863,0.075
148864,0.26
148865,0.5
148866,0.2
148867,0.05
148868,0.48
148869,0.08
148870,0.09
148871,0.29
148872,0.275
148873,0.24
148874,0.27
148875,0.15
148876,0.06
148877,0.005
148878,0.19
148879,0.055
148880,0.05
148881,0.085
148882,0.075
148883,0.215
148884,0.225
148885,0.15
148886,0.07
148887,0.07
148888,0.06
148889,0.035
148890,0.055
148891,0.09
148892,0.19
148893,0.68
148894,0.025
148895,0.12
148896,0.03
148897,0.075
148898,0.13
148899,0.08
148900,0.03
148901,0.065
148902,0.175
148903,0.405
148904,0.175
148905,0.46
148906,0.18
148907,0.275
148908,0.1
148909,0.27
148910,0.025
148911,0.46
148912,0.03
148913,0.165
148914,0.555
148915,0.755
148916,0.455
148917,0.9
148918,0.135
148919,0.03
148920,0.18
148921,0.155
148922,0.28
148923,0.11
148924,0.045
148925,0.02
148926,0.55
148927,0.025
148928,0.065
148929,0.025
148930,0.15
148931,0.19
148932,0.055
148933,0.25
148934,0.16
148935,0.12
148936,0.235
148937,0.56
148938,0.52
148939,0.795
148940,0.06
148941,0.01
148942,0.36
148943,0.17
148944,0.6
148945,0.025
148946,0.03
148947,0.235
148948,0.155
148949,0.05
148950,0.715
148951,0.15
148952,0.11
148953,0.145
148954,0.125
148955,0.21
148956,0.01
148957,0.2
148958,0.025
148959,0.25
148960,0.305
148961,0.165
148962,0.19
148963,0.325
148964,0.25
148965,0.215
148966,0.285
148967,0.11
148968,0.23
148969,0.21
148970,0.235
148971,0.3
148972,0.19
148973,0.175
148974,0.045
148975,0.11
148976,0.0
148977,0.025
148978,0.205
148979,0.075
148980,0.34
148981,0.005
148982,0.755
148983,0.155
148984,0.625
148985,0.325
148986,0.805
148987,0.06
148988,0.495
148989,0.085
148990,0.315
148991,0.125
148992,0.025
148993,0.235
148994,0.225
148995,0.8
148996,0.07
148997,0.055
148998,0.085
148999,0.26
149000,0.145
149001,0.15
149002,0.77
149003,0.145
149004,0.105
149005,0.84
149006,0.095
149007,0.725
149008,0.04
149009,0.64
149010,0.15
149011,0.015
149012,0.295
149013,0.135
149014,0.855
149015,0.045
149016,0.12
149017,0.2
149018,0.055
149019,0.115
149020,0.07
149021,0.065
149022,0.015
149023,0.08
149024,0.195
149025,0.055
149026,0.375
149027,0.04
149028,0.325
149029,0.6
149030,0.345
149031,0.045
149032,0.165
149033,0.285
149034,0.04
149035,0.235
149036,0.18
149037,0.19
149038,0.72
149039,0.065
149040,0.125
149041,0.05
149042,0.25
149043,0.255
149044,0.08
149045,0.09
149046,0.465
149047,0.145
149048,0.105
149049,0.26
149050,0.015
149051,0.335
149052,0.255
149053,0.11
149054,0.24
149055,0.44
149056,0.13
149057,0.455
149058,0.23
149059,0.48
149060,0.13
149061,0.195
149062,0.345
149063,0.045
149064,0.63
149065,0.175
149066,0.035
149067,0.15
149068,0.165
149069,0.12
149070,0.54
149071,0.005
149072,0.24
149073,0.03
149074,0.165
149075,0.1
149076,0.125
149077,0.01
149078,0.23
149079,0.235
149080,0.34
149081,0.18
149082,0.155
149083,0.195
149084,0.06
149085,0.325
149086,0.23
149087,0.07
149088,0.675
149089,0.38
149090,0.07
149091,0.165
149092,0.09
149093,0.435
149094,0.24
149095,0.0
149096,0.09
149097,0.165
149098,0.015
149099,0.03
149100,0.26
149101,0.055
149102,0.4
149103,0.105
149104,0.235
149105,0.6
149106,0.045
149107,0.175
149108,0.63
149109,0.27
149110,0.075
149111,0.19
149112,0.5
149113,0.045
149114,0.08
149115,0.285
149116,0.18
149117,0.38
149118,0.075
149119,0.37
149120,0.065
149121,0.135
149122,0.105
149123,0.025
149124,0.07
149125,0.085
149126,0.05
149127,0.65
149128,0.255
149129,0.07
149130,0.745
149131,0.06
149132,0.075
149133,0.19
149134,0.045
149135,0.325
149136,0.4
149137,0.03
149138,0.015
149139,0.045
149140,0.735
149141,0.2
149142,0.73
149143,0.16
149144,0.635
149145,0.2
149146,0.095
149147,0.135
149148,0.02
149149,0.04
149150,0.325
149151,0.455
149152,0.075
149153,0.05
149154,0.78
149155,0.13
149156,0.32
149157,0.86
149158,0.62
149159,0.19
149160,0.055
149161,0.105
149162,0.085
149163,0.08
149164,0.92
149165,0.045
149166,0.055
149167,0.86
149168,0.695
149169,0.055
149170,0.16
149171,0.16
149172,0.04
149173,0.055
149174,0.29
149175,0.045
149176,0.075
149177,0.05
149178,0.075
149179,0.12
149180,0.34
149181,0.06
149182,0.11
149183,0.0
149184,0.115
149185,0.15
149186,0.135
149187,0.06
149188,0.305
149189,0.02
149190,0.265
149191,0.59
149192,0.12
149193,0.165
149194,0.005
149195,0.205
149196,0.35
149197,0.27
149198,0.22
149199,0.255
149200,0.085
149201,0.115
149202,0.185
149203,0.1
149204,0.245
149205,0.72
149206,0.22
149207,0.05
149208,0.125
149209,0.42
149210,0.195
149211,0.085
149212,0.105
149213,0.345
149214,0.195
149215,0.015
149216,0.265
149217,0.305
149218,0.03
149219,0.09
149220,0.375
149221,0.13
149222,0.28
149223,0.01
149224,0.1
149225,0.055
149226,0.055
149227,0.16
149228,0.39
149229,0.155
149230,0.36
149231,0.085
149232,0.81
149233,0.345
149234,0.705
149235,0.18
149236,0.035
149237,0.21
149238,0.12
149239,0.78
149240,0.06
149241,0.83
149242,0.155
149243,0.405
149244,0.14
149245,0.65
149246,0.155
149247,0.22
149248,0.595
149249,0.125
149250,0.63
149251,0.65
149252,0.315
149253,0.03
149254,0.07
149255,0.0
149256,0.025
149257,0.085
149258,0.295
149259,0.305
149260,0.06
149261,0.73
149262,0.205
149263,0.03
149264,0.665
149265,0.005
149266,0.425
149267,0.085
149268,0.295
149269,0.11
149270,0.835
149271,0.325
149272,0.11
149273,0.08
149274,0.245
149275,0.075
149276,0.115
149277,0.095
149278,0.56
149279,0.68
149280,0.435
149281,0.105
149282,0.095
149283,0.075
149284,0.0
149285,0.01
149286,0.205
149287,0.885
149288,0.055
149289,0.12
149290,0.215
149291,0.535
149292,0.23
149293,0.265
149294,0.29
149295,0.62
149296,0.045
149297,0.7
149298,0.075
149299,0.095
149300,0.305
149301,0.08
149302,0.1
149303,0.04
149304,0.045
149305,0.06
149306,0.075
149307,0.155
149308,0.02
149309,0.045
149310,0.715
149311,0.045
149312,0.235
149313,0.695
149314,0.795
149315,0.095
149316,0.405
149317,0.245
149318,0.47
149319,0.11
149320,0.06
149321,0.07
149322,0.445
149323,0.11
149324,0.25
149325,0.155
149326,0.03
149327,0.69
149328,0.215
149329,0.07
149330,0.635
149331,0.2
149332,0.03
149333,0.16
149334,0.18
149335,0.24
149336,0.105
149337,0.72
149338,0.005
149339,0.035
149340,0.005
149341,0.645
149342,0.135
149343,0.335
149344,0.125
149345,0.18
149346,0.225
149347,0.275
149348,0.575
149349,0.15
149350,0.06
149351,0.06
149352,0.165
149353,0.45
149354,0.16
149355,0.15
149356,0.15
149357,0.13
149358,0.32
149359,0.54
149360,0.02
149361,0.045
149362,0.04
149363,0.165
149364,0.32
149365,0.315
149366,0.2
149367,0.03
149368,0.16
149369,0.05
149370,0.385
149371,0.1
149372,0.345
149373,0.13
149374,0.01
149375,0.265
149376,0.05
149377,0.015
149378,0.655
149379,0.25
149380,0.04
149381,0.175
149382,0.0
149383,0.11
149384,0.055
149385,0.05
149386,0.135
149387,0.43
149388,0.385
149389,0.005
149390,0.095
149391,0.22
149392,0.01
149393,0.295
149394,0.22
149395,0.1
149396,0.13
149397,0.245
149398,0.085
149399,0.335
149400,0.53
149401,0.095
149402,0.39
149403,0.175
149404,0.73
149405,0.365
149406,0.055
149407,0.015
149408,0.115
149409,0.005
149410,0.205
149411,0.265
149412,0.05
149413,0.62
149414,0.07
149415,0.1
149416,0.235
149417,0.27
149418,0.145
149419,0.055
149420,0.21
149421,0.46
149422,0.32
149423,0.245
149424,0.215
149425,0.495
149426,0.18
149427,0.505
149428,0.095
149429,0.065
149430,0.125
149431,0.33
149432,0.52
149433,0.285
149434,0.165
149435,0.075
149436,0.735
149437,0.53
149438,0.245
149439,0.215
149440,0.255
149441,0.525
149442,0.025
149443,0.41
149444,0.25
149445,0.715
149446,0.02
149447,0.155
149448,0.605
149449,0.06
149450,0.145
149451,0.0
149452,0.105
149453,0.225
149454,0.065
149455,0.03
149456,0.095
149457,0.095
149458,0.28
149459,0.16
149460,0.22
149461,0.385
149462,0.02
149463,0.115
149464,0.65
149465,0.26
149466,0.1
149467,0.025
149468,0.195
149469,0.155
149470,0.01
149471,0.065
149472,0.635
149473,0.19
149474,0.405
149475,0.64
149476,0.06
149477,0.88
149478,0.915
149479,0.1
149480,0.03
149481,0.03
149482,0.565
149483,0.055
149484,0.66
149485,0.165
149486,0.61
149487,0.795
149488,0.1
149489,0.205
149490,0.515
149491,0.1
149492,0.345
149493,0.06
149494,0.0
149495,0.155
149496,0.565
149497,0.105
149498,0.13
149499,0.55
149500,0.01
149501,0.465
149502,0.04
149503,0.015
149504,0.04
149505,0.005
149506,0.205
149507,0.09
149508,0.085
149509,0.075
149510,0.475
149511,0.495
149512,0.08
149513,0.105
149514,0.03
149515,0.88
149516,0.715
149517,0.2
149518,0.15
149519,0.125
149520,0.545
149521,0.04
149522,0.01
149523,0.13
149524,0.19
149525,0.39
149526,0.455
149527,0.075
149528,0.165
149529,0.21
149530,0.24
149531,0.0
149532,0.055
149533,0.235
149534,0.36
149535,0.1
149536,0.72
149537,0.115
149538,0.305
149539,0.1
149540,0.01
149541,0.245
149542,0.35
149543,0.755
149544,0.12
149545,0.34
149546,0.1
149547,0.465
149548,0.215
149549,0.795
149550,0.3
149551,0.055
149552,0.145
149553,0.11
149554,0.0
149555,0.35
149556,0.33
149557,0.165
149558,0.185
149559,0.105
149560,0.595
149561,0.025
149562,0.125
149563,0.425
149564,0.085
149565,0.065
149566,0.045
149567,0.57
149568,0.14
149569,0.16
149570,0.0
149571,0.01
149572,0.065
149573,0.04
149574,0.165
149575,0.04
149576,0.125
149577,0.105
149578,0.2
149579,0.185
149580,0.025
149581,0.585
149582,0.025
149583,0.01
149584,0.16
149585,0.055
149586,0.09
149587,0.405
149588,0.275
149589,0.18
149590,0.17
149591,0.315
149592,0.085
149593,0.195
149594,0.11
149595,0.045
149596,0.08
149597,0.105
149598,0.065
149599,0.205
149600,0.235
149601,0.64
149602,0.27
149603,0.475
149604,0.09
149605,0.025
149606,0.055
149607,0.225
149608,0.075
149609,0.025
149610,0.02
149611,0.59
149612,0.3
149613,0.405
149614,0.265
149615,0.305
149616,0.11
149617,0.08
149618,0.185
149619,0.22
149620,0.16
149621,0.04
149622,0.865
149623,0.24
149624,0.575
149625,0.055
149626,0.885
149627,0.05
149628,0.28
149629,0.195
149630,0.1
149631,0.145
149632,0.045
149633,0.075
149634,0.03
149635,0.055
149636,0.165
149637,0.225
149638,0.06
149639,0.095
149640,0.105
149641,0.165
149642,0.095
149643,0.04
149644,0.205
149645,0.05
149646,0.34
149647,0.06
149648,0.155
149649,0.41
149650,0.05
149651,0.08
149652,0.055
149653,0.2
149654,0.005
149655,0.255
149656,0.285
149657,0.04
149658,0.175
149659,0.445
149660,0.19
149661,0.545
149662,0.13
149663,0.105
149664,0.03
149665,0.04
149666,0.31
149667,0.065
149668,0.02
149669,0.08
149670,0.065
149671,0.235
149672,0.505
149673,0.09
149674,0.235
149675,0.13
149676,0.055
149677,0.08
149678,0.02
149679,0.515
149680,0.08
149681,0.195
149682,0.185
149683,0.035
149684,0.045
149685,0.215
149686,0.05
149687,0.03
149688,0.05
149689,0.625
149690,0.155
149691,0.615
149692,0.28
149693,0.805
149694,0.33
149695,0.02
149696,0.035
149697,0.43
149698,0.4
149699,0.29
149700,0.415
149701,0.23
149702,0.69
149703,0.075
149704,0.075
149705,0.055
149706,0.87
149707,0.66
149708,0.06
149709,0.235
149710,0.105
149711,0.28
149712,0.03
149713,0.085
149714,0.085
149715,0.51
149716,0.825
149717,0.115
149718,0.65
149719,0.135
149720,0.175
149721,0.105
149722,0.165
149723,0.05
149724,0.06
149725,0.08
149726,0.09
149727,0.015
149728,0.455
149729,0.17
149730,0.14
149731,0.12
149732,0.21
149733,0.085
149734,0.14
149735,0.215
149736,0.16
149737,0.1
149738,0.06
149739,0.485
149740,0.375
149741,0.205
149742,0.305
149743,0.515
149744,0.19
149745,0.045
149746,0.02
149747,0.115
149748,0.235
149749,0.385
149750,0.14
149751,0.26
149752,0.07
149753,0.16
149754,0.525
149755,0.115
149756,0.045
149757,0.07
149758,0.17
149759,0.725
149760,0.03
149761,0.025
149762,0.42
149763,0.235
149764,0.085
149765,0.255
149766,0.115
149767,0.175
149768,0.095
149769,0.245
149770,0.19
149771,0.075
149772,0.84
149773,0.205
149774,0.405
149775,0.145
149776,0.02
149777,0.08
149778,0.325
149779,0.015
149780,0.14
149781,0.37
149782,0.05
149783,0.645
149784,0.83
149785,0.025
149786,0.19
149787,0.085
149788,0.13
149789,0.015
149790,0.035
149791,0.28
149792,0.64
149793,0.305
149794,0.055
149795,0.5
149796,0.05
149797,0.03
149798,0.23
149799,0.23
149800,0.075
149801,0.09
149802,0.025
149803,0.11
149804,0.235
149805,0.055
149806,0.335
149807,0.87
149808,0.075
149809,0.115
149810,0.095
149811,0.235
149812,0.25
149813,0.27
149814,0.515
149815,0.015
149816,0.48
149817,0.48
149818,0.14
149819,0.325
149820,0.14
149821,0.37
149822,0.1
149823,0.16
149824,0.125
149825,0.485
149826,0.03
149827,0.35
149828,0.14
149829,0.215
149830,0.185
149831,0.11
149832,0.11
149833,0.27
149834,0.08
149835,0.465
149836,0.245
149837,0.44
149838,0.08
149839,0.07
149840,0.835
149841,0.595
149842,0.145
149843,0.17
149844,0.1
149845,0.005
149846,0.135
149847,0.13
149848,0.055
149849,0.035
149850,0.06
149851,0.62
149852,0.56
149853,0.19
149854,0.585
149855,0.125
149856,0.05
149857,0.0
149858,0.145
149859,0.12
149860,0.41
149861,0.1
149862,0.175
149863,0.015
149864,0.065
149865,0.08
149866,0.67
149867,0.43
149868,0.155
149869,0.085
149870,0.47
149871,0.325
149872,0.365
149873,0.355
149874,0.11
149875,0.29
149876,0.755
149877,0.27
149878,0.105
149879,0.245
149880,0.22
149881,0.05
149882,0.19
149883,0.19
149884,0.23
149885,0.165
149886,0.295
149887,0.23
149888,0.08
149889,0.405
149890,0.015
149891,0.06
149892,0.095
149893,0.29
149894,0.095
149895,0.125
149896,0.755
149897,0.145
149898,0.11
149899,0.15
149900,0.42
149901,0.66
149902,0.13
149903,0.05
149904,0.9
149905,0.815
149906,0.48
149907,0.11
149908,0.635
149909,0.085
149910,0.79
149911,0.615
149912,0.815
149913,0.205
149914,0.44
149915,0.67
149916,0.315
149917,0.12
149918,0.135
149919,0.08
149920,0.315
149921,0.05
149922,0.125
149923,0.105
149924,0.21
149925,0.24
149926,0.665
149927,0.045
149928,0.13
149929,0.17
149930,0.0
149931,0.085
149932,0.085
149933,0.275
149934,0.14
149935,0.62
149936,0.48
149937,0.615
149938,0.37
149939,0.165
149940,0.475
149941,0.095
149942,0.515
149943,0.035
149944,0.045
149945,0.305
149946,0.025
149947,0.105
149948,0.03
149949,0.645
149950,0.085
149951,0.1
149952,0.465
149953,0.945
149954,0.315
149955,0.04
149956,0.075
149957,0.46
149958,0.05
149959,0.785
149960,0.48
149961,0.02
149962,0.045
149963,0.19
149964,0.71
149965,0.505
149966,0.285
149967,0.025
149968,0.015
149969,0.19
149970,0.185
149971,0.045
149972,0.06
149973,0.07
149974,0.3
149975,0.73
149976,0.395
149977,0.27
149978,0.7
149979,0.26
149980,0.105
149981,0.1
149982,0.215
149983,0.715
149984,0.095
149985,0.58
149986,0.175
149987,0.045
149988,0.375
149989,0.825
149990,0.32
149991,0.4
149992,0.195
149993,0.765
149994,0.045
149995,0.075
149996,0.115
149997,0.19
149998,0.29
149999,0.125
150000,0.765
150001,0.265
150002,0.395
150003,0.045
150004,0.17
150005,0.11
150006,0.15
150007,0.13
150008,0.12
150009,0.04
150010,0.595
150011,0.255
150012,0.18
150013,0.1
150014,0.35
150015,0.035
150016,0.145
150017,0.07
150018,0.655
150019,0.18
150020,0.17
150021,0.095
150022,0.415
150023,0.925
150024,0.1
150025,0.115
150026,0.015
150027,0.05
150028,0.455
150029,0.275
150030,0.11
150031,0.12
150032,0.15
150033,0.2
150034,0.635
150035,0.435
150036,0.16
150037,0.18
150038,0.61
150039,0.025
150040,0.1
150041,0.35
150042,0.145
150043,0.045
150044,0.205
150045,0.425
150046,0.03
150047,0.07
150048,0.495
150049,0.62
150050,0.31
150051,0.065
150052,0.315
150053,0.105
150054,0.015
150055,0.065
150056,0.08
150057,0.75
150058,0.13
150059,0.485
150060,0.005
150061,0.1
150062,0.22
150063,0.76
150064,0.12
150065,0.02
150066,0.3
150067,0.02
150068,0.12
150069,0.425
150070,0.155
150071,0.65
150072,0.225
150073,0.09
150074,0.225
150075,0.015
150076,0.75
150077,0.07
150078,0.65
150079,0.335
150080,0.205
150081,0.49
150082,0.515
150083,0.22
150084,0.02
150085,0.18
150086,0.105
150087,0.075
150088,0.435
150089,0.075
150090,0.27
150091,0.035
150092,0.285
150093,0.085
150094,0.105
150095,0.17
150096,0.055
150097,0.06
150098,0.185
150099,0.25
150100,0.07
150101,0.25
150102,0.16
150103,0.185
150104,0.06
150105,0.125
150106,0.385
150107,0.28
150108,0.02
150109,0.145
150110,0.37
150111,0.61
150112,0.09
150113,0.19
150114,0.035
150115,0.065
150116,0.41
150117,0.26
150118,0.155
150119,0.04
150120,0.115
150121,0.095
150122,0.1
150123,0.065
150124,0.105
150125,0.76
150126,0.09
150127,0.94
150128,0.76
150129,0.15
150130,0.18
150131,0.23
150132,0.22
150133,0.17
150134,0.06
150135,0.045
150136,0.775
150137,0.1
150138,0.61
150139,0.13
150140,0.155
150141,0.08
150142,0.765
150143,0.76
150144,0.28
150145,0.805
150146,0.715
150147,0.095
150148,0.095
150149,0.05
150150,0.61
150151,0.01
150152,0.38
150153,0.345
150154,0.225
150155,0.02
150156,0.06
150157,0.09
150158,0.505
150159,0.015
150160,0.0
150161,0.225
150162,0.1
150163,0.405
150164,0.055
150165,0.1
150166,0.255
150167,0.205
150168,0.185
150169,0.16
150170,0.015
150171,0.525
150172,0.025
150173,0.08
150174,0.325
150175,0.145
150176,0.415
150177,0.07
150178,0.065
150179,0.06
150180,0.135
150181,0.1
150182,0.13
150183,0.055
150184,0.08
150185,0.245
150186,0.115
150187,0.32
150188,0.07
150189,0.05
150190,0.025
150191,0.145
150192,0.325
150193,0.19
150194,0.045
150195,0.07
150196,0.695
150197,0.5
150198,0.15
150199,0.175
150200,0.615
150201,0.49
150202,0.98
150203,0.065
150204,0.17
150205,0.08
150206,0.165
150207,0.525
150208,0.055
150209,0.235
150210,0.215
150211,0.14
150212,0.435
150213,0.065
150214,0.13
150215,0.16
150216,0.135
150217,0.095
150218,0.19
150219,0.2
150220,0.165
150221,0.065
150222,0.11
150223,0.175
150224,0.4
150225,0.23
150226,0.07
150227,0.2
150228,0.135
150229,0.265
150230,0.25
150231,0.305
150232,0.01
150233,0.35
150234,0.62
150235,0.095
150236,0.04
150237,0.18
150238,0.21
150239,0.325
150240,0.145
150241,0.08
150242,0.415
150243,0.22
150244,0.2
150245,0.085
150246,0.095
150247,0.29
150248,0.035
150249,0.36
150250,0.555
150251,0.055
150252,0.37
150253,0.155
150254,0.1
150255,0.135
150256,0.05
150257,0.45
150258,0.1
150259,0.07
150260,0.22
150261,0.895
150262,0.07
150263,0.045
150264,0.205
150265,0.05
150266,0.165
150267,0.13
150268,0.16
150269,0.28
150270,0.345
150271,0.65
150272,0.015
150273,0.19
150274,0.11
150275,0.09
150276,0.065
150277,0.2
150278,0.035
150279,0.165
150280,0.05
150281,0.23
150282,0.645
150283,0.18
150284,0.1
150285,0.005
150286,0.045
150287,0.02
150288,0.555
150289,0.055
150290,0.105
150291,0.725
150292,0.245
150293,0.07
150294,0.325
150295,0.065
150296,0.145
150297,0.19
150298,0.105
150299,0.24
150300,0.255
150301,0.31
150302,0.325
150303,0.035
150304,0.11
150305,0.165
150306,0.075
150307,0.08
150308,0.16
150309,0.66
150310,0.185
150311,0.08
150312,0.38
150313,0.005
150314,0.13
150315,0.2
150316,0.04
150317,0.49
150318,0.085
150319,0.115
150320,0.125
150321,0.21
150322,0.015
150323,0.0
150324,0.32
150325,0.66
150326,0.18
150327,0.45
150328,0.065
150329,0.085
150330,0.055
150331,0.06
150332,0.015
150333,0.1
150334,0.465
150335,0.02
150336,0.135
150337,0.215
150338,0.24
150339,0.0
150340,0.215
150341,0.245
150342,0.145
150343,0.2
150344,0.055
150345,0.095
150346,0.365
150347,0.065
150348,0.04
150349,0.055
150350,0.285
150351,0.04
150352,0.04
150353,0.345
150354,0.1
150355,0.305
150356,0.285
150357,0.03
150358,0.15
150359,0.045
150360,0.205
150361,0.115
150362,0.1
150363,0.06
150364,0.145
150365,0.415
150366,0.62
150367,0.1
150368,0.335
150369,0.045
150370,0.155
150371,0.065
150372,0.06
150373,0.12
150374,0.12
150375,0.295
150376,0.175
150377,0.495
150378,0.83
150379,0.305
150380,0.255
150381,0.26
150382,0.535
150383,0.22
150384,0.545
150385,0.225
150386,0.01
150387,0.35
150388,0.67
150389,0.02
150390,0.85
150391,0.085
150392,0.025
150393,0.115
150394,0.12
150395,0.065
150396,0.0
150397,0.035
150398,0.21
150399,0.195
150400,0.045
150401,0.105
150402,0.33
150403,0.12
150404,0.09
150405,0.315
150406,0.05
150407,0.155
150408,0.12
150409,0.08
150410,0.57
150411,0.075
150412,0.18
150413,0.31
150414,0.43
150415,0.025
150416,0.35
150417,0.42
150418,0.39
150419,0.075
150420,0.175
150421,0.505
150422,0.445
150423,0.215
150424,0.94
150425,0.15
150426,0.14
150427,0.055
150428,0.085
150429,0.47
150430,0.21
150431,0.325
150432,0.025
150433,0.675
150434,0.03
150435,0.145
150436,0.095
150437,0.155
150438,0.1
150439,0.215
150440,0.1
150441,0.4
150442,0.19
150443,0.055
150444,0.17
150445,0.45
150446,0.115
150447,0.22
150448,0.175
150449,0.365
150450,0.265
150451,0.585
150452,0.105
150453,0.485
150454,0.235
150455,0.175
150456,0.005
150457,0.06
150458,0.155
150459,0.42
150460,0.225
150461,0.715
150462,0.195
150463,0.08
150464,0.67
150465,0.35
150466,0.11
150467,0.025
150468,0.545
150469,0.41
150470,0.045
150471,0.41
150472,0.235
150473,0.275
150474,0.08
150475,0.205
150476,0.315
150477,0.06
150478,0.325
150479,0.19
150480,0.555
150481,0.245
150482,0.065
150483,0.25
150484,0.95
150485,0.14
150486,0.05
150487,0.025
150488,0.14
150489,0.075
150490,0.925
150491,0.11
150492,0.345
150493,0.21
150494,0.445
150495,0.19
150496,0.25
150497,0.665
150498,0.06
150499,0.08
150500,0.13
150501,0.025
150502,0.065
150503,0.075
150504,0.3
150505,0.12
150506,0.15
150507,0.0
150508,0.05
150509,0.17
150510,0.07
150511,0.085
150512,0.055
150513,0.11
150514,0.285
150515,0.06
150516,0.115
150517,0.14
150518,0.075
150519,0.12
150520,0.015
150521,0.175
150522,0.105
150523,0.8
150524,0.1
150525,0.175
150526,0.125
150527,0.405
150528,0.335
150529,0.005
150530,0.065
150531,0.52
150532,0.035
150533,0.17
150534,0.485
150535,0.12
150536,0.11
150537,0.045
150538,0.985
150539,0.055
150540,0.8
150541,0.54
150542,0.64
150543,0.09
150544,0.075
150545,0.11
150546,0.155
150547,0.29
150548,0.17
150549,0.11
150550,0.055
150551,0.19
150552,0.0
150553,0.07
150554,0.08
150555,0.515
150556,0.12
150557,0.1
150558,0.125
150559,0.155
150560,0.06
150561,0.175
150562,0.175
150563,0.155
150564,0.08
150565,0.16
150566,0.16
150567,0.195
150568,0.585
150569,0.29
150570,0.195
150571,0.145
150572,0.005
150573,0.155
150574,0.035
150575,0.03
150576,0.12
150577,0.415
150578,0.045
150579,0.2
150580,0.09
150581,0.37
150582,0.02
150583,0.075
150584,0.105
150585,0.23
150586,0.13
150587,0.12
150588,0.065
150589,0.77
150590,0.615
150591,0.015
150592,0.12
150593,0.15
150594,0.555
150595,0.055
150596,0.63
150597,0.035
150598,0.14
150599,0.855
150600,0.22
150601,0.07
150602,0.215
150603,0.075
150604,0.405
150605,0.165
150606,0.65
150607,0.515
150608,0.565
150609,0.065
150610,0.0
150611,0.71
150612,0.13
150613,0.07
150614,0.345
150615,0.5
150616,0.57
150617,0.185
150618,0.165
150619,0.19
150620,0.24
150621,0.93
150622,0.08
150623,0.305
150624,0.02
150625,0.185
150626,0.815
150627,0.4
150628,0.06
150629,0.4
150630,0.055
150631,0.075
150632,0.205
150633,0.045
150634,0.81
150635,0.075
150636,0.56
150637,0.02
150638,0.24
150639,0.055
150640,0.33
150641,0.375
150642,0.255
150643,0.11
150644,0.225
150645,0.79
150646,0.045
150647,0.465
150648,0.095
150649,0.01
150650,0.13
150651,0.205
150652,0.195
150653,0.05
150654,0.06
150655,0.23
150656,0.005
150657,0.06
150658,0.035
150659,0.18
150660,0.155
150661,0.045
150662,0.18
150663,0.855
150664,0.43
150665,0.23
150666,0.54
150667,0.27
150668,0.55
150669,0.02
150670,0.225
150671,0.07
150672,0.155
150673,0.64
150674,0.085
150675,0.035
150676,0.125
150677,0.27
150678,0.035
150679,0.725
150680,0.005
150681,0.045
150682,0.02
150683,0.135
150684,0.195
150685,0.595
150686,0.265
150687,0.17
150688,0.29
150689,0.025
150690,0.02
150691,0.24
150692,0.15
150693,0.165
150694,0.195
150695,0.06
150696,0.06
150697,0.01
150698,0.035
150699,0.365
150700,0.15
150701,0.315
150702,0.39
150703,0.24
150704,0.215
150705,0.165
150706,0.215
150707,0.355
150708,0.46
150709,0.245
150710,0.455
150711,0.665
150712,0.02
150713,0.03
150714,0.06
150715,0.395
150716,0.265
150717,0.045
150718,0.01
150719,0.42
150720,0.19
150721,0.2
150722,0.525
150723,0.6
150724,0.05
150725,0.01
150726,0.285
150727,0.885
150728,0.73
150729,0.02
150730,0.06
150731,0.03
150732,0.29
150733,0.11
150734,0.03
150735,0.065
150736,0.815
150737,0.165
150738,0.59
150739,0.13
150740,0.17
150741,0.15
150742,0.155
150743,0.07
150744,0.595
150745,0.125
150746,0.265
150747,0.09
150748,0.605
150749,0.195
150750,0.085
150751,0.01
150752,0.065
150753,0.05
150754,0.055
150755,0.715
150756,0.37
150757,0.355
150758,0.26
150759,0.22
150760,0.005
150761,0.135
150762,0.405
150763,0.205
150764,0.155
150765,0.705
150766,0.275
150767,0.145
150768,0.065
150769,0.055
150770,0.35
150771,0.23
150772,0.49
150773,0.21
150774,0.235
150775,0.93
150776,0.115
150777,0.25
150778,0.04
150779,0.27
150780,0.135
150781,0.025
150782,0.12
150783,0.03
150784,0.285
150785,0.185
150786,0.205
150787,0.86
150788,0.125
150789,0.305
150790,0.035
150791,0.155
150792,0.2
150793,0.365
150794,0.0
150795,0.075
150796,0.02
150797,0.055
150798,0.205
150799,0.13
150800,0.135
150801,0.505
150802,0.035
150803,0.105
150804,0.065
150805,0.095
150806,0.25
150807,0.23
150808,0.27
150809,0.17
150810,0.075
150811,0.03
150812,0.315
150813,0.265
150814,0.055
150815,0.845
150816,0.27
150817,0.135
150818,0.035
150819,0.27
150820,0.025
150821,0.07
150822,0.085
150823,0.415
150824,0.265
150825,0.17
150826,0.44
150827,0.285
150828,0.22
150829,0.065
150830,0.18
150831,0.4
150832,0.165
150833,0.235
150834,0.195
150835,0.12
150836,0.245
150837,0.15
150838,0.415
150839,0.22
150840,0.335
150841,0.295
150842,0.14
150843,0.12
150844,0.015
150845,0.215
150846,0.09
150847,0.01
150848,0.08
150849,0.17
150850,0.025
150851,0.055
150852,0.375
150853,0.24
150854,0.135
150855,0.07
150856,0.27
150857,0.185
150858,0.705
150859,0.46
150860,0.395
150861,0.19
150862,0.305
150863,0.56
150864,0.17
150865,0.045
150866,0.065
150867,0.35
150868,0.12
150869,0.03
150870,0.035
150871,0.09
150872,0.13
150873,0.345
150874,0.125
150875,0.5
150876,0.115
150877,0.63
150878,0.05
150879,0.09
150880,0.015
150881,0.215
150882,0.495
150883,0.06
150884,0.07
150885,0.085
150886,0.065
150887,0.155
150888,0.53
150889,0.095
150890,0.69
150891,0.06
150892,0.57
150893,0.08
150894,0.01
150895,0.035
150896,0.27
150897,0.13
150898,0.055
150899,0.07
150900,0.23
150901,0.15
150902,0.325
150903,0.09
150904,0.435
150905,0.19
150906,0.105
150907,0.01
150908,0.06
150909,0.0
150910,0.405
150911,0.255
150912,0.13
150913,0.17
150914,0.67
150915,0.015
150916,0.345
150917,0.035
150918,0.755
150919,0.03
150920,0.175
150921,0.03
150922,0.295
150923,0.055
150924,0.065
150925,0.4
150926,0.075
150927,0.065
150928,0.66
150929,0.055
150930,0.065
150931,0.005
150932,0.29
150933,0.17
150934,0.36
150935,0.62
150936,0.215
150937,0.085
150938,0.06
150939,0.08
150940,0.09
150941,0.07
150942,0.395
150943,0.35
150944,0.025
150945,0.12
150946,0.155
150947,0.09
150948,0.3
150949,0.075
150950,0.225
150951,0.54
150952,0.08
150953,0.28
150954,0.07
150955,0.13
150956,0.485
150957,0.16
150958,0.205
150959,0.015
150960,0.445
150961,0.59
150962,0.175
150963,0.15
150964,0.03
150965,0.46
150966,0.24
150967,0.06
150968,0.145
150969,0.24
150970,0.035
150971,0.575
150972,0.055
150973,0.725
150974,0.02
150975,0.15
150976,0.07
150977,0.18
150978,0.24
150979,0.095
150980,0.72
150981,0.22
150982,0.035
150983,0.075
150984,0.075
150985,0.095
150986,0.03
150987,0.18
150988,0.54
150989,0.1
150990,0.23
150991,0.32
150992,0.09
150993,0.125
150994,0.265
150995,0.085
150996,0.11
150997,0.105
150998,0.2
150999,0.075
151000,0.05
151001,0.74
151002,0.09
151003,0.02
151004,0.05
151005,0.08
151006,0.175
151007,0.485
151008,0.205
151009,0.745
151010,0.165
151011,0.005
151012,0.56
151013,0.165
151014,0.29
151015,0.11
151016,0.46
151017,0.03
151018,0.05
151019,0.075
151020,0.39
151021,0.265
151022,0.485
151023,0.06
151024,0.68
151025,0.465
151026,0.12
151027,0.055
151028,0.0
151029,0.275
151030,0.585
151031,0.495
151032,0.045
151033,0.07
151034,0.28
151035,0.13
151036,0.075
151037,0.08
151038,0.0
151039,0.235
151040,0.475
151041,0.075
151042,0.07
151043,0.02
151044,0.415
151045,0.045
151046,0.15
151047,0.21
151048,0.12
151049,0.02
151050,0.045
151051,0.06
151052,0.735
151053,0.765
151054,0.2
151055,0.11
151056,0.56
151057,0.28
151058,0.055
151059,0.15
151060,0.04
151061,0.03
151062,0.285
151063,0.275
151064,0.21
151065,0.095
151066,0.07
151067,0.355
151068,0.02
151069,0.14
151070,0.15
151071,0.015
151072,0.595
151073,0.225
151074,0.325
151075,0.18
151076,0.78
151077,0.25
151078,0.25
151079,0.17
151080,0.135
151081,0.005
151082,0.02
151083,0.505
151084,0.085
151085,0.605
151086,0.04
151087,0.165
151088,0.035
151089,0.0
151090,0.49
151091,0.22
151092,0.505
151093,0.155
151094,0.91
151095,0.14
151096,0.115
151097,0.18
151098,0.135
151099,0.58
151100,0.4
151101,0.345
151102,0.455
151103,0.105
151104,0.03
151105,0.105
151106,0.095
151107,0.04
151108,0.12
151109,0.175
151110,0.255
151111,0.04
151112,0.3
151113,0.225
151114,0.04
151115,0.015
151116,0.075
151117,0.165
151118,0.085
151119,0.115
151120,0.21
151121,0.075
151122,0.3
151123,0.24
151124,0.025
151125,0.135
151126,0.055
151127,0.125
151128,0.22
151129,0.12
151130,0.17
151131,0.1
151132,0.245
151133,0.055
151134,0.61
151135,0.23
151136,0.195
151137,0.055
151138,0.18
151139,0.235
151140,0.535
151141,0.8
151142,0.075
151143,0.15
151144,0.68
151145,0.24
151146,0.15
151147,0.095
151148,0.335
151149,0.08
151150,0.02
151151,0.215
151152,0.2
151153,0.385
151154,0.165
151155,0.04
151156,0.115
151157,0.085
151158,0.67
151159,0.455
151160,0.115
151161,0.205
151162,0.06
151163,0.36
151164,0.065
151165,0.115
151166,0.18
151167,0.69
151168,0.135
151169,0.26
151170,0.085
151171,0.345
151172,0.555
151173,0.85
151174,0.32
151175,0.395
151176,0.045
151177,0.855
151178,0.065
151179,0.03
151180,0.15
151181,0.18
151182,0.015
151183,0.145
151184,0.03
151185,0.63
151186,0.725
151187,0.3
151188,0.08
151189,0.295
151190,0.4
151191,0.275
151192,0.01
151193,0.21
151194,0.41
151195,0.115
151196,0.07
151197,0.045
151198,0.55
151199,0.255
151200,0.065
151201,0.03
151202,0.725
151203,0.07
151204,0.11
151205,0.325
151206,0.195
151207,0.1
151208,0.605
151209,0.09
151210,0.01
151211,0.27
151212,0.14
151213,0.03
151214,0.115
151215,0.34
151216,0.17
151217,0.465
151218,0.15
151219,0.81
151220,0.25
151221,0.03
151222,0.03
151223,0.065
151224,0.06
151225,0.225
151226,0.02
151227,0.04
151228,0.58
151229,0.62
151230,0.09
151231,0.065
151232,0.25
151233,0.065
151234,0.11
151235,0.25
151236,0.115
151237,0.29
151238,0.035
151239,0.32
151240,0.135
151241,0.21
151242,0.31
151243,0.51
151244,0.245
151245,0.5
151246,0.075
151247,0.16
151248,0.885
151249,0.115
151250,0.045
151251,0.03
151252,0.515
151253,0.04
151254,0.065
151255,0.02
151256,0.105
151257,0.15
151258,0.66
151259,0.04
151260,0.575
151261,0.165
151262,0.1
151263,0.245
151264,0.075
151265,0.02
151266,0.14
151267,0.555
151268,0.01
151269,0.025
151270,0.02
151271,0.12
151272,0.3
151273,0.195
151274,0.04
151275,0.35
151276,0.255
151277,0.26
151278,0.17
151279,0.105
151280,0.13
151281,0.18
151282,0.225
151283,0.255
151284,0.215
151285,0.18
151286,0.425
151287,0.025
151288,0.51
151289,0.02
151290,0.85
151291,0.315
151292,0.17
151293,0.08
151294,0.56
151295,0.03
151296,0.325
151297,0.09
151298,0.06
151299,0.23
151300,0.83
151301,0.35
151302,0.09
151303,0.155
151304,0.33
151305,0.14
151306,0.35
151307,0.035
151308,0.22
151309,0.19
151310,0.17
151311,0.41
151312,0.38
151313,0.075
151314,0.035
151315,0.23
151316,0.07
151317,0.16
151318,0.02
151319,0.055
151320,0.06
151321,0.125
151322,0.15
151323,0.525
151324,0.205
151325,0.485
151326,0.13
151327,0.005
151328,0.065
151329,0.275
151330,0.075
151331,0.005
151332,0.365
151333,0.1
151334,0.275
151335,0.33
151336,0.395
151337,0.235
151338,0.81
151339,0.155
151340,0.165
151341,0.84
151342,0.38
151343,0.665
151344,0.085
151345,0.14
151346,0.1
151347,0.135
151348,0.26
151349,0.41
151350,0.265
151351,0.9
151352,0.695
151353,0.305
151354,0.125
151355,0.075
151356,0.14
151357,0.06
151358,0.05
151359,0.19
151360,0.16
151361,0.05
151362,0.025
151363,0.07
151364,0.12
151365,0.035
151366,0.005
151367,0.225
151368,0.595
151369,0.0
151370,0.23
151371,0.06
151372,0.01
151373,0.16
151374,0.075
151375,0.045
151376,0.145
151377,0.67
151378,0.225
151379,0.075
151380,0.095
151381,0.425
151382,0.54
151383,0.065
151384,0.705
151385,0.01
151386,0.92
151387,0.065
151388,0.11
151389,0.33
151390,0.825
151391,0.16
151392,0.74
151393,0.045
151394,0.225
151395,0.005
151396,0.035
151397,0.2
151398,0.21
151399,0.145
151400,0.44
151401,0.385
151402,0.345
151403,0.275
151404,0.13
151405,0.015
151406,0.24
151407,0.01
151408,0.035
151409,0.155
151410,0.07
151411,0.09
151412,0.63
151413,0.49
151414,0.09
151415,0.075
151416,0.17
151417,0.445
151418,0.175
151419,0.435
151420,0.315
151421,0.775
151422,0.75
151423,0.135
151424,0.02
151425,0.225
151426,0.28
151427,0.435
151428,0.255
151429,0.065
151430,0.235
151431,0.095
151432,0.355
151433,0.105
151434,0.145
151435,0.885
151436,0.035
151437,0.01
151438,0.11
151439,0.19
151440,0.04
151441,0.04
151442,0.16
151443,0.585
151444,0.51
151445,0.52
151446,0.135
151447,0.07
151448,0.27
151449,0.245
151450,0.09
151451,0.07
151452,0.275
151453,0.17
151454,0.245
151455,0.39
151456,0.16
151457,0.08
151458,0.155
151459,0.495
151460,0.37
151461,0.22
151462,0.23
151463,0.105
151464,0.175
151465,0.115
151466,0.08
151467,0.065
151468,0.145
151469,0.24
151470,0.135
151471,0.115
151472,0.445
151473,0.14
151474,0.635
151475,0.155
151476,0.5
151477,0.36
151478,0.12
151479,0.27
151480,0.635
151481,0.16
151482,0.18
151483,0.17
151484,0.17
151485,0.14
151486,0.37
151487,0.455
151488,0.13
151489,0.285
151490,0.625
151491,0.075
151492,0.09
151493,0.09
151494,0.32
151495,0.535
151496,0.3
151497,0.52
151498,0.13
151499,0.5
151500,0.11
151501,0.765
151502,0.24
151503,0.285
151504,0.21
151505,0.155
151506,0.055
151507,0.07
151508,0.35
151509,0.265
151510,0.035
151511,0.48
151512,0.125
151513,0.63
151514,0.35
151515,0.075
151516,0.16
151517,0.07
151518,0.28
151519,0.44
151520,0.1
151521,0.465
151522,0.215
151523,0.11
151524,0.12
151525,0.045
151526,0.015
151527,0.28
151528,0.03
151529,0.275
151530,0.155
151531,0.06
151532,0.045
151533,0.18
151534,0.98
151535,0.025
151536,0.485
151537,0.29
151538,0.32
151539,0.175
151540,0.285
151541,0.21
151542,0.25
151543,0.065
151544,0.16
151545,0.205
151546,0.085
151547,0.34
151548,0.21
151549,0.055
151550,0.34
151551,0.095
151552,0.17
151553,0.13
151554,0.16
151555,0.415
151556,0.095
151557,0.2
151558,0.1
151559,0.315
151560,0.195
151561,0.145
151562,0.11
151563,0.035
151564,0.33
151565,0.17
151566,0.135
151567,0.04
151568,0.13
151569,0.125
151570,0.05
151571,0.35
151572,0.365
151573,0.155
151574,0.15
151575,0.08
151576,0.06
151577,0.055
151578,0.19
151579,0.085
151580,0.34
151581,0.335
151582,0.215
151583,0.085
151584,0.24
151585,0.09
151586,0.04
151587,0.38
151588,0.1
151589,0.035
151590,0.08
151591,0.075
151592,0.415
151593,0.05
151594,0.095
151595,0.47
151596,0.095
151597,0.085
151598,0.07
151599,0.035
151600,0.13
151601,0.095
151602,0.67
151603,0.025
151604,0.24
151605,0.275
151606,0.78
151607,0.1
151608,0.27
151609,0.685
151610,0.075
151611,0.825
151612,0.025
151613,0.27
151614,0.505
151615,0.135
151616,0.065
151617,0.01
151618,0.085
151619,0.16
151620,0.085
151621,0.055
151622,0.23
151623,0.37
151624,0.505
151625,0.31
151626,0.08
151627,0.82
151628,0.12
151629,0.115
151630,0.32
151631,0.015
151632,0.025
151633,0.075
151634,0.005
151635,0.145
151636,0.06
151637,0.225
151638,0.485
151639,0.325
151640,0.035
151641,0.01
151642,0.06
151643,0.695
151644,0.415
151645,0.43
151646,0.19
151647,0.325
151648,0.51
151649,0.015
151650,0.2
151651,0.055
151652,0.23
151653,0.155
151654,0.525
151655,0.01
151656,0.01
151657,0.06
151658,0.0
151659,0.135
151660,0.055
151661,0.33
151662,0.135
151663,0.365
151664,0.35
151665,0.115
151666,0.075
151667,0.345
151668,0.24
151669,0.08
151670,0.315
151671,0.075
151672,0.135
151673,0.02
151674,0.07
151675,0.01
151676,0.74
151677,0.09
151678,0.41
151679,0.205
151680,0.445
151681,0.055
151682,0.05
151683,0.03
151684,0.305
151685,0.075
151686,0.19
151687,0.145
151688,0.15
151689,0.045
151690,0.32
151691,0.085
151692,0.03
151693,0.21
151694,0.1
151695,0.035
151696,0.1
151697,0.18
151698,0.095
151699,0.225
151700,0.045
151701,0.46
151702,0.08
151703,0.03
151704,0.09
151705,0.115
151706,0.055
151707,0.29
151708,0.295
151709,0.45
151710,0.105
151711,0.015
151712,0.235
151713,0.23
151714,0.225
151715,0.35
151716,0.785
151717,0.05
151718,0.055
151719,0.33
151720,0.06
151721,0.59
151722,0.225
151723,0.675
151724,0.835
151725,0.18
151726,0.105
151727,0.05
151728,0.06
151729,0.07
151730,0.08
151731,0.185
151732,0.035
151733,0.545
151734,0.19
151735,0.195
151736,0.29
151737,0.7
151738,0.145
151739,0.735
151740,0.16
151741,0.415
151742,0.06
151743,0.195
151744,0.25
151745,0.205
151746,0.065
151747,0.12
151748,0.1
151749,0.185
151750,0.785
151751,0.07
151752,0.065
151753,0.17
151754,0.3
151755,0.195
151756,0.185
151757,0.0
151758,0.69
151759,0.62
151760,0.09
151761,0.25
151762,0.035
151763,0.13
151764,0.26
151765,0.165
151766,0.16
151767,0.15
151768,0.085
151769,0.53
151770,0.285
151771,0.23
151772,0.265
151773,0.205
151774,0.07
151775,0.11
151776,0.095
151777,0.515
151778,0.41
151779,0.015
151780,0.25
151781,0.485
151782,0.46
151783,0.78
151784,0.51
151785,0.26
151786,0.805
151787,0.225
151788,0.685
151789,0.38
151790,0.34
151791,0.03
151792,0.525
151793,0.215
151794,0.33
151795,0.11
151796,0.065
151797,0.0
151798,0.42
151799,0.62
151800,0.275
151801,0.055
151802,0.115
151803,0.185
151804,0.35
151805,0.145
151806,0.43
151807,0.48
151808,0.025
151809,0.18
151810,0.055
151811,0.275
151812,0.15
151813,0.195
151814,0.3
151815,0.065
151816,0.0
151817,0.24
151818,0.15
151819,0.12
151820,0.115
151821,0.09
151822,0.035
151823,0.015
151824,0.015
151825,0.085
151826,0.02
151827,0.02
151828,0.13
151829,0.04
151830,0.28
151831,0.725
151832,0.23
151833,0.02
151834,0.485
151835,0.215
151836,0.0
151837,0.03
151838,0.005
151839,0.025
151840,0.59
151841,0.45
151842,0.16
151843,0.085
151844,0.4
151845,0.01
151846,0.525
151847,0.11
151848,0.08
151849,0.22
151850,0.795
151851,0.02
151852,0.18
151853,0.13
151854,0.725
151855,0.06
151856,0.675
151857,0.255
151858,0.165
151859,0.05
151860,0.67
151861,0.15
151862,0.605
151863,0.21
151864,0.505
151865,0.49
151866,0.47
151867,0.095
151868,0.245
151869,0.495
151870,0.09
151871,0.165
151872,0.275
151873,0.135
151874,0.34
151875,0.08
151876,0.05
151877,0.055
151878,0.095
151879,0.04
151880,0.085
151881,0.225
151882,0.295
151883,0.975
151884,0.105
151885,0.655
151886,0.19
151887,0.225
151888,0.045
151889,0.07
151890,0.13
151891,0.1
151892,0.245
151893,0.16
151894,0.355
151895,0.09
151896,0.255
151897,0.19
151898,0.055
151899,0.115
151900,0.05
151901,0.025
151902,0.13
151903,0.19
151904,0.245
151905,0.285
151906,0.315
151907,0.11
151908,0.125
151909,0.02
151910,0.13
151911,0.015
151912,0.27
151913,0.575
151914,0.115
151915,0.22
151916,0.08
151917,0.04
151918,0.145
151919,0.1
151920,0.01
151921,0.145
151922,0.39
151923,0.715
151924,0.51
151925,0.26
151926,0.005
151927,0.055
151928,0.185
151929,0.285
151930,0.06
151931,0.09
151932,0.1
151933,0.16
151934,0.365
151935,0.25
151936,0.01
151937,0.145
151938,0.13
151939,0.75
151940,0.08
151941,0.17
151942,0.8
151943,0.285
151944,0.07
151945,0.015
151946,0.13
151947,0.07
151948,0.185
151949,0.07
151950,0.255
151951,0.095
151952,0.31
151953,0.17
151954,0.155
151955,0.275
151956,0.055
151957,0.26
151958,0.37
151959,0.24
151960,0.24
151961,0.105
151962,0.1
151963,0.195
151964,0.355
151965,0.785
151966,0.16
151967,0.185
151968,0.065
151969,0.05
151970,0.09
151971,0.11
151972,0.32
151973,0.12
151974,0.075
151975,0.13
151976,0.035
151977,0.3
151978,0.435
151979,0.215
151980,0.06
151981,0.165
151982,0.27
151983,0.25
151984,0.145
151985,0.075
151986,0.18
151987,0.275
151988,0.05
151989,0.475
151990,0.16
151991,0.03
151992,0.225
151993,0.025
151994,0.125
151995,0.24
151996,0.165
151997,0.61
151998,0.49
151999,0.77
152000,0.205
152001,0.17
152002,0.235
152003,0.055
152004,0.21
152005,0.07
152006,0.3
152007,0.285
152008,0.955
152009,0.18
152010,0.95
152011,0.185
152012,0.03
152013,0.51
152014,0.475
152015,0.195
152016,0.105
152017,0.605
152018,0.245
152019,0.145
152020,0.1
152021,0.125
152022,0.09
152023,0.445
152024,0.055
152025,0.08
152026,0.11
152027,0.235
152028,0.74
152029,0.26
152030,0.115
152031,0.695
152032,0.775
152033,0.095
152034,0.41
152035,0.26
152036,0.09
152037,0.04
152038,0.465
152039,0.09
152040,0.085
152041,0.14
152042,0.04
152043,0.05
152044,0.16
152045,0.205
152046,0.36
152047,0.355
152048,0.145
152049,0.58
152050,0.105
152051,0.12
152052,0.23
152053,0.275
152054,0.24
152055,0.67
152056,0.045
152057,0.2
152058,0.18
152059,0.46
152060,0.03
152061,0.01
152062,0.18
152063,0.39
152064,0.62
152065,0.125
152066,0.125
152067,0.015
152068,0.135
152069,0.275
152070,0.05
152071,0.135
152072,0.19
152073,0.335
152074,0.005
152075,0.15
152076,0.475
152077,0.565
152078,0.11
152079,0.0
152080,0.32
152081,0.295
152082,0.035
152083,0.34
152084,0.395
152085,0.21
152086,0.215
152087,0.035
152088,0.065
152089,0.145
152090,0.065
152091,0.17
152092,0.225
152093,0.03
152094,0.01
152095,0.255
152096,0.135
152097,0.165
152098,0.07
152099,0.245
152100,0.12
152101,0.43
152102,0.085
152103,0.31
152104,0.075
152105,0.125
152106,0.025
152107,0.145
152108,0.03
152109,0.715
152110,0.35
152111,0.11
152112,0.165
152113,0.175
152114,0.05
152115,0.145
152116,0.605
152117,0.02
152118,0.155
152119,0.655
152120,0.065
152121,0.06
152122,0.375
152123,0.635
152124,0.18
152125,0.02
152126,0.185
152127,0.3
152128,0.31
152129,0.0
152130,0.525
152131,0.63
152132,0.16
152133,0.235
152134,0.205
152135,0.06
152136,0.0
152137,0.035
152138,0.32
152139,0.235
152140,0.055
152141,0.595
152142,0.345
152143,0.145
152144,0.1
152145,0.03
152146,0.25
152147,0.03
152148,0.19
152149,0.15
152150,0.275
152151,0.26
152152,0.1
152153,0.095
152154,0.09
152155,0.53
152156,0.145
152157,0.165
152158,0.31
152159,0.015
152160,0.64
152161,0.125
152162,0.45
152163,0.025
152164,0.18
152165,0.855
152166,0.0
152167,0.12
152168,0.54
152169,0.2
152170,0.5
152171,0.15
152172,0.175
152173,0.0
152174,0.015
152175,0.02
152176,0.37
152177,0.985
152178,0.015
152179,0.06
152180,0.12
152181,0.005
152182,0.245
152183,0.245
152184,0.115
152185,0.175
152186,0.125
152187,0.295
152188,0.13
152189,0.38
152190,0.045
152191,0.295
152192,0.695
152193,0.14
152194,0.0
152195,0.12
152196,0.335
152197,0.23
152198,0.41
152199,0.375
152200,0.165
152201,0.3
152202,0.075
152203,0.695
152204,0.645
152205,0.185
152206,0.38
152207,0.06
152208,0.105
152209,0.53
152210,0.64
152211,0.105
152212,0.305
152213,0.595
152214,0.09
152215,0.22
152216,0.24
152217,0.53
152218,0.075
152219,0.275
152220,0.08
152221,0.225
152222,0.02
152223,0.295
152224,0.045
152225,0.075
152226,0.105
152227,0.12
152228,0.07
152229,0.1
152230,0.295
152231,0.05
152232,0.185
152233,0.12
152234,0.235
152235,0.11
152236,0.045
152237,0.3
152238,0.095
152239,0.04
152240,0.85
152241,0.55
152242,0.18
152243,0.135
152244,0.085
152245,0.14
152246,0.09
152247,0.075
152248,0.145
152249,0.115
152250,0.055
152251,0.045
152252,0.07
152253,0.17
152254,0.1
152255,0.265
152256,0.875
152257,0.175
152258,0.76
152259,0.37
152260,0.145
152261,0.32
152262,0.255
152263,0.455
152264,0.02
152265,0.025
152266,0.225
152267,0.105
152268,0.57
152269,0.53
152270,0.28
152271,0.22
152272,0.83
152273,0.07
152274,0.265
152275,0.24
152276,0.47
152277,0.135
152278,0.21
152279,0.565
152280,0.875
152281,0.02
152282,0.35
152283,0.8
152284,0.095
152285,0.095
152286,0.05
152287,0.08
152288,0.075
152289,0.05
152290,0.48
152291,0.44
152292,0.19
152293,0.22
152294,0.425
152295,0.065
152296,0.095
152297,0.185
152298,0.02
152299,0.195
152300,0.105
152301,0.095
152302,0.32
152303,0.11
152304,0.1
152305,0.475
152306,0.1
152307,0.07
152308,0.045
152309,0.055
152310,0.05
152311,0.23
152312,0.125
152313,0.195
152314,0.09
152315,0.035
152316,0.36
152317,0.06
152318,0.115
152319,0.01
152320,0.215
152321,0.085
152322,0.055
152323,0.265
152324,0.685
152325,0.8
152326,0.35
152327,0.075
152328,0.095
152329,0.065
152330,0.105
152331,0.21
152332,0.0
152333,0.79
152334,0.175
152335,0.185
152336,0.115
152337,0.075
152338,0.045
152339,0.36
152340,0.305
152341,0.18
152342,0.05
152343,0.1
152344,0.475
152345,0.225
152346,0.21
152347,0.645
152348,0.015
152349,0.15
152350,0.37
152351,0.46
152352,0.195
152353,0.09
152354,0.345
152355,0.305
152356,0.735
152357,0.09
152358,0.09
152359,0.16
152360,0.795
152361,0.15
152362,0.075
152363,0.085
152364,0.09
152365,0.2
152366,0.13
152367,0.49
152368,0.515
152369,0.09
152370,0.085
152371,0.41
152372,0.03
152373,0.365
152374,0.07
152375,0.14
152376,0.245
152377,0.115
152378,0.065
152379,0.075
152380,0.245
152381,0.095
152382,0.045
152383,0.335
152384,0.395
152385,0.24
152386,0.005
152387,0.045
152388,0.1
152389,0.05
152390,0.12
152391,0.26
152392,0.755
152393,0.665
152394,0.44
152395,0.19
152396,0.24
152397,0.89
152398,0.7
152399,0.005
152400,0.1
152401,0.035
152402,0.035
152403,0.115
152404,0.215
152405,0.22
152406,0.035
152407,0.055
152408,0.005
152409,0.235
152410,0.32
152411,0.03
152412,0.145
152413,0.245
152414,0.0
152415,0.105
152416,0.655
152417,0.12
152418,0.465
152419,0.105
152420,0.15
152421,0.225
152422,0.02
152423,0.205
152424,0.18
152425,0.155
152426,0.015
152427,0.31
152428,0.035
152429,0.175
152430,0.175
152431,0.09
152432,0.315
152433,0.055
152434,0.88
152435,0.245
152436,0.205
152437,0.38
152438,0.415
152439,0.19
152440,0.41
152441,0.395
152442,0.51
152443,0.25
152444,0.24
152445,0.115
152446,0.05
152447,0.235
152448,0.005
152449,0.02
152450,0.67
152451,0.25
152452,0.05
152453,0.04
152454,0.785
152455,0.135
152456,0.23
152457,0.02
152458,0.745
152459,0.32
152460,0.13
152461,0.16
152462,0.035
152463,0.425
152464,0.09
152465,0.11
152466,0.75
152467,0.215
152468,0.045
152469,0.145
152470,0.06
152471,0.045
152472,0.685
152473,0.235
152474,0.23
152475,0.255
152476,0.09
152477,0.105
152478,0.06
152479,0.305
152480,0.505
152481,0.16
152482,0.1
152483,0.13
152484,0.545
152485,0.11
152486,0.15
152487,0.055
152488,0.295
152489,0.145
152490,0.505
152491,0.47
152492,0.06
152493,0.305
152494,0.175
152495,0.685
152496,0.03
152497,0.03
152498,0.04
152499,0.355
152500,0.785
152501,0.08
152502,0.14
152503,0.125
152504,0.085
152505,0.19
152506,0.015
152507,0.17
152508,0.08
152509,0.135
152510,0.01
152511,0.215
152512,0.075
152513,0.63
152514,0.755
152515,0.215
152516,0.1
152517,0.045
152518,0.74
152519,0.185
152520,0.7
152521,0.365
152522,0.29
152523,0.02
152524,0.1
152525,0.275
152526,0.17
152527,0.1
152528,0.155
152529,0.18
152530,0.185
152531,0.525
152532,0.505
152533,0.115
152534,0.205
152535,0.105
152536,0.285
152537,0.045
152538,0.155
152539,0.435
152540,0.02
152541,0.085
152542,0.28
152543,0.17
152544,0.095
152545,0.055
152546,0.325
152547,0.59
152548,0.55
152549,0.17
152550,0.675
152551,0.01
152552,0.045
152553,0.13
152554,0.795
152555,0.05
152556,0.365
152557,0.165
152558,0.105
152559,0.415
152560,0.04
152561,0.15
152562,0.065
152563,0.07
152564,0.1
152565,0.485
152566,0.13
152567,0.245
152568,0.385
152569,0.07
152570,0.32
152571,0.105
152572,0.205
152573,0.005
152574,0.065
152575,0.405
152576,0.125
152577,0.04
152578,0.495
152579,0.135
152580,0.8
152581,0.085
152582,0.13
152583,0.075
152584,0.43
152585,0.09
152586,0.635
152587,0.27
152588,0.025
152589,0.05
152590,0.685
152591,0.55
152592,0.71
152593,0.02
152594,0.225
152595,0.205
152596,0.1
152597,0.535
152598,0.175
152599,0.165
152600,0.03
152601,0.42
152602,0.415
152603,0.185
152604,0.165
152605,0.145
152606,0.07
152607,0.015
152608,0.09
152609,0.025
152610,0.115
152611,0.075
152612,0.105
152613,0.07
152614,0.065
152615,0.075
152616,0.915
152617,0.19
152618,0.51
152619,0.25
152620,0.28
152621,0.075
152622,0.44
152623,0.15
152624,0.06
152625,0.66
152626,0.195
152627,0.05
152628,0.12
152629,0.07
152630,0.365
152631,0.4
152632,0.025
152633,0.055
152634,0.025
152635,0.02
152636,0.07
152637,0.215
152638,0.265
152639,0.29
152640,0.045
152641,0.04
152642,0.425
152643,0.17
152644,0.14
152645,0.05
152646,0.085
152647,0.13
152648,0.065
152649,0.04
152650,0.36
152651,0.16
152652,0.1
152653,0.2
152654,0.71
152655,0.185
152656,0.205
152657,0.21
152658,0.59
152659,0.12
152660,0.22
152661,0.075
152662,0.115
152663,0.21
152664,0.115
152665,0.01
152666,0.025
152667,0.1
152668,0.47
152669,0.43
152670,0.125
152671,0.04
152672,0.72
152673,0.085
152674,0.245
152675,0.2
152676,0.17
152677,0.34
152678,0.075
152679,0.09
152680,0.7
152681,0.34
152682,0.315
152683,0.1
152684,0.095
152685,0.06
152686,0.22
152687,0.235
152688,0.18
152689,0.235
152690,0.05
152691,0.09
152692,0.21
152693,0.115
152694,0.05
152695,0.07
152696,0.145
152697,0.26
152698,0.05
152699,0.07
152700,0.305
152701,0.04
152702,0.49
152703,0.27
152704,0.525
152705,0.81
152706,0.07
152707,0.455
152708,0.14
152709,0.015
152710,0.205
152711,0.13
152712,0.025
152713,0.04
152714,0.14
152715,0.165
152716,0.14
152717,0.22
152718,0.065
152719,0.05
152720,0.14
152721,0.015
152722,0.08
152723,0.415
152724,0.025
152725,0.1
152726,0.08
152727,0.265
152728,0.04
152729,0.12
152730,0.055
152731,0.125
152732,0.145
152733,0.035
152734,0.115
152735,0.115
152736,0.075
152737,0.285
152738,0.045
152739,0.245
152740,0.14
152741,0.19
152742,0.15
152743,0.06
152744,0.155
152745,0.335
152746,0.155
152747,0.17
152748,0.085
152749,0.07
152750,0.12
152751,0.26
152752,0.19
152753,0.045
152754,0.17
152755,0.315
152756,0.27
152757,0.19
152758,0.015
152759,0.185
152760,0.035
152761,0.255
152762,0.03
152763,0.115
152764,0.08
152765,0.37
152766,0.115
152767,0.005
152768,0.445
152769,0.28
152770,0.1
152771,0.225
152772,0.065
152773,0.04
152774,0.805
152775,0.13
152776,0.62
152777,0.28
152778,0.02
152779,0.19
152780,0.035
152781,0.08
152782,0.14
152783,0.13
152784,0.055
152785,0.085
152786,0.08
152787,0.14
152788,0.22
152789,0.06
152790,0.53
152791,0.095
152792,0.325
152793,0.675
152794,0.03
152795,0.06
152796,0.075
152797,0.085
152798,0.265
152799,0.06
152800,0.055
152801,0.0
152802,0.1
152803,0.03
152804,0.62
152805,0.29
152806,0.15
152807,0.16
152808,0.05
152809,0.22
152810,0.395
152811,0.08
152812,0.065
152813,0.145
152814,0.255
152815,0.055
152816,0.185
152817,0.025
152818,0.065
152819,0.11
152820,0.205
152821,0.145
152822,0.11
152823,0.26
152824,0.485
152825,0.34
152826,0.705
152827,0.0
152828,0.1
152829,0.03
152830,0.095
152831,0.13
152832,0.135
152833,0.025
152834,0.075
152835,0.36
152836,0.195
152837,0.135
152838,0.015
152839,0.465
152840,0.035
152841,0.235
152842,0.185
152843,0.27
152844,0.115
152845,0.035
152846,0.29
152847,0.56
152848,0.47
152849,0.05
152850,0.1
152851,0.095
152852,0.35
152853,0.215
152854,0.12
152855,0.155
152856,0.2
152857,0.28
152858,0.055
152859,0.06
152860,0.11
152861,0.155
152862,0.13
152863,0.04
152864,0.14
152865,0.19
152866,0.07
152867,0.085
152868,0.04
152869,0.165
152870,0.515
152871,0.205
152872,0.705
152873,0.065
152874,0.195
152875,0.26
152876,0.25
152877,0.145
152878,0.22
152879,0.39
152880,0.025
152881,0.095
152882,0.24
152883,0.11
152884,0.415
152885,0.14
152886,0.225
152887,0.095
152888,0.04
152889,0.045
152890,0.97
152891,0.345
152892,0.185
152893,0.465
152894,0.43
152895,0.125
152896,0.36
152897,0.03
152898,0.05
152899,0.315
152900,0.105
152901,0.215
152902,0.075
152903,0.075
152904,0.285
152905,0.125
152906,0.71
152907,0.085
152908,0.09
152909,0.28
152910,0.205
152911,0.13
152912,0.255
152913,0.6
152914,0.095
152915,0.485
152916,0.105
152917,0.02
152918,0.09
152919,0.27
152920,0.08
152921,0.69
152922,0.68
152923,0.595
152924,0.065
152925,0.07
152926,0.035
152927,0.055
152928,0.435
152929,0.09
152930,0.33
152931,0.6
152932,0.21
152933,0.075
152934,0.645
152935,0.05
152936,0.09
152937,0.28
152938,0.245
152939,0.06
152940,0.105
152941,0.415
152942,0.255
152943,0.08
152944,0.53
152945,0.585
152946,0.04
152947,0.08
152948,0.135
152949,0.295
152950,0.21
152951,0.43
152952,0.04
152953,0.165
152954,0.155
152955,0.065
152956,0.165
152957,0.065
152958,0.085
152959,0.135
152960,0.12
152961,0.205
152962,0.095
152963,0.45
152964,0.02
152965,0.245
152966,0.68
152967,0.12
152968,0.16
152969,0.565
152970,0.325
152971,0.575
152972,0.17
152973,0.125
152974,0.645
152975,0.535
152976,0.325
152977,0.185
152978,0.08
152979,0.075
152980,0.36
152981,0.16
152982,0.495
152983,0.2
152984,0.2
152985,0.055
152986,0.675
152987,0.1
152988,0.115
152989,0.095
152990,0.18
152991,0.09
152992,0.265
152993,0.28
152994,0.465
152995,0.075
152996,0.06
152997,0.85
152998,0.325
152999,0.055
153000,0.28
153001,0.035
153002,0.565
153003,0.055
153004,0.205
153005,0.165
153006,0.4
153007,0.05
153008,0.155
153009,0.755
153010,0.035
153011,0.345
153012,0.005
153013,0.175
153014,0.185
153015,0.105
153016,0.15
153017,0.135
153018,0.045
153019,0.325
153020,0.18
153021,0.45
153022,0.625
153023,0.26
153024,0.55
153025,0.015
153026,0.075
153027,0.06
153028,0.04
153029,0.295
153030,0.045
153031,0.09
153032,0.085
153033,0.28
153034,0.045
153035,0.265
153036,0.015
153037,0.68
153038,0.525
153039,0.06
153040,0.595
153041,0.335
153042,0.305
153043,0.17
153044,0.055
153045,0.21
153046,0.745
153047,0.215
153048,0.21
153049,0.055
153050,0.715
153051,0.06
153052,0.75
153053,0.125
153054,0.145
153055,0.285
153056,0.15
153057,0.07
153058,0.205
153059,0.195
153060,0.21
153061,0.39
153062,0.195
153063,0.13
153064,0.19
153065,0.095
153066,0.045
153067,0.27
153068,0.255
153069,0.315
153070,0.13
153071,0.015
153072,0.055
153073,0.145
153074,0.27
153075,0.085
153076,0.085
153077,0.25
153078,0.055
153079,0.09
153080,0.03
153081,0.12
153082,0.095
153083,0.065
153084,0.095
153085,0.24
153086,0.01
153087,0.525
153088,0.115
153089,0.67
153090,0.18
153091,0.075
153092,0.705
153093,0.025
153094,0.045
153095,0.605
153096,0.335
153097,0.1
153098,0.055
153099,0.555
153100,0.045
153101,0.255
153102,0.61
153103,0.725
153104,0.0
153105,0.175
153106,0.155
153107,0.185
153108,0.75
153109,0.195
153110,0.085
153111,0.25
153112,0.76
153113,0.11
153114,0.095
153115,0.015
153116,0.155
153117,0.265
153118,0.225
153119,0.875
153120,0.035
153121,0.16
153122,0.41
153123,0.04
153124,0.185
153125,0.1
153126,0.535
153127,0.075
153128,0.23
153129,0.075
153130,0.195
153131,0.725
153132,0.53
153133,0.04
153134,0.65
153135,0.29
153136,0.15
153137,0.055
153138,0.71
153139,0.335
153140,0.095
153141,0.16
153142,0.61
153143,0.05
153144,0.18
153145,0.15
153146,0.08
153147,0.28
153148,0.415
153149,0.215
153150,0.935
153151,0.67
153152,0.34
153153,0.115
153154,0.485
153155,0.195
153156,0.14
153157,0.245
153158,0.19
153159,0.415
153160,0.685
153161,0.05
153162,0.45
153163,0.675
153164,0.06
153165,0.765
153166,0.1
153167,0.21
153168,0.105
153169,0.02
153170,0.035
153171,0.61
153172,0.385
153173,0.0
153174,0.04
153175,0.085
153176,0.21
153177,0.22
153178,0.44
153179,0.115
153180,0.49
153181,0.095
153182,0.415
153183,0.615
153184,0.015
153185,0.09
153186,0.06
153187,0.355
153188,0.37
153189,0.605
153190,0.05
153191,0.11
153192,0.775
153193,0.235
153194,0.645
153195,0.215
153196,0.67
153197,0.505
153198,0.56
153199,0.015
153200,0.32
153201,0.055
153202,0.145
153203,0.1
153204,0.045
153205,0.305
153206,0.345
153207,0.185
153208,0.315
153209,0.065
153210,0.105
153211,0.02
153212,0.095
153213,0.155
153214,0.19
153215,0.14
153216,0.88
153217,0.76
153218,0.11
153219,0.165
153220,0.045
153221,0.16
153222,0.435
153223,0.66
153224,0.09
153225,0.1
153226,0.41
153227,0.13
153228,0.085
153229,0.075
153230,0.05
153231,0.22
153232,0.275
153233,0.455
153234,0.115
153235,0.115
153236,0.095
153237,0.05
153238,0.225
153239,0.055
153240,0.385
153241,0.06
153242,0.28
153243,0.13
153244,0.115
153245,0.035
153246,0.045
153247,0.1
153248,0.26
153249,0.23
153250,0.105
153251,0.14
153252,0.725
153253,0.16
153254,0.245
153255,0.145
153256,0.415
153257,0.175
153258,0.04
153259,0.09
153260,0.045
153261,0.24
153262,0.18
153263,0.37
153264,0.035
153265,0.05
153266,0.045
153267,0.31
153268,0.03
153269,0.015
153270,0.5
153271,0.215
153272,0.055
153273,0.72
153274,0.085
153275,0.325
153276,0.505
153277,0.19
153278,0.155
153279,0.095
153280,0.125
153281,0.72
153282,0.11
153283,0.565
153284,0.065
153285,0.51
153286,0.495
153287,0.11
153288,0.085
153289,0.26
153290,0.225
153291,0.17
153292,0.555
153293,0.5
153294,0.085
153295,0.2
153296,0.125
153297,0.125
153298,0.75
153299,0.075
153300,0.725
153301,0.2
153302,0.605
153303,0.06
153304,0.05
153305,0.135
153306,0.11
153307,0.38
153308,0.02
153309,0.45
153310,0.195
153311,0.165
153312,0.17
153313,0.035
153314,0.1
153315,0.285
153316,0.08
153317,0.05
153318,0.19
153319,0.335
153320,0.405
153321,0.64
153322,0.075
153323,0.605
153324,0.795
153325,0.1
153326,0.035
153327,0.15
153328,0.145
153329,0.94
153330,0.695
153331,0.16
153332,0.02
153333,0.52
153334,0.175
153335,0.05
153336,0.015
153337,0.125
153338,0.225
153339,0.045
153340,0.105
153341,0.335
153342,0.25
153343,0.045
153344,0.295
153345,0.345
153346,0.33
153347,0.655
153348,0.135
153349,0.385
153350,0.115
153351,0.14
153352,0.305
153353,0.065
153354,0.095
153355,0.115
153356,0.55
153357,0.575
153358,0.05
153359,0.025
153360,0.195
153361,0.07
153362,0.31
153363,0.26
153364,0.455
153365,0.17
153366,0.135
153367,0.015
153368,0.575
153369,0.125
153370,0.0
153371,0.215
153372,0.055
153373,0.165
153374,0.26
153375,0.15
153376,0.035
153377,0.095
153378,0.05
153379,0.28
153380,0.095
153381,0.16
153382,0.62
153383,0.03
153384,0.09
153385,0.075
153386,0.975
153387,0.36
153388,0.19
153389,0.515
153390,0.335
153391,0.675
153392,0.095
153393,0.1
153394,0.04
153395,0.035
153396,0.34
153397,0.62
153398,0.0
153399,0.02
153400,0.035
153401,0.095
153402,0.18
153403,0.53
153404,0.2
153405,0.585
153406,0.025
153407,0.04
153408,0.035
153409,0.255
153410,0.16
153411,0.355
153412,0.105
153413,0.09
153414,0.255
153415,0.14
153416,0.61
153417,0.24
153418,0.26
153419,0.1
153420,0.44
153421,0.135
153422,0.07
153423,0.57
153424,0.465
153425,0.7
153426,0.055
153427,0.0
153428,0.265
153429,0.185
153430,0.465
153431,0.235
153432,0.48
153433,0.475
153434,0.09
153435,0.17
153436,0.385
153437,0.205
153438,0.36
153439,0.07
153440,0.09
153441,0.725
153442,0.545
153443,0.2
153444,0.15
153445,0.075
153446,0.115
153447,0.205
153448,0.115
153449,0.255
153450,0.275
153451,0.225
153452,0.215
153453,0.88
153454,0.025
153455,0.1
153456,0.49
153457,0.01
153458,0.07
153459,0.01
153460,0.415
153461,0.055
153462,0.015
153463,0.515
153464,0.24
153465,0.19
153466,0.16
153467,0.26
153468,0.1
153469,0.155
153470,0.25
153471,0.51
153472,0.68
153473,0.03
153474,0.67
153475,0.675
153476,0.135
153477,0.385
153478,0.035
153479,0.235
153480,0.325
153481,0.2
153482,0.315
153483,0.155
153484,0.415
153485,0.12
153486,0.01
153487,0.39
153488,0.52
153489,0.62
153490,0.265
153491,0.05
153492,0.685
153493,0.06
153494,0.73
153495,0.04
153496,0.28
153497,0.14
153498,0.085
153499,0.31
153500,0.065
153501,0.305
153502,0.19
153503,0.57
153504,0.095
153505,0.035
153506,0.37
153507,0.04
153508,0.095
153509,0.1
153510,0.195
153511,0.045
153512,0.17
153513,0.07
153514,0.28
153515,0.085
153516,0.17
153517,0.205
153518,0.405
153519,0.63
153520,0.24
153521,0.085
153522,0.665
153523,0.34
153524,0.23
153525,0.045
153526,0.18
153527,0.145
153528,0.5
153529,0.23
153530,0.855
153531,0.195
153532,0.03
153533,0.315
153534,0.175
153535,0.545
153536,0.145
153537,0.045
153538,0.05
153539,0.03
153540,0.06
153541,0.03
153542,0.165
153543,0.085
153544,0.555
153545,0.23
153546,0.195
153547,0.095
153548,0.535
153549,0.91
153550,0.825
153551,0.26
153552,0.11
153553,0.96
153554,0.25
153555,0.275
153556,0.4
153557,0.045
153558,0.27
153559,0.1
153560,0.115
153561,0.52
153562,0.345
153563,0.05
153564,0.345
153565,0.41
153566,0.57
153567,0.025
153568,0.095
153569,0.465
153570,0.06
153571,0.215
153572,0.06
153573,0.585
153574,0.065
153575,0.085
153576,0.47
153577,0.05
153578,0.09
153579,0.06
153580,0.005
153581,0.055
153582,0.17
153583,0.135
153584,0.055
153585,0.87
153586,0.485
153587,0.835
153588,0.185
153589,0.77
153590,0.005
153591,0.08
153592,0.145
153593,0.5
153594,0.12
153595,0.195
153596,0.56
153597,0.14
153598,0.03
153599,0.14
153600,0.11
153601,0.13
153602,0.01
153603,0.19
153604,0.205
153605,0.24
153606,0.07
153607,0.205
153608,0.03
153609,0.24
153610,0.28
153611,0.12
153612,0.705
153613,0.17
153614,0.01
153615,0.14
153616,0.615
153617,0.575
153618,0.175
153619,0.285
153620,0.425
153621,0.09
153622,0.51
153623,0.05
153624,0.74
153625,0.385
153626,0.045
153627,0.67
153628,0.735
153629,0.32
153630,0.83
153631,0.245
153632,0.45
153633,0.035
153634,0.115
153635,0.06
153636,0.93
153637,0.15
153638,0.76
153639,0.05
153640,0.395
153641,0.15
153642,0.105
153643,0.375
153644,0.29
153645,0.22
153646,0.2
153647,0.03
153648,0.085
153649,0.09
153650,0.0
153651,0.105
153652,0.12
153653,0.325
153654,0.14
153655,0.065
153656,0.135
153657,0.105
153658,0.13
153659,0.085
153660,0.135
153661,0.25
153662,0.06
153663,0.185
153664,0.385
153665,0.405
153666,0.405
153667,0.055
153668,0.23
153669,0.875
153670,0.12
153671,0.105
153672,0.15
153673,0.445
153674,0.09
153675,0.185
153676,0.19
153677,0.275
153678,0.015
153679,0.155
153680,0.185
153681,0.06
153682,0.09
153683,0.165
153684,0.03
153685,0.03
153686,0.12
153687,0.075
153688,0.25
153689,0.78
153690,0.965
153691,0.315
153692,0.58
153693,0.21
153694,0.12
153695,0.08
153696,0.685
153697,0.06
153698,0.265
153699,0.125
153700,0.03
153701,0.1
153702,0.23
153703,0.07
153704,0.04
153705,0.23
153706,0.03
153707,0.82
153708,0.095
153709,0.245
153710,0.075
153711,0.44
153712,0.725
153713,0.09
153714,0.12
153715,0.155
153716,0.135
153717,0.05
153718,0.18
153719,0.03
153720,0.03
153721,0.035
153722,0.02
153723,0.035
153724,0.6
153725,0.365
153726,0.53
153727,0.07
153728,0.035
153729,0.01
153730,0.065
153731,0.0
153732,0.335
153733,0.165
153734,0.145
153735,0.28
153736,0.06
153737,0.145
153738,0.13
153739,0.03
153740,0.105
153741,0.08
153742,0.025
153743,0.09
153744,0.295
153745,0.355
153746,0.38
153747,0.0
153748,0.145
153749,0.045
153750,0.01
153751,0.25
153752,0.355
153753,0.01
153754,0.235
153755,0.05
153756,0.54
153757,0.185
153758,0.0
153759,0.16
153760,0.05
153761,0.025
153762,0.06
153763,0.05
153764,0.285
153765,0.3
153766,0.04
153767,0.09
153768,0.05
153769,0.045
153770,0.04
153771,0.32
153772,0.075
153773,0.07
153774,0.16
153775,0.59
153776,0.13
153777,0.375
153778,0.085
153779,0.59
153780,0.62
153781,0.075
153782,0.02
153783,0.225
153784,0.31
153785,0.15
153786,0.365
153787,0.415
153788,0.035
153789,0.11
153790,0.47
153791,0.19
153792,0.055
153793,0.665
153794,0.15
153795,0.725
153796,0.17
153797,0.14
153798,0.04
153799,0.25
153800,0.095
153801,0.15
153802,0.1
153803,0.055
153804,0.845
153805,0.365
153806,0.385
153807,0.16
153808,0.23
153809,0.06
153810,0.245
153811,0.255
153812,0.07
153813,0.075
153814,0.195
153815,0.03
153816,0.02
153817,0.1
153818,0.135
153819,0.215
153820,0.54
153821,0.465
153822,0.245
153823,0.03
153824,0.465
153825,0.215
153826,0.69
153827,0.49
153828,0.67
153829,0.045
153830,0.47
153831,0.075
153832,0.1
153833,0.02
153834,0.265
153835,0.065
153836,0.18
153837,0.055
153838,0.6
153839,0.325
153840,0.075
153841,0.14
153842,0.35
153843,0.08
153844,0.0
153845,0.095
153846,0.085
153847,0.11
153848,0.225
153849,0.04
153850,0.105
153851,0.235
153852,0.16
153853,0.085
153854,0.085
153855,0.805
153856,0.16
153857,0.675
153858,0.105
153859,0.16
153860,0.26
153861,0.635
153862,0.36
153863,0.77
153864,0.19
153865,0.07
153866,0.12
153867,0.435
153868,0.17
153869,0.185
153870,0.105
153871,0.06
153872,0.055
153873,0.36
153874,0.19
153875,0.18
153876,0.085
153877,0.075
153878,0.35
153879,0.395
153880,0.63
153881,0.16
153882,0.015
153883,0.315
153884,0.02
153885,0.06
153886,0.155
153887,0.18
153888,0.02
153889,0.34
153890,0.195
153891,0.6
153892,0.02
153893,0.815
153894,0.275
153895,0.1
153896,0.025
153897,0.33
153898,0.485
153899,0.01
153900,0.225
153901,0.075
153902,0.2
153903,0.02
153904,0.015
153905,0.92
153906,0.16
153907,0.47
153908,0.21
153909,0.14
153910,0.11
153911,0.085
153912,0.335
153913,0.0
153914,0.05
153915,0.03
153916,0.7
153917,0.21
153918,0.01
153919,0.12
153920,0.75
153921,0.295
153922,0.205
153923,0.19
153924,0.04
153925,0.245
153926,0.035
153927,0.065
153928,0.215
153929,0.04
153930,0.205
153931,0.2
153932,0.13
153933,0.025
153934,0.13
153935,0.17
153936,0.06
153937,0.305
153938,0.125
153939,0.115
153940,0.415
153941,0.11
153942,0.17
153943,0.38
153944,0.48
153945,0.115
153946,0.105
153947,0.11
153948,0.035
153949,0.285
153950,0.19
153951,0.465
153952,0.08
153953,0.76
153954,0.155
153955,0.18
153956,0.12
153957,0.91
153958,0.605
153959,0.05
153960,0.595
153961,0.34
153962,0.02
153963,0.62
153964,0.415
153965,0.01
153966,0.33
153967,0.12
153968,0.17
153969,0.88
153970,0.81
153971,0.045
153972,0.285
153973,0.035
153974,0.185
153975,0.1
153976,0.31
153977,0.83
153978,0.105
153979,0.23
153980,0.065
153981,0.145
153982,0.035
153983,0.145
153984,0.05
153985,0.295
153986,0.185
153987,0.05
153988,0.085
153989,0.45
153990,0.055
153991,0.445
153992,0.3
153993,0.425
153994,0.79
153995,0.54
153996,0.25
153997,0.125
153998,0.415
153999,0.09
154000,0.755
154001,0.03
154002,0.09
154003,0.205
154004,0.135
154005,0.19
154006,0.09
154007,0.08
154008,0.02
154009,0.165
154010,0.185
154011,0.085
154012,0.105
154013,0.08
154014,0.95
154015,0.375
154016,0.125
154017,0.12
154018,0.325
154019,0.11
154020,0.125
154021,0.275
154022,0.1
154023,0.68
154024,0.03
154025,0.155
154026,0.135
154027,0.065
154028,0.925
154029,0.215
154030,0.105
154031,0.235
154032,0.515
154033,0.165
154034,0.485
154035,0.66
154036,0.12
154037,0.54
154038,0.05
154039,0.05
154040,0.03
154041,0.17
154042,0.035
154043,0.61
154044,0.165
154045,0.225
154046,0.16
154047,0.03
154048,0.715
154049,0.075
154050,0.255
154051,0.16
154052,0.11
154053,0.04
154054,0.2
154055,0.415
154056,0.025
154057,0.075
154058,0.395
154059,0.05
154060,0.245
154061,0.185
154062,0.65
154063,0.18
154064,0.12
154065,0.33
154066,0.0
154067,0.15
154068,0.11
154069,0.235
154070,0.08
154071,0.88
154072,0.145
154073,0.14
154074,0.115
154075,0.565
154076,0.03
154077,0.215
154078,0.145
154079,1.0
154080,0.02
154081,0.245
154082,0.06
154083,0.315
154084,0.705
154085,0.27
154086,0.05
154087,0.24
154088,0.175
154089,0.415
154090,0.035
154091,0.135
154092,0.115
154093,0.035
154094,0.395
154095,0.205
154096,0.52
154097,0.345
154098,0.03
154099,0.28
154100,0.125
154101,0.45
154102,0.03
154103,0.08
154104,0.255
154105,0.13
154106,0.37
154107,0.015
154108,0.135
154109,0.12
154110,0.065
154111,0.115
154112,0.0
154113,0.625
154114,0.07
154115,0.08
154116,0.07
154117,0.14
154118,0.13
154119,0.075
154120,0.21
154121,0.16
154122,0.125
154123,0.065
154124,0.125
154125,0.55
154126,0.53
154127,0.04
154128,0.195
154129,0.36
154130,0.175
154131,0.215
154132,0.37
154133,0.945
154134,0.285
154135,0.14
154136,0.385
154137,0.08
154138,0.035
154139,0.215
154140,0.795
154141,0.15
154142,0.0
154143,0.005
154144,0.07
154145,0.21
154146,0.055
154147,0.055
154148,0.19
154149,0.405
154150,0.0
154151,0.09
154152,0.12
154153,0.01
154154,0.03
154155,0.045
154156,0.055
154157,0.055
154158,0.08
154159,0.165
154160,0.04
154161,0.135
154162,0.12
154163,0.02
154164,0.14
154165,0.165
154166,0.24
154167,0.17
154168,0.11
154169,0.44
154170,0.085
154171,0.12
154172,0.14
154173,0.11
154174,0.005
154175,0.125
154176,0.2
154177,0.375
154178,0.18
154179,0.305
154180,0.215
154181,0.055
154182,0.115
154183,0.435
154184,0.685
154185,0.095
154186,0.045
154187,0.35
154188,0.07
154189,0.3
154190,0.1
154191,0.31
154192,0.12
154193,0.075
154194,0.085
154195,0.17
154196,0.105
154197,0.7
154198,0.095
154199,0.23
154200,0.35
154201,0.26
154202,0.145
154203,0.07
154204,0.105
154205,0.245
154206,0.405
154207,0.03
154208,0.115
154209,0.04
154210,0.62
154211,0.21
154212,0.115
154213,0.005
154214,0.22
154215,0.175
154216,0.055
154217,0.045
154218,0.17
154219,0.29
154220,0.425
154221,0.075
154222,0.065
154223,0.82
154224,0.51
154225,0.86
154226,0.02
154227,0.145
154228,0.145
154229,0.075
154230,0.08
154231,0.445
154232,0.325
154233,0.07
154234,0.155
154235,0.02
154236,0.56
154237,0.065
154238,0.335
154239,0.06
154240,0.1
154241,0.055
154242,0.635
154243,0.08
154244,0.35
154245,0.565
154246,0.51
154247,0.055
154248,0.315
154249,0.03
154250,0.1
154251,0.37
154252,0.115
154253,0.5
154254,0.22
154255,0.45
154256,0.175
154257,0.1
154258,0.38
154259,0.095
154260,0.245
154261,0.035
154262,0.135
154263,0.105
154264,0.12
154265,0.235
154266,0.955
154267,0.145
154268,0.11
154269,0.015
154270,0.16
154271,0.12
154272,0.485
154273,0.115
154274,0.06
154275,0.305
154276,0.135
154277,0.065
154278,0.06
154279,0.725
154280,0.235
154281,0.27
154282,0.01
154283,0.8
154284,0.065
154285,0.035
154286,0.515
154287,0.32
154288,0.025
154289,0.79
154290,0.045
154291,0.13
154292,0.405
154293,0.045
154294,0.21
154295,0.025
154296,0.33
154297,0.355
154298,0.025
154299,0.01
154300,0.15
154301,0.32
154302,0.26
154303,0.135
154304,0.045
154305,0.085
154306,0.11
154307,0.205
154308,0.13
154309,0.31
154310,0.46
154311,0.155
154312,0.1
154313,0.56
154314,0.255
154315,0.15
154316,0.225
154317,0.12
154318,0.185
154319,0.075
154320,0.075
154321,0.02
154322,0.745
154323,0.115
154324,0.235
154325,0.03
154326,0.065
154327,0.22
154328,0.695
154329,0.025
154330,0.325
154331,0.04
154332,0.17
154333,0.22
154334,0.125
154335,0.395
154336,0.16
154337,0.05
154338,0.835
154339,0.21
154340,0.05
154341,0.51
154342,0.47
154343,0.035
154344,0.005
154345,0.005
154346,0.215
154347,0.105
154348,0.795
154349,0.195
154350,0.14
154351,0.065
154352,0.62
154353,0.185
154354,0.075
154355,0.035
154356,0.705
154357,0.21
154358,0.355
154359,0.26
154360,0.39
154361,0.58
154362,0.07
154363,0.04
154364,0.075
154365,0.4
154366,0.22
154367,0.015
154368,0.19
154369,0.14
154370,0.15
154371,0.195
154372,0.23
154373,0.025
154374,0.12
154375,0.27
154376,0.065
154377,0.115
154378,0.51
154379,0.45
154380,0.73
154381,0.505
154382,0.335
154383,0.245
154384,0.715
154385,0.155
154386,0.135
154387,0.22
154388,0.07
154389,0.335
154390,0.015
154391,0.095
154392,0.09
154393,0.15
154394,0.035
154395,0.115
154396,0.365
154397,0.12
154398,0.065
154399,0.42
154400,0.065
154401,0.025
154402,0.105
154403,0.135
154404,0.04
154405,0.025
154406,0.54
154407,0.025
154408,0.74
154409,0.1
154410,0.13
154411,0.17
154412,0.16
154413,0.535
154414,0.005
154415,0.09
154416,0.025
154417,0.0
154418,0.18
154419,0.17
154420,0.085
154421,0.16
154422,0.205
154423,0.03
154424,0.09
154425,0.01
154426,0.245
154427,0.145
154428,0.025
154429,0.265
154430,0.085
154431,0.155
154432,0.16
154433,0.145
154434,0.22
154435,0.03
154436,0.07
154437,0.545
154438,0.085
154439,0.335
154440,0.095
154441,0.09
154442,0.0
154443,0.195
154444,0.575
154445,0.94
154446,0.16
154447,0.145
154448,0.405
154449,0.13
154450,0.125
154451,0.265
154452,0.01
154453,0.025
154454,0.265
154455,0.105
154456,0.04
154457,0.515
154458,0.1
154459,0.435
154460,0.09
154461,0.085
154462,0.53
154463,0.115
154464,0.895
154465,0.09
154466,0.05
154467,0.06
154468,0.09
154469,0.335
154470,0.32
154471,0.24
154472,0.075
154473,0.42
154474,0.06
154475,0.14
154476,0.005
154477,0.17
154478,0.16
154479,0.315
154480,0.08
154481,0.2
154482,0.3
154483,0.21
154484,0.105
154485,0.085
154486,0.22
154487,0.65
154488,0.175
154489,0.065
154490,0.27
154491,0.15
154492,0.09
154493,0.02
154494,0.275
154495,0.025
154496,0.77
154497,0.6
154498,0.12
154499,0.33
154500,0.15
154501,0.785
154502,0.115
154503,0.075
154504,0.03
154505,0.16
154506,0.035
154507,0.19
154508,0.25
154509,0.155
154510,0.065
154511,0.085
154512,0.4
154513,0.16
154514,0.35
154515,0.13
154516,0.1
154517,0.1
154518,0.14
154519,0.6
154520,0.02
154521,0.17
154522,0.325
154523,0.765
154524,0.105
154525,0.105
154526,0.08
154527,0.195
154528,0.06
154529,0.04
154530,0.265
154531,0.125
154532,0.07
154533,0.255
154534,0.065
154535,0.705
154536,0.3
154537,0.04
154538,0.26
154539,0.13
154540,0.05
154541,0.23
154542,0.28
154543,0.045
154544,0.105
154545,0.28
154546,0.285
154547,0.2
154548,0.135
154549,0.165
154550,0.525
154551,0.275
154552,0.035
154553,0.59
154554,0.17
154555,0.09
154556,0.025
154557,0.32
154558,0.175
154559,0.215
154560,0.725
154561,0.165
154562,0.045
154563,0.34
154564,0.9
154565,0.08
154566,0.185
154567,0.04
154568,0.075
154569,0.175
154570,0.055
154571,0.055
154572,0.085
154573,0.035
154574,0.2
154575,0.38
154576,0.205
154577,0.19
154578,0.16
154579,0.295
154580,0.025
154581,0.19
154582,0.045
154583,0.15
154584,0.085
154585,0.47
154586,0.175
154587,0.07
154588,0.54
154589,0.285
154590,0.14
154591,0.335
154592,0.03
154593,0.075
154594,0.435
154595,0.43
154596,0.03
154597,0.685
154598,0.13
154599,0.18
154600,0.195
154601,0.425
154602,0.015
154603,0.02
154604,0.715
154605,0.545
154606,0.145
154607,0.125
154608,0.205
154609,0.1
154610,0.265
154611,0.09
154612,0.205
154613,0.045
154614,0.065
154615,0.02
154616,0.715
154617,0.115
154618,0.05
154619,0.265
154620,0.22
154621,0.115
154622,0.165
154623,0.505
154624,0.61
154625,0.155
154626,0.39
154627,0.235
154628,0.655
154629,0.04
154630,0.405
154631,0.66
154632,0.275
154633,0.53
154634,0.06
154635,0.09
154636,0.03
154637,0.09
154638,0.275
154639,0.27
154640,0.12
154641,0.825
154642,0.575
154643,0.1
154644,0.115
154645,0.155
154646,0.04
154647,0.055
154648,0.17
154649,0.68
154650,0.42
154651,0.135
154652,0.08
154653,0.38
154654,0.035
154655,0.42
154656,0.61
154657,0.175
154658,0.275
154659,0.56
154660,0.69
154661,0.055
154662,0.015
154663,0.11
154664,0.01
154665,0.09
154666,0.05
154667,0.09
154668,0.235
154669,0.12
154670,0.08
154671,0.08
154672,0.02
154673,0.105
154674,0.115
154675,0.245
154676,0.625
154677,0.31
154678,0.09
154679,0.065
154680,0.595
154681,0.025
154682,0.205
154683,0.025
154684,0.105
154685,0.04
154686,0.07
154687,0.26
154688,0.065
154689,0.08
154690,0.575
154691,0.805
154692,0.145
154693,0.095
154694,0.155
154695,0.21
154696,0.005
154697,0.075
154698,0.335
154699,0.1
154700,0.24
154701,0.205
154702,0.065
154703,0.475
154704,0.04
154705,0.55
154706,0.315
154707,0.56
154708,0.075
154709,0.06
154710,0.29
154711,0.025
154712,0.23
154713,0.185
154714,0.04
154715,0.715
154716,0.29
154717,0.415
154718,0.165
154719,0.09
154720,0.105
154721,0.175
154722,0.51
154723,0.265
154724,0.085
154725,0.33
154726,0.095
154727,0.03
154728,0.195
154729,0.065
154730,0.13
154731,0.085
154732,0.89
154733,0.34
154734,0.125
154735,0.05
154736,0.04
154737,0.17
154738,0.01
154739,0.17
154740,0.07
154741,0.315
154742,0.02
154743,0.74
154744,0.1
154745,0.26
154746,0.05
154747,0.13
154748,0.05
154749,0.025
154750,0.08
154751,0.095
154752,0.365
154753,0.23
154754,0.465
154755,0.07
154756,0.07
154757,0.785
154758,0.21
154759,0.17
154760,0.035
154761,0.955
154762,0.29
154763,0.68
154764,0.16
154765,0.135
154766,0.105
154767,0.11
154768,0.02
154769,0.075
154770,0.065
154771,0.185
154772,0.115
154773,0.055
154774,0.185
154775,0.14
154776,0.125
154777,0.115
154778,0.63
154779,0.63
154780,0.045
154781,0.045
154782,0.615
154783,0.28
154784,0.415
154785,0.17
154786,0.41
154787,0.085
154788,0.05
154789,0.3
154790,0.06
154791,0.035
154792,0.29
154793,0.1
154794,0.11
154795,0.115
154796,0.115
154797,0.06
154798,0.88
154799,0.08
154800,0.175
154801,0.26
154802,0.14
154803,0.135
154804,0.265
154805,0.26
154806,0.55
154807,0.18
154808,0.105
154809,0.2
154810,0.09
154811,0.125
154812,0.285
154813,0.185
154814,0.13
154815,0.095
154816,0.135
154817,0.165
154818,0.285
154819,0.05
154820,0.595
154821,0.155
154822,0.34
154823,0.285
154824,0.56
154825,0.19
154826,0.255
154827,0.09
154828,0.075
154829,0.23
154830,0.07
154831,0.39
154832,0.97
154833,0.035
154834,0.1
154835,0.12
154836,0.805
154837,0.235
154838,0.325
154839,0.18
154840,0.17
154841,0.04
154842,0.1
154843,0.17
154844,0.48
154845,0.215
154846,0.22
154847,0.185
154848,0.225
154849,0.02
154850,0.19
154851,0.08
154852,0.115
154853,0.07
154854,0.15
154855,0.05
154856,0.205
154857,0.06
154858,0.12
154859,0.055
154860,0.135
154861,0.115
154862,0.3
154863,0.09
154864,0.005
154865,0.535
154866,0.24
154867,0.29
154868,0.085
154869,0.56
154870,0.29
154871,0.385
154872,0.19
154873,0.05
154874,0.13
154875,0.07
154876,0.68
154877,0.17
154878,0.075
154879,0.195
154880,0.2
154881,0.725
154882,0.32
154883,0.36
154884,0.215
154885,0.215
154886,0.045
154887,0.175
154888,0.5
154889,0.605
154890,0.045
154891,0.205
154892,0.21
154893,0.095
154894,0.07
154895,0.15
154896,0.265
154897,0.14
154898,0.03
154899,0.235
154900,0.295
154901,0.03
154902,0.055
154903,0.095
154904,0.07
154905,0.44
154906,0.055
154907,0.245
154908,0.105
154909,0.095
154910,0.11
154911,0.145
154912,0.125
154913,0.8
154914,0.22
154915,0.525
154916,0.225
154917,0.005
154918,0.085
154919,0.27
154920,0.675
154921,0.675
154922,0.32
154923,0.115
154924,0.275
154925,0.49
154926,0.305
154927,0.24
154928,0.695
154929,0.005
154930,0.145
154931,0.24
154932,0.01
154933,0.09
154934,0.205
154935,0.03
154936,0.105
154937,0.075
154938,0.355
154939,0.025
154940,0.115
154941,0.12
154942,0.01
154943,0.675
154944,0.635
154945,0.145
154946,0.04
154947,0.55
154948,0.095
154949,0.09
154950,0.04
154951,0.03
154952,0.08
154953,0.085
154954,0.835
154955,0.13
154956,0.505
154957,0.6
154958,0.41
154959,0.385
154960,0.205
154961,0.065
154962,0.085
154963,0.735
154964,0.06
154965,0.34
154966,0.51
154967,0.465
154968,0.065
154969,0.8
154970,0.04
154971,0.235
154972,0.005
154973,0.33
154974,0.39
154975,0.25
154976,0.035
154977,0.4
154978,0.105
154979,0.145
154980,0.255
154981,0.17
154982,0.43
154983,0.365
154984,0.065
154985,0.1
154986,0.2
154987,0.145
154988,0.345
154989,0.095
154990,0.46
154991,0.935
154992,0.405
154993,0.645
154994,0.165
154995,0.245
154996,0.12
154997,0.16
154998,0.215
154999,0.095
155000,0.375
155001,0.035
155002,0.38
155003,0.3
155004,0.31
155005,0.015
155006,0.36
155007,0.205
155008,0.125
155009,0.6
155010,0.27
155011,0.035
155012,0.7
155013,0.36
155014,0.28
155015,0.075
155016,0.35
155017,0.05
155018,0.27
155019,0.095
155020,0.2
155021,0.06
155022,0.105
155023,0.06
155024,0.735
155025,0.83
155026,0.25
155027,0.025
155028,0.355
155029,0.205
155030,0.03
155031,0.09
155032,0.56
155033,0.1
155034,0.295
155035,0.28
155036,0.13
155037,0.02
155038,0.135
155039,0.015
155040,0.235
155041,0.045
155042,0.54
155043,0.225
155044,0.12
155045,0.01
155046,0.025
155047,0.275
155048,0.275
155049,0.125
155050,0.035
155051,0.08
155052,0.145
155053,0.16
155054,0.725
155055,0.02
155056,0.25
155057,0.205
155058,0.075
155059,0.07
155060,0.61
155061,0.05
155062,0.215
155063,0.085
155064,0.06
155065,0.17
155066,0.06
155067,0.085
155068,0.075
155069,0.14
155070,0.05
155071,0.72
155072,0.215
155073,0.11
155074,0.07
155075,0.17
155076,0.31
155077,0.715
155078,0.06
155079,0.005
155080,0.49
155081,0.03
155082,0.39
155083,0.505
155084,0.575
155085,0.25
155086,0.03
155087,0.285
155088,0.13
155089,0.075
155090,0.225
155091,0.1
155092,0.38
155093,0.065
155094,0.135
155095,0.31
155096,0.88
155097,0.505
155098,0.3
155099,0.025
155100,0.67
155101,0.065
155102,0.45
155103,0.115
155104,0.185
155105,0.59
155106,0.38
155107,0.09
155108,0.11
155109,0.4
155110,0.455
155111,0.14
155112,0.53
155113,0.135
155114,0.06
155115,0.13
155116,0.28
155117,0.575
155118,0.535
155119,0.105
155120,0.095
155121,0.19
155122,0.02
155123,0.355
155124,0.17
155125,0.335
155126,0.22
155127,0.34
155128,0.13
155129,0.015
155130,0.06
155131,0.215
155132,0.04
155133,0.16
155134,0.05
155135,0.05
155136,0.19
155137,0.29
155138,0.26
155139,0.66
155140,0.255
155141,0.0
155142,0.8
155143,0.18
155144,0.125
155145,0.225
155146,0.315
155147,0.17
155148,0.215
155149,0.28
155150,0.31
155151,0.075
155152,0.55
155153,0.1
155154,0.175
155155,0.035
155156,0.255
155157,0.135
155158,0.11
155159,0.055
155160,0.115
155161,0.13
155162,0.34
155163,0.19
155164,0.08
155165,0.24
155166,0.51
155167,0.33
155168,0.46
155169,0.03
155170,0.31
155171,0.045
155172,0.06
155173,0.07
155174,0.295
155175,0.12
155176,0.395
155177,0.245
155178,0.035
155179,0.36
155180,0.005
155181,0.28
155182,0.02
155183,0.07
155184,0.175
155185,0.185
155186,0.215
155187,0.03
155188,0.03
155189,0.065
155190,0.135
155191,0.37
155192,0.095
155193,0.105
155194,0.275
155195,0.27
155196,0.045
155197,0.505
155198,0.17
155199,0.07
155200,0.16
155201,0.44
155202,0.21
155203,0.23
155204,0.115
155205,0.015
155206,0.315
155207,0.505
155208,0.135
155209,0.205
155210,0.075
155211,0.065
155212,0.225
155213,0.04
155214,0.8
155215,0.475
155216,0.205
155217,0.085
155218,0.35
155219,0.26
155220,0.115
155221,0.095
155222,0.155
155223,0.03
155224,0.105
155225,0.105
155226,0.495
155227,0.145
155228,0.095
155229,0.16
155230,0.055
155231,0.425
155232,0.07
155233,0.2
155234,0.165
155235,0.335
155236,0.09
155237,0.11
155238,0.06
155239,0.41
155240,0.025
155241,0.075
155242,0.6
155243,0.03
155244,0.01
155245,0.18
155246,0.07
155247,0.22
155248,0.6
155249,0.02
155250,0.275
155251,0.28
155252,0.185
155253,0.045
155254,0.05
155255,0.13
155256,0.13
155257,0.335
155258,0.085
155259,0.665
155260,0.23
155261,0.055
155262,0.29
155263,0.555
155264,0.155
155265,0.185
155266,0.065
155267,0.045
155268,0.035
155269,0.125
155270,0.34
155271,0.11
155272,0.05
155273,0.205
155274,0.195
155275,0.815
155276,0.095
155277,0.04
155278,0.27
155279,0.155
155280,0.02
155281,0.16
155282,0.245
155283,0.305
155284,0.12
155285,0.3
155286,0.235
155287,0.215
155288,0.095
155289,0.28
155290,0.135
155291,0.085
155292,0.02
155293,0.055
155294,0.285
155295,0.06
155296,0.245
155297,0.25
155298,0.51
155299,0.15
155300,0.08
155301,0.365
155302,0.14
155303,0.22
155304,0.48
155305,0.315
155306,0.36
155307,0.545
155308,0.19
155309,0.025
155310,0.115
155311,0.31
155312,0.05
155313,0.08
155314,0.035
155315,0.54
155316,0.205
155317,0.045
155318,0.05
155319,0.52
155320,0.29
155321,0.67
155322,0.71
155323,0.02
155324,0.135
155325,0.885
155326,0.35
155327,0.14
155328,0.275
155329,0.095
155330,0.18
155331,0.01
155332,0.07
155333,0.165
155334,0.035
155335,0.055
155336,0.285
155337,0.425
155338,0.24
155339,0.12
155340,0.42
155341,0.22
155342,0.39
155343,0.14
155344,0.51
155345,0.2
155346,0.17
155347,0.08
155348,0.255
155349,0.15
155350,0.095
155351,0.07
155352,0.035
155353,0.205
155354,0.105
155355,0.07
155356,0.115
155357,0.155
155358,0.155
155359,0.065
155360,0.24
155361,0.045
155362,0.415
155363,0.065
155364,0.23
155365,0.91
155366,0.02
155367,0.095
155368,0.02
155369,0.01
155370,0.58
155371,0.66
155372,0.26
155373,0.005
155374,0.08
155375,0.45
155376,0.01
155377,0.15
155378,0.02
155379,0.04
155380,0.185
155381,0.185
155382,0.205
155383,0.025
155384,0.14
155385,0.085
155386,0.13
155387,0.07
155388,0.12
155389,0.435
155390,0.26
155391,0.09
155392,0.115
155393,0.69
155394,0.085
155395,0.065
155396,0.095
155397,0.29
155398,0.095
155399,0.28
155400,0.135
155401,0.09
155402,0.23
155403,0.01
155404,0.09
155405,0.005
155406,0.13
155407,0.065
155408,0.09
155409,0.295
155410,0.01
155411,0.07
155412,0.03
155413,0.34
155414,0.045
155415,0.035
155416,0.005
155417,0.12
155418,0.46
155419,0.14
155420,0.035
155421,0.14
155422,0.19
155423,0.155
155424,0.745
155425,0.195
155426,0.14
155427,0.28
155428,0.28
155429,0.03
155430,0.105
155431,0.075
155432,0.125
155433,0.435
155434,0.05
155435,0.205
155436,0.23
155437,0.195
155438,0.02
155439,0.06
155440,0.435
155441,0.105
155442,0.005
155443,0.005
155444,0.06
155445,0.185
155446,0.26
155447,0.18
155448,0.58
155449,0.14
155450,0.025
155451,0.44
155452,0.4
155453,0.02
155454,0.11
155455,0.36
155456,0.925
155457,0.07
155458,0.28
155459,0.165
155460,0.17
155461,0.045
155462,0.39
155463,0.28
155464,0.07
155465,0.25
155466,0.2
155467,0.495
155468,0.405
155469,0.075
155470,0.33
155471,0.205
155472,0.215
155473,0.105
155474,0.11
155475,0.075
155476,0.045
155477,0.33
155478,0.105
155479,0.15
155480,0.245
155481,0.04
155482,0.39
155483,0.39
155484,0.11
155485,0.105
155486,0.02
155487,0.07
155488,0.365
155489,0.09
155490,0.09
155491,0.31
155492,0.05
155493,0.005
155494,0.045
155495,0.115
155496,0.165
155497,0.03
155498,0.075
155499,0.4
155500,0.315
155501,0.125
155502,0.05
155503,0.15
155504,0.095
155505,0.345
155506,0.08
155507,0.095
155508,0.125
155509,0.21
155510,0.255
155511,0.255
155512,0.06
155513,0.025
155514,0.07
155515,0.12
155516,0.075
155517,0.605
155518,0.01
155519,0.275
155520,0.105
155521,0.835
155522,0.29
155523,0.035
155524,0.125
155525,0.18
155526,0.11
155527,0.105
155528,0.195
155529,0.19
155530,0.065
155531,0.19
155532,0.125
155533,0.115
155534,0.405
155535,0.26
155536,0.165
155537,0.5
155538,0.19
155539,0.25
155540,0.085
155541,0.12
155542,0.185
155543,0.41
155544,0.18
155545,0.12
155546,0.07
155547,0.19
155548,0.44
155549,0.045
155550,0.08
155551,0.14
155552,0.6
155553,0.015
155554,0.23
155555,0.13
155556,0.185
155557,0.53
155558,0.54
155559,0.03
155560,0.045
155561,0.71
155562,0.695
155563,0.21
155564,0.25
155565,0.15
155566,0.065
155567,0.06
155568,0.095
155569,0.1
155570,0.01
155571,0.075
155572,0.12
155573,0.09
155574,0.14
155575,0.045
155576,0.305
155577,0.34
155578,0.625
155579,0.33
155580,0.37
155581,0.495
155582,0.41
155583,0.65
155584,0.205
155585,0.085
155586,0.39
155587,0.11
155588,0.095
155589,0.205
155590,0.105
155591,0.255
155592,0.08
155593,0.19
155594,0.095
155595,0.015
155596,0.16
155597,0.54
155598,0.14
155599,0.165
155600,0.04
155601,0.31
155602,0.79
155603,0.325
155604,0.14
155605,0.07
155606,0.15
155607,0.145
155608,0.11
155609,0.255
155610,0.03
155611,0.19
155612,0.04
155613,0.49
155614,0.255
155615,0.575
155616,0.19
155617,0.085
155618,0.15
155619,0.045
155620,0.1
155621,0.035
155622,0.36
155623,0.0
155624,0.235
155625,0.14
155626,0.445
155627,0.135
155628,0.05
155629,0.535
155630,0.19
155631,0.09
155632,0.27
155633,0.115
155634,0.225
155635,0.26
155636,0.045
155637,0.01
155638,0.03
155639,0.06
155640,0.305
155641,0.17
155642,0.155
155643,0.235
155644,0.53
155645,0.06
155646,0.1
155647,0.125
155648,0.02
155649,0.015
155650,0.075
155651,0.595
155652,0.06
155653,0.275
155654,0.04
155655,0.125
155656,0.085
155657,0.395
155658,0.225
155659,0.14
155660,0.105
155661,0.065
155662,0.725
155663,0.1
155664,0.195
155665,0.02
155666,0.02
155667,0.195
155668,0.09
155669,0.085
155670,0.555
155671,0.16
155672,0.155
155673,0.1
155674,0.28
155675,0.32
155676,0.12
155677,0.255
155678,0.035
155679,0.135
155680,0.55
155681,0.045
155682,0.185
155683,0.775
155684,0.225
155685,0.165
155686,0.085
155687,0.02
155688,0.24
155689,0.045
155690,0.115
155691,0.11
155692,0.13
155693,0.535
155694,0.035
155695,0.16
155696,0.545
155697,0.095
155698,0.135
155699,0.27
155700,0.035
155701,0.055
155702,0.03
155703,0.065
155704,0.54
155705,0.015
155706,0.335
155707,0.205
155708,0.27
155709,0.02
155710,0.35
155711,0.26
155712,0.01
155713,0.21
155714,0.28
155715,0.07
155716,0.105
155717,0.015
155718,0.535
155719,0.075
155720,0.035
155721,0.16
155722,0.095
155723,0.175
155724,0.25
155725,0.385
155726,0.485
155727,0.01
155728,0.14
155729,0.065
155730,0.04
155731,0.07
155732,0.1
155733,0.15
155734,0.58
155735,0.79
155736,0.885
155737,0.045
155738,0.095
155739,0.11
155740,0.165
155741,0.12
155742,0.11
155743,0.03
155744,0.735
155745,0.535
155746,0.095
155747,0.175
155748,0.54
155749,0.0
155750,0.075
155751,0.495
155752,0.015
155753,0.575
155754,0.0
155755,0.025
155756,0.105
155757,0.02
155758,0.01
155759,0.63
155760,0.06
155761,0.15
155762,0.54
155763,0.07
155764,0.18
155765,0.175
155766,0.205
155767,0.14
155768,0.165
155769,0.32
155770,0.02
155771,0.55
155772,0.055
155773,0.44
155774,0.78
155775,0.47
155776,0.08
155777,0.205
155778,0.11
155779,0.185
155780,0.095
155781,0.08
155782,0.655
155783,0.19
155784,0.135
155785,0.075
155786,0.04
155787,0.68
155788,0.225
155789,0.195
155790,0.08
155791,0.09
155792,0.33
155793,0.155
155794,0.18
155795,0.225
155796,0.635
155797,0.215
155798,0.26
155799,0.005
155800,0.195
155801,0.155
155802,0.09
155803,0.015
155804,0.11
155805,0.155
155806,0.495
155807,0.28
155808,0.53
155809,0.28
155810,0.465
155811,0.17
155812,0.16
155813,0.07
155814,0.125
155815,0.195
155816,0.075
155817,0.055
155818,0.235
155819,0.135
155820,0.205
155821,0.035
155822,0.035
155823,0.03
155824,0.08
155825,0.165
155826,0.06
155827,0.37
155828,0.165
155829,0.3
155830,0.785
155831,0.845
155832,0.065
155833,0.045
155834,0.02
155835,0.345
155836,0.175
155837,0.205
155838,0.305
155839,0.05
155840,0.09
155841,0.095
155842,0.235
155843,0.125
155844,0.235
155845,0.375
155846,0.005
155847,0.09
155848,0.185
155849,0.09
155850,0.245
155851,0.62
155852,0.015
155853,0.14
155854,0.135
155855,0.21
155856,0.01
155857,0.175
155858,0.065
155859,0.13
155860,0.43
155861,0.07
155862,0.185
155863,0.19
155864,0.23
155865,0.115
155866,0.465
155867,0.14
155868,0.145
155869,0.525
155870,0.055
155871,0.08
155872,0.585
155873,0.0
155874,0.48
155875,0.05
155876,0.145
155877,0.19
155878,0.315
155879,0.11
155880,0.335
155881,0.15
155882,0.44
155883,0.055
155884,0.22
155885,0.11
155886,0.11
155887,0.025
155888,0.15
155889,0.69
155890,0.03
155891,0.33
155892,0.23
155893,0.16
155894,0.735
155895,0.415
155896,0.385
155897,0.555
155898,0.21
155899,0.575
155900,0.025
155901,0.065
155902,0.165
155903,0.195
155904,0.135
155905,0.155
155906,0.035
155907,0.08
155908,0.18
155909,0.255
155910,0.075
155911,0.045
155912,0.16
155913,0.095
155914,0.175
155915,0.225
155916,0.08
155917,0.115
155918,0.5
155919,0.105
155920,0.745
155921,0.18
155922,0.095
155923,0.4
155924,0.51
155925,0.075
155926,0.005
155927,0.105
155928,0.1
155929,0.07
155930,0.455
155931,0.285
155932,0.115
155933,0.165
155934,0.055
155935,0.105
155936,0.015
155937,0.265
155938,0.19
155939,0.125
155940,0.19
155941,0.14
155942,0.67
155943,0.02
155944,0.04
155945,0.38
155946,0.575
155947,0.13
155948,0.655
155949,0.185
155950,0.23
155951,0.41
155952,0.095
155953,0.105
155954,0.16
155955,0.595
155956,0.065
155957,0.085
155958,0.445
155959,0.535
155960,0.095
155961,0.08
155962,0.395
155963,0.38
155964,0.135
155965,0.15
155966,0.53
155967,0.125
155968,0.165
155969,0.125
155970,0.405
155971,0.14
155972,0.16
155973,0.205
155974,0.175
155975,0.21
155976,0.705
155977,0.565
155978,0.805
155979,0.28
155980,0.175
155981,0.27
155982,0.62
155983,0.02
155984,0.58
155985,0.185
155986,0.045
155987,0.01
155988,0.16
155989,0.045
155990,0.325
155991,0.22
155992,0.165
155993,0.02
155994,0.27
155995,0.375
155996,0.21
155997,0.165
155998,0.615
155999,0.39
156000,0.125
156001,0.38
156002,0.045
156003,0.18
156004,0.62
156005,0.245
156006,0.08
156007,0.185
156008,0.67
156009,0.355
156010,0.185
156011,0.065
156012,0.38
156013,0.16
156014,0.26
156015,0.34
156016,0.035
156017,0.22
156018,0.435
156019,0.17
156020,0.16
156021,0.14
156022,0.22
156023,0.105
156024,0.535
156025,0.07
156026,0.395
156027,0.205
156028,0.055
156029,0.625
156030,0.03
156031,0.055
156032,0.145
156033,0.35
156034,0.11
156035,0.06
156036,0.08
156037,0.22
156038,0.075
156039,0.275
156040,0.605
156041,0.145
156042,0.105
156043,0.355
156044,0.355
156045,0.225
156046,0.16
156047,0.115
156048,0.1
156049,0.15
156050,0.285
156051,0.765
156052,0.005
156053,0.325
156054,0.135
156055,0.105
156056,0.315
156057,0.03
156058,0.225
156059,0.13
156060,0.195
156061,0.335
156062,0.495
156063,0.285
156064,0.0
156065,0.555
156066,0.14
156067,0.115
156068,0.655
156069,0.12
156070,0.84
156071,0.05
156072,0.57
156073,0.08
156074,0.02
156075,0.625
156076,0.92
156077,0.22
156078,0.47
156079,0.11
156080,0.205
156081,0.095
156082,0.055
156083,0.395
156084,0.335
156085,0.33
156086,0.07
156087,0.175
156088,0.065
156089,0.18
156090,0.135
156091,0.02
156092,0.47
156093,0.205
156094,0.11
156095,0.73
156096,0.29
156097,0.185
156098,0.285
156099,0.205
156100,0.32
156101,0.32
156102,0.025
156103,0.02
156104,0.105
156105,0.085
156106,0.375
156107,0.105
156108,0.1
156109,0.075
156110,0.06
156111,0.025
156112,0.12
156113,0.025
156114,0.54
156115,0.05
156116,0.665
156117,0.14
156118,0.075
156119,0.16
156120,0.03
156121,0.18
156122,0.0
156123,0.225
156124,0.315
156125,0.52
156126,0.03
156127,0.0
156128,0.41
156129,0.9
156130,0.115
156131,0.045
156132,0.155
156133,0.93
156134,0.35
156135,0.31
156136,0.07
156137,0.125
156138,0.155
156139,0.05
156140,0.01
156141,0.125
156142,0.085
156143,0.08
156144,0.11
156145,0.475
156146,0.045
156147,0.675
156148,0.43
156149,0.05
156150,0.02
156151,0.06
156152,0.18
156153,0.17
156154,0.225
156155,0.1
156156,0.045
156157,0.27
156158,0.46
156159,0.145
156160,0.075
156161,0.545
156162,0.085
156163,0.7
156164,0.15
156165,0.635
156166,0.255
156167,0.1
156168,0.245
156169,0.055
156170,0.1
156171,0.525
156172,0.515
156173,0.275
156174,0.135
156175,0.005
156176,0.255
156177,0.08
156178,0.19
156179,0.215
156180,0.125
156181,0.35
156182,0.03
156183,0.48
156184,0.13
156185,0.02
156186,0.075
156187,0.185
156188,0.04
156189,0.35
156190,0.27
156191,0.65
156192,0.19
156193,0.085
156194,0.105
156195,0.92
156196,0.0
156197,0.15
156198,0.01
156199,0.08
156200,0.005
156201,0.17
156202,0.175
156203,0.135
156204,0.09
156205,0.145
156206,0.1
156207,0.265
156208,0.065
156209,0.25
156210,0.035
156211,0.015
156212,0.585
156213,0.06
156214,0.47
156215,0.95
156216,0.305
156217,0.06
156218,0.32
156219,0.37
156220,0.045
156221,0.065
156222,0.155
156223,0.015
156224,0.045
156225,0.115
156226,0.63
156227,0.01
156228,0.275
156229,0.15
156230,0.915
156231,0.355
156232,0.205
156233,0.095
156234,0.115
156235,0.06
156236,0.005
156237,0.105
156238,0.14
156239,0.11
156240,0.015
156241,0.34
156242,0.065
156243,0.745
156244,0.005
156245,0.025
156246,0.115
156247,0.2
156248,0.19
156249,0.12
156250,0.19
156251,0.075
156252,0.055
156253,0.135
156254,0.09
156255,0.515
156256,0.465
156257,0.155
156258,0.685
156259,0.265
156260,0.18
156261,0.09
156262,0.05
156263,0.04
156264,0.585
156265,0.365
156266,0.06
156267,0.05
156268,0.48
156269,0.155
156270,0.11
156271,0.285
156272,0.355
156273,0.38
156274,0.23
156275,0.94
156276,0.01
156277,0.0
156278,0.05
156279,0.565
156280,0.03
156281,0.34
156282,0.105
156283,0.035
156284,0.085
156285,0.34
156286,0.035
156287,0.12
156288,0.115
156289,0.09
156290,0.03
156291,0.29
156292,0.125
156293,0.185
156294,0.005
156295,0.07
156296,0.92
156297,0.125
156298,0.045
156299,0.08
156300,0.095
156301,0.105
156302,0.02
156303,0.08
156304,0.25
156305,0.495
156306,0.615
156307,0.1
156308,0.05
156309,0.01
156310,0.085
156311,0.03
156312,0.13
156313,0.11
156314,0.115
156315,0.1
156316,0.02
156317,0.205
156318,0.025
156319,0.825
156320,0.69
156321,0.125
156322,0.16
156323,0.0
156324,0.235
156325,0.055
156326,0.07
156327,0.905
156328,0.945
156329,0.14
156330,0.045
156331,0.11
156332,0.19
156333,0.125
156334,0.445
156335,0.26
156336,0.195
156337,0.105
156338,0.775
156339,0.05
156340,0.345
156341,0.03
156342,0.72
156343,0.78
156344,0.315
156345,0.09
156346,0.235
156347,0.49
156348,0.075
156349,0.02
156350,0.035
156351,0.275
156352,0.845
156353,0.7
156354,0.215
156355,0.63
156356,0.39
156357,0.195
156358,0.195
156359,0.16
156360,0.155
156361,0.12
156362,0.155
156363,0.045
156364,0.06
156365,0.23
156366,0.71
156367,0.22
156368,0.145
156369,0.16
156370,0.04
156371,0.03
156372,0.37
156373,0.115
156374,0.245
156375,0.3
156376,0.0
156377,0.255
156378,0.14
156379,0.21
156380,0.725
156381,0.035
156382,0.08
156383,0.19
156384,0.645
156385,0.31
156386,0.055
156387,0.075
156388,0.19
156389,0.02
156390,0.665
156391,0.105
156392,0.07
156393,0.065
156394,0.62
156395,0.2
156396,0.2
156397,0.075
156398,0.075
156399,0.085
156400,0.24
156401,0.43
156402,0.03
156403,0.225
156404,0.08
156405,0.215
156406,0.12
156407,0.205
156408,0.03
156409,0.2
156410,0.0
156411,0.21
156412,0.255
156413,0.015
156414,0.195
156415,0.325
156416,0.235
156417,0.31
156418,0.39
156419,0.295
156420,0.025
156421,0.635
156422,0.015
156423,0.775
156424,0.35
156425,0.6
156426,0.185
156427,0.09
156428,0.36
156429,0.1
156430,0.03
156431,0.035
156432,0.085
156433,0.19
156434,0.07
156435,0.32
156436,0.195
156437,0.075
156438,0.055
156439,0.06
156440,0.55
156441,0.365
156442,0.165
156443,0.835
156444,0.5
156445,0.15
156446,0.405
156447,0.505
156448,0.065
156449,0.765
156450,0.11
156451,0.21
156452,0.505
156453,0.03
156454,0.095
156455,0.13
156456,0.36
156457,0.315
156458,0.66
156459,0.045
156460,0.06
156461,0.165
156462,0.015
156463,0.47
156464,0.08
156465,0.37
156466,0.06
156467,0.395
156468,0.065
156469,0.495
156470,0.095
156471,0.61
156472,0.035
156473,0.135
156474,0.12
156475,0.205
156476,0.195
156477,0.225
156478,0.12
156479,0.08
156480,0.05
156481,0.135
156482,0.745
156483,0.235
156484,0.2
156485,0.185
156486,0.675
156487,0.08
156488,0.89
156489,0.64
156490,0.19
156491,0.075
156492,0.1
156493,0.75
156494,0.205
156495,0.09
156496,0.035
156497,0.23
156498,0.0
156499,0.175
156500,0.135
156501,0.14
156502,0.355
156503,0.15
156504,0.505
156505,0.205
156506,0.11
156507,0.18
156508,0.03
156509,0.185
156510,0.175
156511,0.135
156512,0.185
156513,0.03
156514,0.065
156515,0.565
156516,0.475
156517,0.025
156518,0.96
156519,0.67
156520,0.14
156521,0.125
156522,0.085
156523,0.205
156524,0.105
156525,0.28
156526,0.07
156527,0.05
156528,0.12
156529,0.365
156530,0.005
156531,0.43
156532,0.055
156533,0.115
156534,0.14
156535,0.01
156536,0.155
156537,0.525
156538,0.2
156539,0.065
156540,0.095
156541,0.04
156542,0.135
156543,0.165
156544,0.41
156545,0.345
156546,0.115
156547,0.26
156548,0.24
156549,0.15
156550,0.095
156551,0.27
156552,0.09
156553,0.47
156554,0.09
156555,0.065
156556,0.055
156557,0.1
156558,0.16
156559,0.22
156560,0.09
156561,0.1
156562,0.57
156563,0.265
156564,0.315
156565,0.36
156566,0.225
156567,0.275
156568,0.09
156569,0.01
156570,0.04
156571,0.005
156572,0.715
156573,0.11
156574,0.295
156575,0.03
156576,0.025
156577,0.165
156578,0.275
156579,0.055
156580,0.11
156581,0.08
156582,0.095
156583,0.14
156584,0.255
156585,0.12
156586,0.435
156587,0.27
156588,0.075
156589,0.175
156590,0.305
156591,0.19
156592,0.085
156593,0.155
156594,0.085
156595,0.26
156596,0.1
156597,0.035
156598,0.23
156599,0.01
156600,0.185
156601,0.195
156602,0.12
156603,0.71
156604,0.78
156605,0.335
156606,0.15
156607,0.92
156608,0.03
156609,0.05
156610,0.395
156611,0.07
156612,0.145
156613,0.1
156614,0.225
156615,0.69
156616,0.675
156617,0.08
156618,0.03
156619,0.23
156620,0.225
156621,0.03
156622,0.21
156623,0.25
156624,0.155
156625,0.0
156626,0.79
156627,0.09
156628,0.41
156629,0.225
156630,0.115
156631,0.285
156632,0.205
156633,0.025
156634,0.095
156635,0.095
156636,0.21
156637,0.3
156638,0.255
156639,0.48
156640,0.07
156641,0.065
156642,0.13
156643,0.29
156644,0.15
156645,0.56
156646,0.525
156647,0.465
156648,0.31
156649,0.23
156650,0.01
156651,0.06
156652,0.34
156653,0.165
156654,0.04
156655,0.16
156656,0.06
156657,0.675
156658,0.6
156659,0.11
156660,0.445
156661,0.28
156662,0.05
156663,0.215
156664,0.19
156665,0.63
156666,0.355
156667,0.04
156668,0.005
156669,0.23
156670,0.27
156671,0.035
156672,0.55
156673,0.045
156674,0.53
156675,0.67
156676,0.11
156677,0.13
156678,0.22
156679,0.05
156680,0.495
156681,0.005
156682,0.55
156683,0.325
156684,0.14
156685,0.155
156686,0.165
156687,0.3
156688,0.585
156689,0.12
156690,0.085
156691,0.125
156692,0.13
156693,0.17
156694,0.065
156695,0.035
156696,0.01
156697,0.2
156698,0.285
156699,0.115
156700,0.245
156701,0.045
156702,0.14
156703,0.03
156704,0.13
156705,0.66
156706,0.005
156707,0.095
156708,0.44
156709,0.25
156710,0.185
156711,0.02
156712,0.415
156713,0.275
156714,0.105
156715,0.54
156716,0.1
156717,0.525
156718,0.475
156719,0.04
156720,0.525
156721,0.5
156722,0.175
156723,0.07
156724,0.13
156725,0.15
156726,0.06
156727,0.275
156728,0.025
156729,0.165
156730,0.165
156731,0.25
156732,0.695
156733,0.305
156734,0.585
156735,0.135
156736,0.045
156737,0.03
156738,0.315
156739,0.85
156740,0.105
156741,0.095
156742,0.075
156743,0.07
156744,0.05
156745,0.05
156746,0.335
156747,0.265
156748,0.33
156749,0.05
156750,0.605
156751,0.0
156752,0.715
156753,0.145
156754,0.225
156755,0.235
156756,0.265
156757,0.17
156758,0.1
156759,0.145
156760,0.29
156761,0.805
156762,0.39
156763,0.05
156764,0.15
156765,0.0
156766,0.03
156767,0.805
156768,0.04
156769,0.09
156770,0.795
156771,0.16
156772,0.41
156773,0.065
156774,0.005
156775,0.29
156776,0.215
156777,0.105
156778,0.685
156779,0.1
156780,0.02
156781,0.45
156782,0.09
156783,0.04
156784,0.13
156785,0.055
156786,0.155
156787,0.015
156788,0.83
156789,0.01
156790,0.26
156791,0.185
156792,0.64
156793,0.06
156794,0.54
156795,0.2
156796,0.035
156797,0.13
156798,0.275
156799,0.375
156800,0.08
156801,0.29
156802,0.03
156803,0.07
156804,0.345
156805,0.015
156806,0.8
156807,0.07
156808,0.115
156809,0.105
156810,0.475
156811,0.205
156812,0.09
156813,0.07
156814,0.225
156815,0.43
156816,0.035
156817,0.065
156818,0.055
156819,0.325
156820,0.075
156821,0.295
156822,0.0
156823,0.04
156824,0.23
156825,0.955
156826,0.735
156827,0.17
156828,0.035
156829,0.365
156830,0.16
156831,0.055
156832,0.37
156833,0.035
156834,0.115
156835,0.195
156836,0.655
156837,0.07
156838,0.87
156839,0.265
156840,0.275
156841,0.495
156842,0.255
156843,0.32
156844,0.285
156845,0.05
156846,0.195
156847,0.02
156848,0.105
156849,0.125
156850,0.28
156851,0.34
156852,0.705
156853,0.26
156854,0.645
156855,0.175
156856,0.125
156857,0.05
156858,0.36
156859,0.265
156860,0.095
156861,0.335
156862,0.56
156863,0.34
156864,0.43
156865,0.11
156866,0.14
156867,0.14
156868,0.215
156869,0.015
156870,0.77
156871,0.29
156872,0.2
156873,0.38
156874,0.26
156875,0.26
156876,0.125
156877,0.09
156878,0.795
156879,0.12
156880,0.205
156881,0.28
156882,0.14
156883,0.26
156884,0.09
156885,0.065
156886,0.09
156887,0.44
156888,0.14
156889,0.21
156890,0.01
156891,0.065
156892,0.035
156893,0.185
156894,0.02
156895,0.49
156896,0.31
156897,0.095
156898,0.545
156899,0.055
156900,0.055
156901,0.14
156902,0.06
156903,0.61
156904,0.085
156905,0.805
156906,0.175
156907,0.075
156908,0.2
156909,0.53
156910,0.125
156911,0.26
156912,0.025
156913,0.245
156914,0.0
156915,0.19
156916,0.61
156917,0.08
156918,0.145
156919,0.045
156920,0.14
156921,0.235
156922,0.14
156923,0.51
156924,0.07
156925,0.235
156926,0.005
156927,0.075
156928,0.045
156929,0.02
156930,0.035
156931,0.05
156932,0.09
156933,0.55
156934,0.135
156935,0.045
156936,0.295
156937,0.235
156938,0.24
156939,0.11
156940,0.175
156941,0.15
156942,0.085
156943,0.205
156944,0.045
156945,0.31
156946,0.105
156947,0.005
156948,0.15
156949,0.75
156950,0.45
156951,0.16
156952,0.195
156953,0.2
156954,0.12
156955,0.3
156956,0.12
156957,0.2
156958,0.17
156959,0.575
156960,0.2
156961,0.135
156962,0.35
156963,0.045
156964,0.035
156965,0.3
156966,0.26
156967,0.555
156968,0.72
156969,0.06
156970,0.17
156971,0.4
156972,0.065
156973,0.105
156974,0.19
156975,0.47
156976,0.19
156977,0.365
156978,0.07
156979,0.23
156980,0.555
156981,0.11
156982,0.11
156983,0.08
156984,0.27
156985,0.085
156986,0.785
156987,0.365
156988,0.72
156989,0.89
156990,0.065
156991,0.055
156992,0.21
156993,0.78
156994,0.075
156995,0.07
156996,0.065
156997,0.07
156998,0.02
156999,0.08
157000,0.12
157001,0.205
157002,0.415
157003,0.19
157004,0.015
157005,0.15
157006,0.025
157007,0.24
157008,0.07
157009,0.23
157010,0.21
157011,0.125
157012,0.55
157013,0.24
157014,0.135
157015,0.085
157016,0.23
157017,0.415
157018,0.07
157019,0.175
157020,0.07
157021,0.06
157022,0.64
157023,0.205
157024,0.17
157025,0.105
157026,0.035
157027,0.125
157028,0.165
157029,0.07
157030,0.025
157031,0.11
157032,0.04
157033,0.98
157034,0.05
157035,0.095
157036,0.405
157037,0.195
157038,0.065
157039,0.185
157040,0.11
157041,0.205
157042,0.07
157043,0.035
157044,0.055
157045,0.415
157046,0.345
157047,0.215
157048,0.235
157049,0.515
157050,0.175
157051,0.96
157052,0.175
157053,0.095
157054,0.28
157055,0.125
157056,0.255
157057,0.155
157058,0.285
157059,0.0
157060,0.04
157061,0.305
157062,0.03
157063,0.04
157064,0.07
157065,0.19
157066,0.125
157067,0.095
157068,0.48
157069,0.135
157070,0.765
157071,0.35
157072,0.035
157073,0.365
157074,0.375
157075,0.135
157076,0.09
157077,0.025
157078,0.415
157079,0.08
157080,0.59
157081,0.185
157082,0.045
157083,0.59
157084,0.065
157085,0.33
157086,0.15
157087,0.33
157088,0.08
157089,0.05
157090,0.045
157091,0.15
157092,0.055
157093,0.73
157094,0.235
157095,0.425
157096,0.125
157097,0.125
157098,0.3
157099,0.06
157100,0.04
157101,0.105
157102,0.065
157103,0.155
157104,0.27
157105,0.095
157106,0.17
157107,0.18
157108,0.085
157109,0.46
157110,0.285
157111,0.245
157112,0.16
157113,0.085
157114,0.105
157115,0.055
157116,0.095
157117,0.45
157118,0.27
157119,0.09
157120,0.275
157121,0.205
157122,0.1
157123,0.17
157124,0.65
157125,0.07
157126,0.15
157127,0.135
157128,0.065
157129,0.325
157130,0.61
157131,0.115
157132,0.87
157133,0.33
157134,0.125
157135,0.215
157136,0.105
157137,0.135
157138,0.155
157139,0.035
157140,0.155
157141,0.06
157142,0.205
157143,0.11
157144,0.155
157145,0.9
157146,0.495
157147,0.31
157148,0.045
157149,0.095
157150,0.11
157151,0.19
157152,0.15
157153,0.225
157154,0.33
157155,0.295
157156,0.04
157157,0.145
157158,0.37
157159,0.025
157160,0.4
157161,0.13
157162,0.08
157163,0.005
157164,0.015
157165,0.08
157166,0.155
157167,0.045
157168,0.05
157169,0.12
157170,0.125
157171,0.18
157172,0.05
157173,0.965
157174,0.045
157175,0.025
157176,0.065
157177,0.29
157178,0.285
157179,0.155
157180,0.015
157181,0.115
157182,0.215
157183,0.195
157184,0.11
157185,0.18
157186,0.09
157187,0.12
157188,0.175
157189,0.13
157190,0.61
157191,0.395
157192,0.605
157193,0.165
157194,0.495
157195,0.075
157196,0.035
157197,0.425
157198,0.42
157199,0.71
157200,0.01
157201,0.055
157202,0.195
157203,0.095
157204,0.26
157205,0.06
157206,0.005
157207,0.1
157208,0.055
157209,0.165
157210,0.785
157211,0.055
157212,0.21
157213,0.06
157214,0.13
157215,0.12
157216,0.1
157217,0.05
157218,0.34
157219,0.015
157220,0.19
157221,0.15
157222,0.725
157223,0.255
157224,0.17
157225,0.28
157226,0.51
157227,0.49
157228,0.035
157229,0.05
157230,0.465
157231,0.28
157232,0.24
157233,0.125
157234,0.415
157235,0.21
157236,0.085
157237,0.075
157238,0.075
157239,0.045
157240,0.195
157241,0.135
157242,0.065
157243,0.05
157244,0.015
157245,0.025
157246,0.445
157247,0.35
157248,0.205
157249,0.135
157250,0.15
157251,0.08
157252,0.065
157253,0.045
157254,0.215
157255,0.535
157256,0.875
157257,0.185
157258,0.425
157259,0.04
157260,0.18
157261,0.03
157262,0.825
157263,0.26
157264,0.23
157265,0.245
157266,0.04
157267,0.065
157268,0.09
157269,0.4
157270,0.53
157271,0.065
157272,0.08
157273,0.285
157274,0.165
157275,0.74
157276,0.26
157277,0.015
157278,0.085
157279,0.015
157280,0.255
157281,0.03
157282,0.17
157283,0.385
157284,0.045
157285,0.12
157286,0.09
157287,0.475
157288,0.595
157289,0.82
157290,0.155
157291,0.02
157292,0.135
157293,0.105
157294,0.065
157295,0.06
157296,0.005
157297,0.055
157298,0.145
157299,0.35
157300,0.035
157301,0.025
157302,0.09
157303,0.15
157304,0.03
157305,0.05
157306,0.31
157307,0.235
157308,0.71
157309,0.175
157310,0.25
157311,0.145
157312,0.28
157313,0.01
157314,0.515
157315,0.34
157316,0.23
157317,0.06
157318,0.265
157319,0.06
157320,0.095
157321,0.165
157322,0.735
157323,0.08
157324,0.21
157325,0.305
157326,0.28
157327,0.54
157328,0.385
157329,0.125
157330,0.045
157331,0.28
157332,0.155
157333,0.15
157334,0.075
157335,0.805
157336,0.075
157337,0.055
157338,0.7
157339,0.235
157340,0.21
157341,0.005
157342,0.25
157343,0.265
157344,0.745
157345,0.39
157346,0.03
157347,0.36
157348,0.11
157349,0.255
157350,0.18
157351,0.175
157352,0.785
157353,0.195
157354,0.165
157355,0.79
157356,0.0
157357,0.345
157358,0.35
157359,0.475
157360,0.12
157361,0.415
157362,0.115
157363,0.395
157364,0.14
157365,0.06
157366,0.03
157367,0.205
157368,0.16
157369,0.53
157370,0.095
157371,0.54
157372,0.275
157373,0.26
157374,0.02
157375,0.015
157376,0.18
157377,0.305
157378,0.27
157379,0.195
157380,0.62
157381,0.225
157382,0.185
157383,0.065
157384,0.08
157385,0.875
157386,0.245
157387,0.27
157388,0.015
157389,0.04
157390,0.13
157391,0.085
157392,0.105
157393,0.525
157394,0.14
157395,0.195
157396,0.315
157397,0.335
157398,0.42
157399,0.535
157400,0.225
157401,0.415
157402,0.07
157403,0.335
157404,0.075
157405,0.01
157406,0.15
157407,0.27
157408,0.045
157409,0.045
157410,0.27
157411,0.475
157412,0.0
157413,0.12
157414,0.24
157415,0.25
157416,0.15
157417,0.23
157418,0.06
157419,0.43
157420,0.155
157421,0.035
157422,0.05
157423,0.395
157424,0.085
157425,0.425
157426,0.39
157427,0.095
157428,0.11
157429,0.315
157430,0.23
157431,0.06
157432,0.095
157433,0.125
157434,0.92
157435,0.0
157436,0.5
157437,0.05
157438,0.03
157439,0.185
157440,0.015
157441,0.055
157442,0.03
157443,0.155
157444,0.12
157445,0.475
157446,0.37
157447,0.13
157448,0.025
157449,0.025
157450,0.15
157451,0.29
157452,0.22
157453,0.075
157454,0.125
157455,0.195
157456,0.04
157457,0.255
157458,0.07
157459,0.125
157460,0.045
157461,0.2
157462,0.035
157463,0.045
157464,0.14
157465,0.12
157466,0.17
157467,0.28
157468,0.07
157469,0.4
157470,0.34
157471,0.075
157472,0.12
157473,0.01
157474,0.335
157475,0.835
157476,0.135
157477,0.155
157478,0.21
157479,0.12
157480,0.385
157481,0.375
157482,0.055
157483,0.125
157484,0.035
157485,0.11
157486,0.015
157487,0.14
157488,0.085
157489,0.12
157490,0.12
157491,0.03
157492,0.655
157493,0.245
157494,0.08
157495,0.11
157496,0.03
157497,0.15
157498,0.085
157499,0.125
157500,0.06
157501,0.045
157502,0.1
157503,0.095
157504,0.09
157505,0.25
157506,0.1
157507,0.28
157508,0.08
157509,0.01
157510,0.225
157511,0.06
157512,0.14
157513,0.19
157514,0.08
157515,0.235
157516,0.05
157517,0.185
157518,0.25
157519,0.07
157520,0.1
157521,0.51
157522,0.255
157523,0.68
157524,0.42
157525,0.1
157526,0.235
157527,0.085
157528,0.265
157529,0.17
157530,0.42
157531,0.215
157532,0.07
157533,0.355
157534,0.015
157535,0.23
157536,0.165
157537,0.105
157538,0.41
157539,0.125
157540,0.025
157541,0.075
157542,0.34
157543,0.09
157544,0.295
157545,0.825
157546,0.215
157547,0.115
157548,0.45
157549,0.115
157550,0.145
157551,0.06
157552,0.075
157553,0.03
157554,0.095
157555,0.365
157556,0.065
157557,0.14
157558,0.285
157559,0.18
157560,0.24
157561,0.375
157562,0.34
157563,0.125
157564,0.075
157565,0.09
157566,0.29
157567,0.07
157568,0.015
157569,0.405
157570,0.06
157571,0.155
157572,0.23
157573,0.105
157574,0.06
157575,0.005
157576,0.055
157577,0.055
157578,0.16
157579,0.065
157580,0.055
157581,0.055
157582,0.18
157583,0.135
157584,0.12
157585,0.06
157586,0.255
157587,0.01
157588,0.05
157589,0.0
157590,0.19
157591,0.03
157592,0.75
157593,0.02
157594,0.055
157595,0.075
157596,0.425
157597,0.27
157598,0.02
157599,0.025
157600,0.15
157601,0.36
157602,0.185
157603,0.06
157604,0.075
157605,0.075
157606,0.07
157607,0.2
157608,0.16
157609,0.18
157610,0.16
157611,0.085
157612,0.035
157613,0.675
157614,0.035
157615,0.155
157616,0.105
157617,0.645
157618,0.105
157619,0.19
157620,0.045
157621,0.295
157622,0.905
157623,0.345
157624,0.065
157625,0.235
157626,0.045
157627,0.475
157628,0.09
157629,0.495
157630,0.435
157631,0.57
157632,0.035
157633,0.065
157634,0.06
157635,0.345
157636,0.125
157637,0.33
157638,0.15
157639,0.08
157640,0.125
157641,0.165
157642,0.16
157643,0.35
157644,0.115
157645,0.12
157646,0.225
157647,0.39
157648,0.16
157649,0.285
157650,0.35
157651,0.215
157652,0.035
157653,0.16
157654,0.06
157655,0.775
157656,0.21
157657,0.21
157658,0.23
157659,0.11
157660,0.445
157661,0.39
157662,0.395
157663,0.625
157664,0.27
157665,0.13
157666,0.2
157667,0.13
157668,0.02
157669,0.04
157670,0.24
157671,0.09
157672,0.145
157673,0.0
157674,0.015
157675,0.315
157676,0.65
157677,0.375
157678,0.045
157679,0.185
157680,0.66
157681,0.62
157682,0.1
157683,0.32
157684,0.135
157685,0.03
157686,0.205
157687,0.07
157688,0.075
157689,0.715
157690,0.135
157691,0.39
157692,0.0
157693,0.18
157694,0.05
157695,0.31
157696,0.195
157697,0.115
157698,0.475
157699,0.34
157700,0.235
157701,0.335
157702,0.035
157703,0.17
157704,0.465
157705,0.065
157706,0.05
157707,0.11
157708,0.145
157709,0.4
157710,0.215
157711,0.075
157712,0.04
157713,0.05
157714,0.19
157715,0.84
157716,0.455
157717,0.815
157718,0.1
157719,0.115
157720,0.06
157721,0.085
157722,0.365
157723,0.1
157724,0.115
157725,0.3
157726,0.06
157727,0.47
157728,0.2
157729,0.38
157730,0.2
157731,0.17
157732,0.265
157733,0.645
157734,0.79
157735,0.05
157736,0.08
157737,0.38
157738,0.715
157739,0.2
157740,0.095
157741,0.11
157742,0.27
157743,0.105
157744,0.0
157745,0.21
157746,0.38
157747,0.205
157748,0.5
157749,0.15
157750,0.73
157751,0.08
157752,0.325
157753,0.185
157754,0.04
157755,0.005
157756,0.585
157757,0.275
157758,0.05
157759,0.12
157760,0.145
157761,0.225
157762,0.025
157763,0.01
157764,0.21
157765,0.175
157766,0.22
157767,0.045
157768,0.145
157769,0.21
157770,0.035
157771,0.065
157772,0.545
157773,0.2
157774,0.485
157775,0.08
157776,0.62
157777,0.2
157778,0.025
157779,0.095
157780,0.34
157781,0.37
157782,0.295
157783,0.185
157784,0.845
157785,0.29
157786,0.49
157787,0.86
157788,0.225
157789,0.12
157790,0.66
157791,0.08
157792,0.105
157793,0.125
157794,0.54
157795,0.495
157796,0.095
157797,0.07
157798,0.055
157799,0.1
157800,0.045
157801,0.44
157802,0.25
157803,0.53
157804,0.07
157805,0.125
157806,0.37
157807,0.01
157808,0.045
157809,0.635
157810,0.02
157811,0.475
157812,0.065
157813,0.205
157814,0.135
157815,0.285
157816,0.215
157817,0.47
157818,0.075
157819,0.145
157820,0.085
157821,0.06
157822,0.165
157823,0.1
157824,0.205
157825,0.265
157826,0.01
157827,0.725
157828,0.15
157829,0.56
157830,0.415
157831,0.6
157832,0.07
157833,0.05
157834,0.05
157835,0.08
157836,0.735
157837,0.02
157838,0.155
157839,0.735
157840,0.945
157841,0.065
157842,0.235
157843,0.29
157844,0.085
157845,0.16
157846,0.22
157847,0.065
157848,0.07
157849,0.34
157850,0.085
157851,0.115
157852,0.035
157853,0.34
157854,0.125
157855,0.39
157856,0.12
157857,0.165
157858,0.635
157859,0.105
157860,0.03
157861,0.33
157862,0.375
157863,0.04
157864,0.07
157865,0.115
157866,0.08
157867,0.325
157868,0.145
157869,0.15
157870,0.095
157871,0.05
157872,0.085
157873,0.155
157874,0.555
157875,0.335
157876,0.05
157877,0.27
157878,0.125
157879,0.2
157880,0.255
157881,0.085
157882,0.145
157883,0.45
157884,0.355
157885,0.65
157886,0.0
157887,0.2
157888,0.285
157889,0.045
157890,0.015
157891,0.155
157892,0.365
157893,0.335
157894,0.02
157895,0.785
157896,0.155
157897,0.305
157898,0.45
157899,0.035
157900,0.55
157901,0.215
157902,0.09
157903,0.02
157904,0.11
157905,0.58
157906,0.015
157907,0.375
157908,0.12
157909,0.175
157910,0.12
157911,0.075
157912,0.41
157913,0.175
157914,0.575
157915,0.71
157916,0.145
157917,0.035
157918,0.045
157919,0.05
157920,0.11
157921,0.33
157922,0.035
157923,0.135
157924,0.13
157925,0.205
157926,0.04
157927,0.075
157928,0.425
157929,0.495
157930,0.01
157931,0.165
157932,0.04
157933,0.16
157934,0.08
157935,0.555
157936,0.24
157937,0.105
157938,0.265
157939,0.225
157940,0.03
157941,0.165
157942,0.135
157943,0.095
157944,0.07
157945,0.095
157946,0.125
157947,0.08
157948,0.07
157949,0.12
157950,0.085
157951,0.345
157952,0.07
157953,0.06
157954,0.005
157955,0.01
157956,0.305
157957,0.095
157958,0.19
157959,0.095
157960,0.16
157961,0.69
157962,0.405
157963,0.05
157964,0.01
157965,0.195
157966,0.165
157967,0.485
157968,0.115
157969,0.33
157970,0.165
157971,0.655
157972,0.04
157973,0.21
157974,0.185
157975,0.135
157976,0.305
157977,0.32
157978,0.04
157979,0.06
157980,0.14
157981,0.03
157982,0.295
157983,0.04
157984,0.58
157985,0.035
157986,0.185
157987,0.25
157988,0.07
157989,0.32
157990,0.835
157991,0.01
157992,0.39
157993,0.155
157994,0.015
157995,0.045
157996,0.07
157997,0.185
157998,0.09
157999,0.045
158000,0.06
158001,0.17
158002,0.09
158003,0.06
158004,0.315
158005,0.19
158006,0.515
158007,0.18
158008,0.405
158009,0.355
158010,0.045
158011,0.51
158012,0.11
158013,0.105
158014,0.175
158015,0.145
158016,0.095
158017,0.065
158018,0.265
158019,0.175
158020,0.665
158021,0.325
158022,0.035
158023,0.15
158024,0.5
158025,0.065
158026,0.06
158027,0.455
158028,0.08
158029,0.03
158030,0.04
158031,0.27
158032,0.98
158033,0.905
158034,0.045
158035,0.04
158036,0.095
158037,0.095
158038,0.1
158039,0.155
158040,0.65
158041,0.38
158042,0.035
158043,0.02
158044,0.555
158045,0.1
158046,0.38
158047,0.155
158048,0.255
158049,0.1
158050,0.155
158051,0.15
158052,0.5
158053,0.075
158054,0.26
158055,0.13
158056,0.09
158057,0.445
158058,0.06
158059,0.515
158060,0.005
158061,0.145
158062,0.225
158063,0.185
158064,0.04
158065,0.27
158066,0.68
158067,0.11
158068,0.08
158069,0.02
158070,0.065
158071,0.05
158072,0.13
158073,0.58
158074,0.795
158075,0.19
158076,0.005
158077,0.255
158078,0.36
158079,0.15
158080,0.68
158081,0.235
158082,0.355
158083,0.095
158084,0.14
158085,0.125
158086,0.17
158087,0.19
158088,0.01
158089,0.17
158090,0.06
158091,0.46
158092,0.005
158093,0.08
158094,0.78
158095,0.365
158096,0.175
158097,0.05
158098,0.305
158099,0.105
158100,0.045
158101,0.06
158102,0.745
158103,0.09
158104,0.315
158105,0.1
158106,0.07
158107,0.115
158108,0.05
158109,0.175
158110,0.005
158111,0.015
158112,0.345
158113,0.29
158114,0.11
158115,0.285
158116,0.12
158117,0.06
158118,0.39
158119,0.725
158120,0.11
158121,0.19
158122,0.77
158123,0.15
158124,0.635
158125,0.055
158126,0.25
158127,0.12
158128,0.2
158129,0.095
158130,0.115
158131,0.42
158132,0.45
158133,0.045
158134,0.045
158135,0.21
158136,0.54
158137,0.05
158138,0.025
158139,0.185
158140,0.06
158141,0.445
158142,0.19
158143,0.465
158144,0.05
158145,0.665
158146,0.06
158147,0.26
158148,0.03
158149,0.545
158150,0.065
158151,0.085
158152,0.95
158153,0.16
158154,0.175
158155,0.155
158156,0.95
158157,0.345
158158,0.835
158159,0.285
158160,0.36
158161,0.32
158162,0.055
158163,0.105
158164,0.29
158165,0.325
158166,0.695
158167,0.22
158168,0.79
158169,0.41
158170,0.08
158171,0.58
158172,0.445
158173,0.78
158174,0.175
158175,0.115
158176,0.35
158177,0.05
158178,0.74
158179,0.625
158180,0.175
158181,0.555
158182,0.295
158183,0.105
158184,0.06
158185,0.07
158186,0.045
158187,0.195
158188,0.145
158189,0.17
158190,0.085
158191,0.06
158192,0.745
158193,0.11
158194,0.08
158195,0.185
158196,0.095
158197,0.62
158198,0.03
158199,0.18
158200,0.085
158201,0.105
158202,0.31
158203,0.085
158204,0.115
158205,0.185
158206,0.135
158207,0.04
158208,0.055
158209,0.2
158210,0.235
158211,0.565
158212,0.055
158213,0.04
158214,0.05
158215,0.075
158216,0.845
158217,0.62
158218,0.0
158219,0.23
158220,0.16
158221,0.055
158222,0.065
158223,0.37
158224,0.11
158225,0.06
158226,0.02
158227,0.305
158228,0.195
158229,0.04
158230,0.645
158231,0.245
158232,0.1
158233,0.0
158234,0.055
158235,0.215
158236,0.035
158237,0.025
158238,0.17
158239,0.54
158240,0.28
158241,0.175
158242,0.125
158243,0.145
158244,0.115
158245,0.115
158246,0.045
158247,0.16
158248,0.085
158249,0.52
158250,0.095
158251,0.01
158252,0.465
158253,0.145
158254,0.195
158255,0.915
158256,0.05
158257,0.235
158258,0.075
158259,0.365
158260,0.305
158261,0.28
158262,0.21
158263,0.19
158264,0.445
158265,0.085
158266,0.39
158267,0.13
158268,0.535
158269,0.075
158270,0.38
158271,0.195
158272,0.195
158273,0.56
158274,0.27
158275,0.445
158276,0.06
158277,0.005
158278,0.695
158279,0.565
158280,0.11
158281,0.075
158282,0.13
158283,0.0
158284,0.095
158285,0.24
158286,0.995
158287,0.12
158288,0.185
158289,0.08
158290,0.245
158291,0.08
158292,0.435
158293,0.79
158294,0.39
158295,0.45
158296,0.09
158297,0.075
158298,0.175
158299,0.17
158300,0.09
158301,0.05
158302,0.69
158303,0.27
158304,0.045
158305,0.075
158306,0.215
158307,0.12
158308,0.09
158309,0.15
158310,0.325
158311,0.26
158312,0.125
158313,0.665
158314,0.065
158315,0.705
158316,0.245
158317,0.305
158318,0.05
158319,0.115
158320,0.355
158321,0.115
158322,0.11
158323,0.195
158324,0.205
158325,0.77
158326,0.08
158327,0.115
158328,0.09
158329,0.27
158330,0.325
158331,0.09
158332,0.16
158333,0.685
158334,0.14
158335,0.055
158336,0.215
158337,0.085
158338,0.23
158339,0.045
158340,0.355
158341,0.225
158342,0.02
158343,0.3
158344,0.9
158345,0.1
158346,0.02
158347,0.555
158348,0.245
158349,0.07
158350,0.08
158351,0.775
158352,0.015
158353,0.145
158354,0.025
158355,0.06
158356,0.32
158357,0.255
158358,0.695
158359,0.04
158360,0.055
158361,0.675
158362,0.045
158363,0.02
158364,0.13
158365,0.17
158366,0.475
158367,0.295
158368,0.305
158369,0.31
158370,0.12
158371,0.035
158372,0.435
158373,0.085
158374,0.46
158375,0.19
158376,0.195
158377,0.105
158378,0.3
158379,0.23
158380,0.105
158381,0.095
158382,0.01
158383,0.065
158384,0.055
158385,0.175
158386,0.06
158387,0.245
158388,0.19
158389,0.06
158390,0.185
158391,0.08
158392,0.06
158393,0.96
158394,0.06
158395,0.015
158396,0.25
158397,0.17
158398,0.485
158399,0.035
158400,0.08
158401,0.085
158402,0.185
158403,0.04
158404,0.005
158405,0.11
158406,0.37
158407,0.005
158408,0.065
158409,0.17
158410,0.325
158411,0.18
158412,0.3
158413,0.255
158414,0.135
158415,0.07
158416,0.85
158417,0.19
158418,0.11
158419,0.1
158420,0.78
158421,0.1
158422,0.33
158423,0.28
158424,0.495
158425,0.15
158426,0.265
158427,0.1
158428,0.395
158429,0.065
158430,0.02
158431,0.435
158432,0.08
158433,0.115
158434,0.28
158435,0.37
158436,0.125
158437,0.33
158438,0.12
158439,0.155
158440,0.095
158441,0.21
158442,0.13
158443,0.17
158444,0.51
158445,0.2
158446,0.34
158447,0.155
158448,0.495
158449,0.165
158450,0.065
158451,0.23
158452,0.22
158453,0.0
158454,0.085
158455,0.19
158456,0.225
158457,0.265
158458,0.04
158459,0.12
158460,0.255
158461,0.185
158462,0.06
158463,0.07
158464,0.625
158465,0.22
158466,0.115
158467,0.755
158468,0.19
158469,0.065
158470,0.22
158471,0.015
158472,0.145
158473,0.205
158474,0.125
158475,0.29
158476,0.125
158477,0.03
158478,0.055
158479,0.125
158480,0.025
158481,0.155
158482,0.25
158483,0.09
158484,0.125
158485,0.07
158486,0.185
158487,0.0
158488,0.05
158489,0.3
158490,0.25
158491,0.085
158492,0.47
158493,0.015
158494,0.18
158495,0.08
158496,0.25
158497,0.085
158498,0.46
158499,0.225
158500,0.77
158501,0.1
158502,0.015
158503,0.205
158504,0.1
158505,0.125
158506,0.66
158507,0.785
158508,0.085
158509,0.03
158510,0.16
158511,0.165
158512,0.475
158513,0.3
158514,0.09
158515,0.07
158516,0.675
158517,0.195
158518,0.22
158519,0.08
158520,0.11
158521,0.105
158522,0.415
158523,0.095
158524,0.3
158525,0.125
158526,0.165
158527,0.105
158528,0.07
158529,0.035
158530,0.49
158531,0.205
158532,0.28
158533,0.19
158534,0.155
158535,0.055
158536,0.055
158537,0.15
158538,0.34
158539,0.195
158540,0.49
158541,0.415
158542,0.11
158543,0.7
158544,0.16
158545,0.08
158546,0.18
158547,0.34
158548,0.575
158549,0.005
158550,0.27
158551,0.58
158552,0.72
158553,0.315
158554,0.26
158555,0.655
158556,0.145
158557,0.335
158558,0.04
158559,0.055
158560,0.54
158561,0.17
158562,0.055
158563,0.07
158564,0.035
158565,0.04
158566,0.515
158567,0.01
158568,0.155
158569,0.505
158570,0.045
158571,0.515
158572,0.375
158573,0.14
158574,0.195
158575,0.055
158576,0.085
158577,0.59
158578,0.295
158579,0.12
158580,0.11
158581,0.575
158582,0.12
158583,0.045
158584,0.17
158585,0.53
158586,0.24
158587,0.07
158588,0.105
158589,0.26
158590,0.61
158591,0.485
158592,0.635
158593,0.045
158594,0.26
158595,0.05
158596,0.155
158597,0.285
158598,0.465
158599,0.535
158600,0.1
158601,0.215
158602,0.365
158603,0.215
158604,0.715
158605,0.365
158606,0.29
158607,0.24
158608,0.09
158609,0.23
158610,0.335
158611,0.63
158612,0.11
158613,0.15
158614,0.38
158615,0.025
158616,0.18
158617,0.17
158618,0.94
158619,0.27
158620,0.115
158621,0.13
158622,0.285
158623,0.65
158624,0.015
158625,0.14
158626,0.125
158627,0.1
158628,0.035
158629,0.125
158630,0.18
158631,0.04
158632,0.065
158633,0.425
158634,0.115
158635,0.235
158636,0.05
158637,0.4
158638,0.105
158639,0.375
158640,0.26
158641,0.605
158642,0.135
158643,0.555
158644,0.23
158645,0.33
158646,0.24
158647,0.005
158648,0.49
158649,0.165
158650,0.22
158651,0.385
158652,0.07
158653,0.035
158654,0.325
158655,0.315
158656,0.06
158657,0.505
158658,0.03
158659,0.33
158660,0.835
158661,0.21
158662,0.055
158663,0.1
158664,0.36
158665,0.23
158666,0.025
158667,0.065
158668,0.145
158669,0.045
158670,0.34
158671,0.08
158672,0.29
158673,0.215
158674,0.675
158675,0.08
158676,0.14
158677,0.185
158678,0.35
158679,0.105
158680,0.415
158681,0.23
158682,0.18
158683,0.01
158684,0.155
158685,0.18
158686,0.01
158687,0.01
158688,0.11
158689,0.155
158690,0.085
158691,0.535
158692,0.065
158693,0.03
158694,0.34
158695,0.09
158696,0.105
158697,0.035
158698,0.505
158699,0.205
158700,0.01
158701,0.075
158702,0.03
158703,0.015
158704,0.14
158705,0.05
158706,0.335
158707,0.335
158708,0.205
158709,0.115
158710,0.13
158711,0.045
158712,0.165
158713,0.02
158714,0.09
158715,0.14
158716,0.045
158717,0.63
158718,0.37
158719,0.055
158720,0.415
158721,0.245
158722,0.415
158723,0.47
158724,0.095
158725,0.335
158726,0.25
158727,0.2
158728,0.185
158729,0.295
158730,0.025
158731,0.055
158732,0.13
158733,0.125
158734,0.76
158735,0.085
158736,0.06
158737,0.09
158738,0.215
158739,0.485
158740,0.185
158741,0.105
158742,0.14
158743,0.585
158744,0.04
158745,0.46
158746,0.19
158747,0.005
158748,0.08
158749,0.005
158750,0.375
158751,0.055
158752,0.025
158753,0.845
158754,0.07
158755,0.09
158756,0.245
158757,0.25
158758,0.205
158759,0.775
158760,0.22
158761,0.135
158762,0.205
158763,0.09
158764,0.33
158765,0.11
158766,0.455
158767,0.49
158768,0.21
158769,0.105
158770,0.1
158771,0.065
158772,0.43
158773,0.615
158774,0.705
158775,0.135
158776,0.765
158777,0.17
158778,0.275
158779,0.015
158780,0.54
158781,0.07
158782,0.195
158783,0.055
158784,0.255
158785,0.26
158786,0.2
158787,0.04
158788,0.19
158789,0.11
158790,0.27
158791,0.175
158792,0.1
158793,0.12
158794,0.565
158795,0.165
158796,0.15
158797,0.56
158798,0.18
158799,0.375
158800,0.705
158801,0.3
158802,0.08
158803,0.02
158804,0.495
158805,0.1
158806,0.45
158807,0.065
158808,0.185
158809,0.01
158810,0.835
158811,0.195
158812,0.21
158813,0.025
158814,0.51
158815,0.045
158816,0.3
158817,0.41
158818,0.1
158819,0.25
158820,0.05
158821,0.61
158822,0.175
158823,0.1
158824,0.04
158825,0.295
158826,0.115
158827,0.265
158828,0.07
158829,0.36
158830,0.205
158831,0.685
158832,0.43
158833,0.195
158834,0.07
158835,0.365
158836,0.015
158837,0.335
158838,0.415
158839,0.15
158840,0.19
158841,0.835
158842,0.2
158843,0.085
158844,0.015
158845,0.075
158846,0.115
158847,0.14
158848,0.275
158849,0.07
158850,0.01
158851,0.18
158852,0.21
158853,0.075
158854,0.24
158855,0.075
158856,0.165
158857,0.06
158858,0.65
158859,0.045
158860,0.03
158861,0.31
158862,0.07
158863,0.015
158864,0.69
158865,0.04
158866,0.155
158867,0.05
158868,0.22
158869,0.235
158870,0.22
158871,0.12
158872,0.11
158873,0.045
158874,0.185
158875,0.05
158876,0.045
158877,0.015
158878,0.06
158879,0.085
158880,0.345
158881,0.065
158882,0.38
158883,0.14
158884,0.17
158885,0.025
158886,0.58
158887,0.26
158888,0.18
158889,0.07
158890,0.11
158891,0.135
158892,0.21
158893,0.025
158894,0.115
158895,0.025
158896,0.05
158897,0.495
158898,0.1
158899,0.255
158900,0.65
158901,0.025
158902,0.05
158903,0.08
158904,0.145
158905,0.11
158906,0.405
158907,0.03
158908,0.485
158909,0.145
158910,0.055
158911,0.745
158912,0.135
158913,0.03
158914,0.31
158915,0.085
158916,0.495
158917,0.2
158918,0.035
158919,0.18
158920,0.06
158921,0.15
158922,0.07
158923,0.235
158924,0.36
158925,0.085
158926,0.09
158927,0.75
158928,0.14
158929,0.365
158930,0.02
158931,0.015
158932,0.7
158933,0.5
158934,0.16
158935,0.185
158936,0.06
158937,0.34
158938,0.205
158939,0.53
158940,0.17
158941,0.25
158942,0.035
158943,0.06
158944,0.115
158945,0.225
158946,0.005
158947,0.04
158948,0.125
158949,0.05
158950,0.78
158951,0.29
158952,0.365
158953,0.13
158954,0.26
158955,0.37
158956,0.055
158957,0.08
158958,0.115
158959,0.04
158960,0.535
158961,0.035
158962,0.24
158963,0.105
158964,0.355
158965,0.15
158966,0.01
158967,0.655
158968,0.575
158969,0.69
158970,0.13
158971,0.095
158972,0.24
158973,0.0
158974,0.06
158975,0.215
158976,0.035
158977,0.095
158978,0.105
158979,0.755
158980,0.295
158981,0.045
158982,0.145
158983,0.05
158984,0.35
158985,0.215
158986,0.04
158987,0.215
158988,0.345
158989,0.515
158990,0.295
158991,0.065
158992,0.14
158993,0.035
158994,0.135
158995,0.035
158996,0.145
158997,0.045
158998,0.31
158999,0.005
159000,0.26
159001,0.155
159002,0.03
159003,0.33
159004,0.095
159005,0.72
159006,0.06
159007,0.19
159008,0.065
159009,0.6
159010,0.56
159011,0.095
159012,0.285
159013,0.215
159014,0.21
159015,0.06
159016,0.545
159017,0.165
159018,0.115
159019,0.175
159020,0.12
159021,0.175
159022,0.185
159023,0.465
159024,0.315
159025,0.9
159026,0.06
159027,0.41
159028,0.37
159029,0.17
159030,0.39
159031,0.185
159032,0.105
159033,0.52
159034,0.05
159035,0.035
159036,0.075
159037,0.045
159038,0.225
159039,0.195
159040,0.155
159041,0.26
159042,0.06
159043,0.095
159044,0.105
159045,0.275
159046,0.24
159047,0.295
159048,0.245
159049,0.07
159050,0.41
159051,0.03
159052,0.135
159053,0.02
159054,0.485
159055,0.165
159056,0.085
159057,0.24
159058,0.72
159059,0.05
159060,0.06
159061,0.065
159062,0.175
159063,0.16
159064,0.15
159065,0.4
159066,0.415
159067,0.02
159068,0.04
159069,0.045
159070,0.425
159071,0.02
159072,0.205
159073,0.03
159074,0.025
159075,0.1
159076,0.12
159077,0.105
159078,0.07
159079,0.075
159080,0.765
159081,0.85
159082,0.035
159083,0.02
159084,0.03
159085,0.615
159086,0.025
159087,0.05
159088,0.095
159089,0.99
159090,0.44
159091,0.505
159092,0.075
159093,0.4
159094,0.315
159095,0.495
159096,0.085
159097,0.085
159098,0.05
159099,0.295
159100,0.11
159101,0.01
159102,0.155
159103,0.115
159104,0.25
159105,0.395
159106,0.02
159107,0.175
159108,0.08
159109,0.05
159110,0.215
159111,0.48
159112,0.025
159113,0.285
159114,0.03
159115,0.765
159116,0.28
159117,0.11
159118,0.08
159119,0.04
159120,0.305
159121,0.365
159122,0.015
159123,0.105
159124,0.03
159125,0.115
159126,0.045
159127,0.12
159128,0.11
159129,0.175
159130,0.125
159131,0.565
159132,0.575
159133,0.305
159134,0.085
159135,0.21
159136,0.19
159137,0.695
159138,0.145
159139,0.02
159140,0.42
159141,0.04
159142,0.045
159143,0.205
159144,0.475
159145,0.215
159146,0.075
159147,0.375
159148,0.075
159149,0.005
159150,0.87
159151,0.185
159152,0.095
159153,0.01
159154,0.11
159155,0.065
159156,0.135
159157,0.05
159158,0.215
159159,0.01
159160,0.385
159161,0.14
159162,0.02
159163,0.38
159164,0.04
159165,0.74
159166,0.255
159167,0.375
159168,0.08
159169,0.25
159170,0.01
159171,0.3
159172,0.08
159173,0.065
159174,0.0
159175,0.555
159176,0.05
159177,0.085
159178,0.29
159179,0.87
159180,0.09
159181,0.06
159182,0.095
159183,0.085
159184,0.07
159185,0.23
159186,0.64
159187,0.035
159188,0.15
159189,0.42
159190,0.08
159191,0.29
159192,0.18
159193,0.115
159194,0.1
159195,0.285
159196,0.135
159197,0.065
159198,0.175
159199,0.535
159200,0.26
159201,0.12
159202,0.395
159203,0.635
159204,0.105
159205,0.59
159206,0.05
159207,0.385
159208,0.115
159209,0.4
159210,0.07
159211,0.145
159212,0.1
159213,0.08
159214,0.43
159215,0.025
159216,0.135
159217,0.13
159218,0.445
159219,0.26
159220,0.155
159221,0.485
159222,0.595
159223,0.245
159224,0.115
159225,0.805
159226,0.045
159227,0.045
159228,0.825
159229,0.055
159230,0.605
159231,0.035
159232,0.06
159233,0.22
159234,0.31
159235,0.445
159236,0.23
159237,0.055
159238,0.085
159239,0.045
159240,0.36
159241,0.32
159242,0.685
159243,0.54
159244,0.155
159245,0.09
159246,0.235
159247,0.475
159248,0.66
159249,0.53
159250,0.075
159251,0.075
159252,0.125
159253,0.1
159254,0.115
159255,0.21
159256,0.085
159257,0.13
159258,0.02
159259,0.04
159260,0.47
159261,0.17
159262,0.395
159263,0.24
159264,0.26
159265,0.11
159266,0.335
159267,0.17
159268,0.005
159269,0.065
159270,0.27
159271,0.305
159272,0.2
159273,0.085
159274,0.14
159275,0.655
159276,0.12
159277,0.04
159278,0.03
159279,0.215
159280,0.14
159281,0.01
159282,0.915
159283,0.02
159284,0.235
159285,0.155
159286,0.095
159287,0.06
159288,0.295
159289,0.35
159290,0.81
159291,0.185
159292,0.235
159293,0.255
159294,0.075
159295,0.16
159296,0.685
159297,0.355
159298,0.51
159299,0.03
159300,0.285
159301,0.12
159302,0.44
159303,0.46
159304,0.26
159305,0.56
159306,0.26
159307,0.345
159308,0.21
159309,0.2
159310,0.175
159311,0.055
159312,0.19
159313,0.645
159314,0.12
159315,0.345
159316,0.19
159317,0.855
159318,0.16
159319,0.185
159320,0.31
159321,0.05
159322,0.17
159323,0.515
159324,0.21
159325,0.15
159326,0.1
159327,0.405
159328,0.12
159329,0.11
159330,0.04
159331,0.165
159332,0.55
159333,0.065
159334,0.095
159335,0.045
159336,0.22
159337,0.15
159338,0.345
159339,0.745
159340,0.155
159341,0.02
159342,0.06
159343,0.01
159344,0.255
159345,0.195
159346,0.145
159347,0.505
159348,0.795
159349,0.38
159350,0.155
159351,0.805
159352,0.72
159353,0.23
159354,0.155
159355,0.6
159356,0.05
159357,0.14
159358,0.15
159359,0.385
159360,0.095
159361,0.2
159362,0.0
159363,0.145
159364,0.02
159365,0.185
159366,0.685
159367,0.03
159368,0.115
159369,0.35
159370,0.21
159371,0.145
159372,0.125
159373,0.16
159374,0.21
159375,0.185
159376,0.265
159377,0.49
159378,0.28
159379,0.135
159380,0.375
159381,0.095
159382,0.07
159383,0.4
159384,0.15
159385,0.425
159386,0.34
159387,0.13
159388,0.035
159389,0.165
159390,0.05
159391,0.665
159392,0.08
159393,0.385
159394,0.205
159395,0.19
159396,0.095
159397,0.78
159398,0.23
159399,0.015
159400,0.19
159401,0.41
159402,0.075
159403,0.15
159404,0.04
159405,0.465
159406,0.09
159407,0.195
159408,0.435
159409,0.21
159410,0.04
159411,0.59
159412,0.19
159413,0.225
159414,0.065
159415,0.075
159416,0.33
159417,0.085
159418,0.025
159419,0.635
159420,0.15
159421,0.035
159422,0.035
159423,0.195
159424,0.48
159425,0.365
159426,0.07
159427,0.25
159428,0.23
159429,0.075
159430,0.135
159431,0.24
159432,0.155
159433,0.255
159434,0.335
159435,0.375
159436,0.005
159437,0.025
159438,0.16
159439,0.475
159440,0.045
159441,0.155
159442,0.07
159443,0.1
159444,0.235
159445,0.09
159446,0.565
159447,0.275
159448,0.14
159449,0.16
159450,0.16
159451,0.23
159452,0.19
159453,0.205
159454,0.335
159455,0.095
159456,0.12
159457,0.33
159458,0.06
159459,0.09
159460,0.5
159461,0.055
159462,0.235
159463,0.115
159464,0.07
159465,0.165
159466,0.47
159467,0.315
159468,0.03
159469,0.305
159470,0.115
159471,0.71
159472,0.345
159473,0.09
159474,0.745
159475,0.105
159476,0.19
159477,0.0
159478,0.405
159479,0.225
159480,0.305
159481,0.885
159482,0.37
159483,0.27
159484,0.03
159485,0.315
159486,0.34
159487,0.305
159488,0.525
159489,0.115
159490,0.07
159491,0.55
159492,0.495
159493,0.2
159494,0.07
159495,0.23
159496,0.01
159497,0.625
159498,0.035
159499,0.775
159500,0.215
159501,0.195
159502,0.06
159503,0.46
159504,0.055
159505,0.085
159506,0.025
159507,0.19
159508,0.23
159509,0.07
159510,0.02
159511,0.315
159512,0.585
159513,0.17
159514,0.33
159515,0.46
159516,0.075
159517,0.425
159518,0.02
159519,0.09
159520,0.125
159521,0.255
159522,0.255
159523,0.765
159524,0.135
159525,0.12
159526,0.14
159527,0.035
159528,0.09
159529,0.625
159530,0.085
159531,0.245
159532,0.185
159533,0.1
159534,0.17
159535,0.315
159536,0.08
159537,0.37
159538,0.62
159539,0.125
159540,0.015
159541,0.425
159542,0.265
159543,0.105
159544,0.1
159545,0.36
159546,0.105
159547,0.345
159548,0.61
159549,0.365
159550,0.175
159551,0.52
159552,0.015
159553,0.13
159554,0.145
159555,0.275
159556,0.33
159557,0.105
159558,0.095
159559,0.41
159560,0.19
159561,0.055
159562,0.315
159563,0.39
159564,0.155
159565,0.055
159566,0.14
159567,0.045
159568,0.1
159569,0.125
159570,0.01
159571,0.64
159572,0.17
159573,0.185
159574,0.42
159575,0.04
159576,0.37
159577,0.485
159578,0.1
159579,0.02
159580,0.545
159581,0.28
159582,0.06
159583,0.19
159584,0.255
159585,0.48
159586,0.245
159587,0.205
159588,0.095
159589,0.11
159590,0.17
159591,0.645
159592,0.275
159593,0.105
159594,0.06
159595,0.605
159596,0.265
159597,0.185
159598,0.085
159599,0.29
159600,0.36
159601,0.085
159602,0.73
159603,0.12
159604,0.535
159605,0.04
159606,0.75
159607,0.08
159608,0.235
159609,0.445
159610,0.105
159611,0.22
159612,0.2
159613,0.045
159614,0.055
159615,0.065
159616,0.165
159617,0.25
159618,0.075
159619,0.045
159620,0.655
159621,0.29
159622,0.055
159623,0.17
159624,0.6
159625,0.01
159626,0.14
159627,0.08
159628,0.46
159629,0.81
159630,0.14
159631,0.02
159632,0.595
159633,0.62
159634,0.535
159635,0.1
159636,0.075
159637,0.025
159638,0.825
159639,0.15
159640,0.66
159641,0.115
159642,0.525
159643,0.09
159644,0.23
159645,0.04
159646,0.12
159647,0.19
159648,0.105
159649,0.43
159650,0.065
159651,0.275
159652,0.04
159653,0.085
159654,0.22
159655,0.1
159656,0.23
159657,0.13
159658,0.035
159659,0.42
159660,0.19
159661,0.565
159662,0.16
159663,0.39
159664,0.475
159665,0.82
159666,0.165
159667,0.16
159668,0.185
159669,0.05
159670,0.31
159671,0.115
159672,0.01
159673,0.09
159674,0.135
159675,0.17
159676,0.035
159677,0.255
159678,0.12
159679,0.005
159680,0.18
159681,0.095
159682,0.015
159683,0.1
159684,0.23
159685,0.03
159686,0.01
159687,0.1
159688,0.05
159689,0.055
159690,0.04
159691,0.12
159692,0.315
159693,0.11
159694,0.275
159695,0.01
159696,0.0
159697,0.075
159698,0.065
159699,0.135
159700,0.14
159701,0.095
159702,0.27
159703,0.35
159704,0.69
159705,0.505
159706,0.105
159707,0.555
159708,0.095
159709,0.235
159710,0.19
159711,0.155
159712,0.565
159713,0.625
159714,0.12
159715,0.225
159716,0.195
159717,0.205
159718,0.15
159719,0.38
159720,0.125
159721,0.15
159722,0.335
159723,0.015
159724,0.085
159725,0.305
159726,0.415
159727,0.12
159728,0.205
159729,0.14
159730,0.475
159731,0.24
159732,0.345
159733,0.01
159734,0.33
159735,0.26
159736,0.025
159737,0.045
159738,0.6
159739,0.15
159740,0.125
159741,0.215
159742,0.1
159743,0.265
159744,0.075
159745,0.0
159746,0.115
159747,0.05
159748,0.035
159749,0.52
159750,0.005
159751,0.2
159752,0.14
159753,0.2
159754,0.515
159755,0.03
159756,0.24
159757,0.095
159758,0.17
159759,0.415
159760,0.1
159761,0.165
159762,0.7
159763,0.2
159764,0.1
159765,0.1
159766,0.11
159767,0.46
159768,0.04
159769,0.1
159770,0.01
159771,0.775
159772,0.235
159773,0.05
159774,0.31
159775,0.1
159776,0.225
159777,0.065
159778,0.08
159779,0.055
159780,0.28
159781,0.13
159782,0.055
159783,0.055
159784,0.315
159785,0.09
159786,0.085
159787,0.07
159788,0.1
159789,0.475
159790,0.125
159791,0.3
159792,0.245
159793,0.265
159794,0.415
159795,0.085
159796,0.135
159797,0.385
159798,0.135
159799,0.28
159800,0.12
159801,0.235
159802,0.18
159803,0.03
159804,0.395
159805,0.155
159806,0.47
159807,0.4
159808,0.04
159809,0.14
159810,0.115
159811,0.13
159812,0.16
159813,0.225
159814,0.06
159815,0.19
159816,0.745
159817,0.305
159818,0.07
159819,0.21
159820,0.005
159821,0.435
159822,0.365
159823,0.6
159824,0.07
159825,0.17
159826,0.02
159827,0.45
159828,0.9
159829,0.385
159830,0.085
159831,0.04
159832,0.205
159833,0.02
159834,0.23
159835,0.08
159836,0.715
159837,0.25
159838,0.63
159839,0.02
159840,0.095
159841,0.135
159842,0.515
159843,0.08
159844,0.17
159845,0.03
159846,0.425
159847,0.375
159848,0.555
159849,0.175
159850,0.03
159851,0.66
159852,0.09
159853,0.505
159854,0.5
159855,0.0
159856,0.14
159857,0.785
159858,0.06
159859,0.685
159860,0.015
159861,0.13
159862,0.315
159863,0.165
159864,0.455
159865,0.045
159866,0.45
159867,0.04
159868,0.035
159869,0.425
159870,0.355
159871,0.095
159872,0.1
159873,0.315
159874,0.2
159875,0.705
159876,0.75
159877,0.02
159878,0.335
159879,0.195
159880,0.47
159881,0.745
159882,0.065
159883,0.745
159884,0.35
159885,0.755
159886,0.14
159887,0.78
159888,0.465
159889,0.355
159890,0.275
159891,0.475
159892,0.15
159893,0.77
159894,0.11
159895,0.28
159896,0.55
159897,0.39
159898,0.03
159899,0.065
159900,0.105
159901,0.78
159902,0.44
159903,0.485
159904,0.045
159905,0.475
159906,0.085
159907,0.62
159908,0.265
159909,0.365
159910,0.01
159911,0.48
159912,0.33
159913,0.615
159914,0.03
159915,0.09
159916,0.21
159917,0.045
159918,0.015
159919,0.025
159920,0.22
159921,0.38
159922,0.085
159923,0.08
159924,0.065
159925,0.025
159926,0.2
159927,0.17
159928,0.205
159929,0.6
159930,0.055
159931,0.075
159932,0.19
159933,0.125
159934,0.14
159935,0.1
159936,0.1
159937,0.06
159938,0.045
159939,0.15
159940,0.69
159941,0.685
159942,0.465
159943,0.78
159944,0.185
159945,0.575
159946,0.875
159947,0.265
159948,0.2
159949,0.295
159950,0.05
159951,0.01
159952,0.08
159953,0.835
159954,0.23
159955,0.14
159956,0.105
159957,0.58
159958,0.105
159959,0.155
159960,0.1
159961,0.135
159962,0.19
159963,0.02
159964,0.645
159965,0.13
159966,0.265
159967,0.165
159968,0.265
159969,0.11
159970,0.17
159971,0.085
159972,0.04
159973,0.56
159974,0.045
159975,0.33
159976,0.585
159977,0.505
159978,0.08
159979,0.22
159980,0.16
159981,0.04
159982,0.05
159983,0.03
159984,0.12
159985,0.16
159986,0.24
159987,0.055
159988,0.425
159989,0.085
159990,0.5
159991,0.245
159992,0.07
159993,0.215
159994,0.255
159995,0.005
159996,0.425
159997,0.125
159998,0.025
159999,0.12
160000,0.82
160001,0.14
160002,0.205
160003,0.575
160004,0.155
160005,0.175
160006,0.11
160007,0.18
160008,0.035
160009,0.175
160010,0.04
160011,0.295
160012,0.545
160013,0.06
160014,0.0
160015,0.105
160016,0.045
160017,0.02
160018,0.15
160019,0.05
160020,0.135
160021,0.035
160022,0.15
160023,0.17
160024,0.215
160025,0.095
160026,0.365
160027,0.09
160028,0.115
160029,0.08
160030,0.065
160031,0.18
160032,0.08
160033,0.125
160034,0.215
160035,0.335
160036,0.255
160037,0.06
160038,0.385
160039,0.08
160040,0.025
160041,0.055
160042,0.23
160043,0.265
160044,0.045
160045,0.405
160046,0.075
160047,0.205
160048,0.075
160049,0.065
160050,0.035
160051,0.025
160052,0.03
160053,0.115
160054,0.035
160055,0.23
160056,0.125
160057,0.005
160058,0.8
160059,0.1
160060,0.085
160061,0.065
160062,0.14
160063,0.075
160064,0.05
160065,0.185
160066,0.105
160067,0.135
160068,0.015
160069,0.215
160070,0.13
160071,0.04
160072,0.19
160073,0.61
160074,0.82
160075,0.03
160076,0.11
160077,0.035
160078,0.085
160079,0.57
160080,0.05
160081,0.24
160082,0.62
160083,0.135
160084,0.06
160085,0.19
160086,0.08
160087,0.46
160088,0.735
160089,0.445
160090,0.095
160091,0.145
160092,0.195
160093,0.225
160094,0.8
160095,0.115
160096,0.285
160097,0.07
160098,0.155
160099,0.91
160100,0.025
160101,0.04
160102,0.335
160103,0.46
160104,0.14
160105,0.13
160106,0.04
160107,0.055
160108,0.05
160109,0.065
160110,0.18
160111,0.305
160112,0.105
160113,0.305
160114,0.01
160115,0.115
160116,0.75
160117,0.25
160118,0.03
160119,0.185
160120,0.29
160121,0.505
160122,0.455
160123,0.11
160124,0.145
160125,0.215
160126,0.105
160127,0.685
160128,0.18
160129,0.775
160130,0.115
160131,0.18
160132,0.065
160133,0.62
160134,0.66
160135,0.23
160136,0.06
160137,0.635
160138,0.2
160139,0.17
160140,0.185
160141,0.085
160142,0.765
160143,0.06
160144,0.425
160145,0.245
160146,0.225
160147,0.015
160148,0.185
160149,0.075
160150,0.05
160151,0.395
160152,0.075
160153,0.095
160154,0.14
160155,0.9
160156,0.14
160157,0.255
160158,0.07
160159,0.125
160160,0.03
160161,0.045
160162,0.205
160163,0.105
160164,0.015
160165,0.04
160166,0.175
160167,0.225
160168,0.075
160169,0.08
160170,0.06
160171,0.06
160172,0.14
160173,0.055
160174,0.09
160175,0.5
160176,0.025
160177,0.145
160178,0.24
160179,0.115
160180,0.095
160181,0.18
160182,0.21
160183,0.09
160184,0.04
160185,0.03
160186,0.115
160187,0.64
160188,0.0
160189,0.105
160190,0.005
160191,0.525
160192,0.115
160193,0.13
160194,0.09
160195,0.265
160196,0.205
160197,0.16
160198,0.095
160199,0.375
160200,0.08
160201,0.335
160202,0.74
160203,0.005
160204,0.28
160205,0.135
160206,0.025
160207,0.705
160208,0.04
160209,0.065
160210,0.155
160211,0.12
160212,0.065
160213,0.225
160214,0.39
160215,0.555
160216,0.085
160217,0.205
160218,0.02
160219,0.62
160220,0.13
160221,0.325
160222,0.055
160223,0.11
160224,0.04
160225,0.08
160226,0.52
160227,0.11
160228,0.485
160229,0.215
160230,0.105
160231,0.25
160232,0.115
160233,0.065
160234,0.155
160235,0.235
160236,0.385
160237,0.57
160238,0.33
160239,0.025
160240,0.035
160241,0.375
160242,0.1
160243,0.935
160244,0.85
160245,0.355
160246,0.17
160247,0.0
160248,0.15
160249,0.64
160250,0.465
160251,0.135
160252,0.285
160253,0.735
160254,0.44
160255,0.165
160256,0.235
160257,0.23
160258,0.105
160259,0.18
160260,0.045
160261,0.065
160262,0.49
160263,0.105
160264,0.725
160265,0.205
160266,0.42
160267,0.49
160268,0.04
160269,0.68
160270,0.1
160271,0.09
160272,0.065
160273,0.305
160274,0.135
160275,0.185
160276,0.09
160277,0.55
160278,0.275
160279,0.24
160280,0.38
160281,0.23
160282,0.2
160283,0.165
160284,0.38
160285,0.125
160286,0.68
160287,0.14
160288,0.11
160289,0.06
160290,0.265
160291,0.23
160292,0.145
160293,0.305
160294,0.275
160295,0.34
160296,0.0
160297,0.305
160298,0.165
160299,0.25
160300,0.11
160301,0.565
160302,0.015
160303,0.04
160304,0.89
160305,0.455
160306,0.29
160307,0.01
160308,0.03
160309,0.03
160310,0.005
160311,0.025
160312,0.53
160313,0.1
160314,0.025
160315,0.075
160316,0.055
160317,0.24
160318,0.14
160319,0.81
160320,0.125
160321,0.295
160322,0.04
160323,0.415
160324,0.16
160325,0.21
160326,0.08
160327,0.07
160328,0.045
160329,0.17
160330,0.035
160331,0.36
160332,0.0
160333,0.16
160334,0.485
160335,0.25
160336,0.705
160337,0.27
160338,0.17
160339,0.525
160340,0.315
160341,0.605
160342,0.015
160343,0.145
160344,0.125
160345,0.025
160346,0.03
160347,0.195
160348,0.04
160349,0.115
160350,0.01
160351,0.22
160352,0.08
160353,0.105
160354,0.09
160355,0.26
160356,0.17
160357,0.18
160358,0.08
160359,0.435
160360,0.05
160361,0.09
160362,0.455
160363,0.105
160364,0.345
160365,0.215
160366,0.12
160367,0.165
160368,0.265
160369,0.17
160370,0.055
160371,0.105
160372,0.645
160373,0.075
160374,0.03
160375,0.04
160376,0.46
160377,0.16
160378,0.21
160379,0.075
160380,0.49
160381,0.15
160382,0.405
160383,0.81
160384,0.56
160385,0.385
160386,0.05
160387,0.56
160388,0.085
160389,0.19
160390,0.14
160391,0.055
160392,0.355
160393,0.17
160394,0.25
160395,0.35
160396,0.22
160397,0.145
160398,0.14
160399,0.01
160400,0.1
160401,0.055
160402,0.03
160403,0.155
160404,0.385
160405,0.02
160406,0.03
160407,0.505
160408,0.085
160409,0.075
160410,0.11
160411,0.25
160412,0.11
160413,0.25
160414,0.255
160415,0.06
160416,0.075
160417,0.18
160418,0.35
160419,0.16
160420,0.195
160421,0.15
160422,0.315
160423,0.28
160424,0.07
160425,0.465
160426,0.645
160427,0.6
160428,0.45
160429,0.08
160430,0.08
160431,0.02
160432,0.07
160433,0.19
160434,0.005
160435,0.12
160436,0.095
160437,0.255
160438,0.525
160439,0.59
160440,0.125
160441,0.015
160442,0.35
160443,0.905
160444,0.14
160445,0.165
160446,0.325
160447,0.195
160448,0.08
160449,0.065
160450,0.67
160451,0.07
160452,0.045
160453,0.885
160454,0.19
160455,0.055
160456,0.12
160457,0.465
160458,0.295
160459,0.175
160460,0.055
160461,0.07
160462,0.705
160463,0.805
160464,0.07
160465,0.115
160466,0.535
160467,0.77
160468,0.115
160469,0.03
160470,0.625
160471,0.095
160472,0.105
160473,0.17
160474,0.27
160475,0.19
160476,0.235
160477,0.52
160478,0.27
160479,0.05
160480,0.3
160481,0.105
160482,0.03
160483,0.125
160484,0.295
160485,0.07
160486,0.285
160487,0.1
160488,0.155
160489,0.255
160490,0.225
160491,0.06
160492,0.515
160493,0.515
160494,0.06
160495,0.1
160496,0.24
160497,0.34
160498,0.035
160499,0.21
160500,0.175
160501,0.395
160502,0.01
160503,0.565
160504,0.11
160505,0.825
160506,0.365
160507,0.28
160508,0.08
160509,0.44
160510,0.465
160511,0.345
160512,0.105
160513,0.24
160514,0.11
160515,0.125
160516,0.11
160517,0.47
160518,0.085
160519,0.12
160520,0.74
160521,0.13
160522,0.23
160523,0.115
160524,0.16
160525,0.33
160526,0.14
160527,0.065
160528,0.165
160529,0.1
160530,0.09
160531,0.445
160532,0.085
160533,0.065
160534,0.685
160535,0.405
160536,0.46
160537,0.395
160538,0.465
160539,0.3
160540,0.145
160541,0.045
160542,0.385
160543,0.095
160544,0.055
160545,0.125
160546,0.43
160547,0.03
160548,0.205
160549,0.655
160550,0.22
160551,0.04
160552,0.135
160553,0.025
160554,0.265
160555,0.675
160556,0.035
160557,0.275
160558,0.15
160559,0.035
160560,0.285
160561,0.095
160562,0.325
160563,0.315
160564,0.16
160565,0.185
160566,0.175
160567,0.145
160568,0.18
160569,0.335
160570,0.04
160571,0.73
160572,0.44
160573,0.11
160574,0.165
160575,0.195
160576,0.04
160577,0.04
160578,0.215
160579,0.195
160580,0.31
160581,0.065
160582,0.075
160583,0.12
160584,0.08
160585,0.05
160586,0.125
160587,0.02
160588,0.13
160589,0.18
160590,0.165
160591,0.12
160592,0.155
160593,0.155
160594,0.1
160595,0.07
160596,0.185
160597,0.165
160598,0.25
160599,0.18
160600,0.1
160601,0.225
160602,0.105
160603,0.16
160604,0.645
160605,0.245
160606,0.095
160607,0.135
160608,0.075
160609,0.495
160610,0.515
160611,0.0
160612,0.41
160613,0.735
160614,0.105
160615,0.125
160616,0.12
160617,0.725
160618,0.125
160619,0.31
160620,0.04
160621,0.63
160622,0.09
160623,0.31
160624,0.015
160625,0.175
160626,0.115
160627,0.225
160628,0.505
160629,0.86
160630,0.055
160631,0.265
160632,0.27
160633,0.115
160634,0.265
160635,0.185
160636,0.12
160637,0.06
160638,0.085
160639,0.005
160640,0.425
160641,0.3
160642,0.105
160643,0.075
160644,0.055
160645,0.05
160646,0.035
160647,0.61
160648,0.195
160649,0.005
160650,0.0
160651,0.145
160652,0.36
160653,0.19
160654,0.07
160655,0.085
160656,0.14
160657,0.08
160658,0.185
160659,0.6
160660,0.65
160661,0.105
160662,0.155
160663,0.15
160664,0.68
160665,0.43
160666,0.42
160667,0.1
160668,0.2
160669,0.855
160670,0.125
160671,0.46
160672,0.075
160673,0.02
160674,0.055
160675,0.765
160676,0.135
160677,0.335
160678,0.075
160679,0.49
160680,0.32
160681,0.195
160682,0.045
160683,0.225
160684,0.03
160685,0.58
160686,0.675
160687,0.235
160688,0.055
160689,0.115
160690,0.21
160691,0.08
160692,0.015
160693,0.04
160694,0.19
160695,0.005
160696,0.02
160697,0.605
160698,0.83
160699,0.155
160700,0.06
160701,0.31
160702,0.125
160703,0.565
160704,0.325
160705,0.195
160706,0.035
160707,0.26
160708,0.09
160709,0.11
160710,0.21
160711,0.005
160712,0.12
160713,0.085
160714,0.245
160715,0.335
160716,0.23
160717,0.425
160718,0.77
160719,0.02
160720,0.17
160721,0.3
160722,0.045
160723,0.035
160724,0.165
160725,0.18
160726,0.06
160727,0.13
160728,0.16
160729,0.27
160730,0.405
160731,0.63
160732,0.19
160733,0.06
160734,0.245
160735,0.07
160736,0.47
160737,0.13
160738,0.235
160739,0.2
160740,0.03
160741,0.07
160742,0.155
160743,0.065
160744,0.09
160745,0.19
160746,0.145
160747,0.205
160748,0.02
160749,0.27
160750,0.265
160751,0.89
160752,0.13
160753,0.585
160754,0.235
160755,0.165
160756,0.17
160757,0.025
160758,0.27
160759,0.195
160760,0.035
160761,0.275
160762,0.055
160763,0.215
160764,0.19
160765,0.255
160766,0.655
160767,0.035
160768,0.185
160769,0.01
160770,0.385
160771,0.9
160772,0.035
160773,0.105
160774,0.875
160775,0.23
160776,0.1
160777,0.035
160778,0.105
160779,0.02
160780,0.005
160781,0.08
160782,0.43
160783,0.085
160784,0.11
160785,0.745
160786,0.015
160787,0.935
160788,0.195
160789,0.18
160790,0.76
160791,0.115
160792,0.36
160793,0.225
160794,0.05
160795,0.17
160796,0.115
160797,0.24
160798,0.86
160799,0.23
160800,0.095
160801,0.24
160802,0.435
160803,0.01
160804,0.1
160805,0.16
160806,0.155
160807,0.145
160808,0.065
160809,0.125
160810,0.09
160811,0.315
160812,0.095
160813,0.215
160814,0.465
160815,0.05
160816,0.04
160817,0.18
160818,0.1
160819,0.21
160820,0.2
160821,0.38
160822,0.04
160823,0.43
160824,0.01
160825,0.035
160826,0.025
160827,0.085
160828,0.195
160829,0.135
160830,0.09
160831,0.295
160832,0.13
160833,0.585
160834,0.475
160835,0.345
160836,0.045
160837,0.13
160838,0.03
160839,0.1
160840,0.635
160841,0.105
160842,0.27
160843,0.085
160844,0.18
160845,0.305
160846,0.14
160847,0.075
160848,0.135
160849,0.71
160850,0.005
160851,0.0
160852,0.115
160853,0.46
160854,0.005
160855,0.89
160856,0.165
160857,0.1
160858,0.09
160859,0.07
160860,0.205
160861,0.435
160862,0.065
160863,0.025
160864,0.085
160865,0.1
160866,0.035
160867,0.015
160868,0.58
160869,0.8
160870,0.14
160871,0.62
160872,0.47
160873,0.26
160874,0.195
160875,0.03
160876,0.175
160877,0.265
160878,0.16
160879,0.105
160880,0.465
160881,0.12
160882,0.28
160883,0.065
160884,0.205
160885,0.14
160886,0.0
160887,0.42
160888,0.21
160889,0.475
160890,0.365
160891,0.21
160892,0.025
160893,0.005
160894,0.015
160895,0.44
160896,0.165
160897,0.205
160898,0.01
160899,0.71
160900,0.615
160901,0.12
160902,0.865
160903,0.125
160904,0.11
160905,0.32
160906,0.035
160907,0.02
160908,0.195
160909,0.47
160910,0.045
160911,0.25
160912,0.23
160913,0.26
160914,0.085
160915,0.215
160916,0.015
160917,0.195
160918,0.425
160919,0.58
160920,0.065
160921,0.13
160922,0.425
160923,0.21
160924,0.365
160925,0.11
160926,0.63
160927,0.63
160928,0.1
160929,0.13
160930,0.18
160931,0.115
160932,0.355
160933,0.63
160934,0.335
160935,0.055
160936,0.245
160937,0.765
160938,0.745
160939,0.09
160940,0.15
160941,0.085
160942,0.11
160943,0.06
160944,0.1
160945,0.49
160946,0.16
160947,0.36
160948,0.315
160949,0.69
160950,0.22
160951,0.21
160952,0.065
160953,0.27
160954,0.265
160955,0.255
160956,0.065
160957,0.095
160958,0.2
160959,0.535
160960,0.335
160961,0.09
160962,0.15
160963,0.36
160964,0.325
160965,0.915
160966,0.375
160967,0.365
160968,0.295
160969,0.065
160970,0.2
160971,0.045
160972,0.4
160973,0.05
160974,0.44
160975,0.07
160976,0.91
160977,0.165
160978,0.79
160979,0.075
160980,0.27
160981,0.09
160982,0.375
160983,0.065
160984,0.295
160985,0.385
160986,0.51
160987,0.12
160988,0.07
160989,0.13
160990,0.155
160991,0.215
160992,0.05
160993,0.035
160994,0.425
160995,0.245
160996,0.505
160997,0.435
160998,0.035
160999,0.205
161000,0.13
161001,0.215
161002,0.1
161003,0.085
161004,0.095
161005,0.295
161006,0.12
161007,0.065
161008,0.115
161009,0.17
161010,0.125
161011,0.085
161012,0.05
161013,0.04
161014,0.71
161015,0.095
161016,0.59
161017,0.185
161018,0.625
161019,0.06
161020,0.715
161021,0.04
161022,0.16
161023,0.28
161024,0.095
161025,0.115
161026,0.125
161027,0.405
161028,0.11
161029,0.26
161030,0.805
161031,0.115
161032,0.01
161033,0.05
161034,0.325
161035,0.215
161036,0.18
161037,0.025
161038,0.335
161039,0.04
161040,0.285
161041,0.28
161042,0.095
161043,0.34
161044,0.23
161045,0.085
161046,0.275
161047,0.185
161048,0.105
161049,0.75
161050,0.34
161051,0.065
161052,0.525
161053,0.54
161054,0.57
161055,0.11
161056,0.22
161057,0.155
161058,0.405
161059,0.185
161060,0.465
161061,0.02
161062,0.22
161063,0.025
161064,0.38
161065,0.335
161066,0.3
161067,0.395
161068,0.225
161069,0.14
161070,0.42
161071,0.055
161072,0.135
161073,0.08
161074,0.07
161075,0.21
161076,0.045
161077,0.47
161078,0.06
161079,0.075
161080,0.665
161081,0.135
161082,0.395
161083,0.4
161084,0.175
161085,0.1
161086,0.185
161087,0.0
161088,0.145
161089,0.7
161090,0.405
161091,0.26
161092,0.025
161093,0.015
161094,0.16
161095,0.25
161096,0.035
161097,0.175
161098,0.05
161099,0.215
161100,0.125
161101,0.99
161102,0.095
161103,0.44
161104,0.13
161105,0.42
161106,0.065
161107,0.545
161108,0.365
161109,0.065
161110,0.225
161111,0.145
161112,0.1
161113,0.075
161114,0.03
161115,0.06
161116,0.19
161117,0.17
161118,0.295
161119,0.07
161120,0.18
161121,0.645
161122,0.065
161123,0.1
161124,0.135
161125,0.01
161126,0.115
161127,0.52
161128,0.05
161129,0.145
161130,0.115
161131,0.6
161132,0.045
161133,0.38
161134,0.005
161135,0.455
161136,0.525
161137,0.235
161138,0.21
161139,0.085
161140,0.09
161141,0.37
161142,0.115
161143,0.35
161144,0.15
161145,0.025
161146,0.615
161147,0.005
161148,0.095
161149,0.68
161150,0.025
161151,0.035
161152,0.22
161153,0.05
161154,0.245
161155,0.32
161156,0.075
161157,0.175
161158,0.29
161159,0.43
161160,0.055
161161,0.105
161162,0.11
161163,0.12
161164,0.25
161165,0.15
161166,0.11
161167,0.45
161168,0.17
161169,0.165
161170,0.165
161171,0.065
161172,0.11
161173,0.17
161174,0.125
161175,0.055
161176,0.06
161177,0.095
161178,0.965
161179,0.57
161180,0.075
161181,0.035
161182,0.055
161183,0.19
161184,0.345
161185,0.045
161186,0.675
161187,0.135
161188,0.2
161189,0.25
161190,0.235
161191,0.4
161192,0.11
161193,0.38
161194,0.29
161195,0.575
161196,0.225
161197,0.19
161198,0.095
161199,0.44
161200,0.255
161201,0.155
161202,0.045
161203,0.0
161204,0.03
161205,0.35
161206,0.05
161207,0.21
161208,0.24
161209,0.225
161210,0.09
161211,0.07
161212,0.32
161213,0.095
161214,0.19
161215,0.36
161216,0.48
161217,0.005
161218,0.225
161219,0.04
161220,0.215
161221,0.25
161222,0.065
161223,0.25
161224,0.01
161225,0.08
161226,0.145
161227,0.035
161228,0.055
161229,0.0
161230,0.11
161231,0.135
161232,0.06
161233,0.505
161234,0.15
161235,0.055
161236,0.825
161237,0.765
161238,0.48
161239,0.265
161240,0.17
161241,0.03
161242,0.055
161243,0.685
161244,0.19
161245,0.245
161246,0.19
161247,0.04
161248,0.165
161249,0.025
161250,0.135
161251,0.305
161252,0.31
161253,0.425
161254,0.255
161255,0.29
161256,0.325
161257,0.225
161258,0.065
161259,0.03
161260,0.18
161261,0.815
161262,0.105
161263,0.025
161264,0.745
161265,0.275
161266,0.345
161267,0.07
161268,0.12
161269,0.23
161270,0.05
161271,0.28
161272,0.54
161273,0.935
161274,0.08
161275,0.145
161276,0.255
161277,0.73
161278,0.13
161279,0.2
161280,0.56
161281,0.035
161282,0.025
161283,0.03
161284,0.105
161285,0.24
161286,0.065
161287,0.04
161288,0.635
161289,0.395
161290,0.095
161291,0.195
161292,0.75
161293,0.015
161294,0.02
161295,0.27
161296,0.31
161297,0.135
161298,0.65
161299,0.315
161300,0.305
161301,0.15
161302,0.655
161303,0.09
161304,0.095
161305,0.685
161306,0.16
161307,0.465
161308,0.015
161309,0.405
161310,0.135
161311,0.4
161312,0.17
161313,0.25
161314,0.085
161315,0.04
161316,0.345
161317,0.2
161318,0.125
161319,0.625
161320,0.215
161321,0.785
161322,0.115
161323,0.035
161324,0.07
161325,0.1
161326,0.15
161327,0.06
161328,0.1
161329,0.125
161330,0.17
161331,0.11
161332,0.26
161333,0.065
161334,0.085
161335,0.21
161336,0.06
161337,0.315
161338,0.895
161339,0.21
161340,0.545
161341,0.16
161342,0.29
161343,0.03
161344,0.06
161345,0.085
161346,0.75
161347,0.085
161348,0.055
161349,0.015
161350,0.15
161351,0.045
161352,0.085
161353,0.1
161354,0.04
161355,0.08
161356,0.43
161357,0.33
161358,0.16
161359,0.18
161360,0.05
161361,0.125
161362,0.165
161363,0.34
161364,0.58
161365,0.145
161366,0.255
161367,0.055
161368,0.12
161369,0.155
161370,0.05
161371,0.07
161372,0.045
161373,0.115
161374,0.335
161375,0.09
161376,0.44
161377,0.16
161378,0.045
161379,0.115
161380,0.135
161381,0.12
161382,0.135
161383,0.115
161384,0.1
161385,0.09
161386,0.25
161387,0.2
161388,0.05
161389,0.03
161390,0.295
161391,0.135
161392,0.67
161393,0.33
161394,0.25
161395,0.26
161396,0.33
161397,0.15
161398,0.07
161399,0.5
161400,0.36
161401,0.27
161402,0.18
161403,0.2
161404,0.095
161405,0.2
161406,0.005
161407,0.115
161408,0.12
161409,0.055
161410,0.07
161411,0.65
161412,0.115
161413,0.045
161414,0.385
161415,0.155
161416,0.265
161417,0.76
161418,0.185
161419,0.02
161420,0.11
161421,0.125
161422,0.13
161423,0.06
161424,0.15
161425,0.095
161426,0.595
161427,0.37
161428,0.375
161429,0.145
161430,0.23
161431,0.135
161432,0.045
161433,0.145
161434,0.1
161435,0.035
161436,0.605
161437,0.145
161438,0.26
161439,0.16
161440,0.09
161441,0.28
161442,0.32
161443,0.2
161444,0.095
161445,0.015
161446,0.395
161447,0.4
161448,0.15
161449,0.05
161450,0.085
161451,0.07
161452,0.27
161453,0.225
161454,0.16
161455,0.055
161456,0.165
161457,0.25
161458,0.18
161459,0.305
161460,0.22
161461,0.25
161462,0.36
161463,0.265
161464,0.01
161465,0.035
161466,0.065
161467,0.13
161468,0.215
161469,0.375
161470,0.595
161471,0.14
161472,0.045
161473,0.08
161474,0.365
161475,0.73
161476,0.095
161477,0.055
161478,0.11
161479,0.115
161480,0.07
161481,0.015
161482,0.49
161483,0.01
161484,0.035
161485,0.09
161486,0.37
161487,0.115
161488,0.16
161489,0.635
161490,0.02
161491,0.14
161492,0.36
161493,0.055
161494,0.1
161495,0.56
161496,0.27
161497,0.315
161498,0.425
161499,0.315
161500,0.43
161501,0.975
161502,0.865
161503,0.45
161504,0.015
161505,0.095
161506,0.12
161507,0.155
161508,0.14
161509,0.005
161510,0.175
161511,0.86
161512,0.28
161513,0.135
161514,0.915
161515,0.305
161516,0.015
161517,0.465
161518,0.72
161519,0.425
161520,0.445
161521,0.265
161522,0.055
161523,0.08
161524,0.82
161525,0.105
161526,0.175
161527,0.01
161528,0.08
161529,0.14
161530,0.2
161531,0.1
161532,0.085
161533,0.09
161534,0.015
161535,0.755
161536,0.37
161537,0.225
161538,0.19
161539,0.08
161540,0.195
161541,0.265
161542,0.415
161543,0.19
161544,0.09
161545,0.1
161546,0.78
161547,0.02
161548,0.185
161549,0.27
161550,0.46
161551,0.225
161552,0.59
161553,0.105
161554,0.15
161555,0.045
161556,0.43
161557,0.535
161558,0.305
161559,0.06
161560,0.065
161561,0.115
161562,0.065
161563,0.11
161564,0.02
161565,0.02
161566,0.04
161567,0.385
161568,0.13
161569,0.4
161570,0.03
161571,0.415
161572,0.105
161573,0.085
161574,0.13
161575,0.28
161576,0.08
161577,0.12
161578,0.17
161579,0.31
161580,0.16
161581,0.025
161582,0.185
161583,0.035
161584,0.155
161585,0.03
161586,0.955
161587,0.47
161588,0.065
161589,0.125
161590,0.235
161591,0.115
161592,0.2
161593,0.1
161594,0.09
161595,0.085
161596,0.01
161597,0.015
161598,0.11
161599,0.04
161600,0.105
161601,0.265
161602,0.48
161603,0.235
161604,0.035
161605,0.11
161606,0.045
161607,0.03
161608,0.755
161609,0.36
161610,0.39
161611,0.1
161612,0.68
161613,0.22
161614,0.46
161615,0.015
161616,0.065
161617,0.365
161618,0.115
161619,0.34
161620,0.31
161621,0.01
161622,0.325
161623,0.13
161624,0.185
161625,0.95
161626,0.425
161627,0.05
161628,0.145
161629,0.55
161630,0.01
161631,0.335
161632,0.195
161633,0.18
161634,0.01
161635,0.165
161636,0.405
161637,0.43
161638,0.245
161639,0.045
161640,0.225
161641,0.11
161642,0.1
161643,0.065
161644,0.15
161645,0.21
161646,0.18
161647,0.27
161648,0.1
161649,0.305
161650,0.035
161651,0.245
161652,0.115
161653,0.16
161654,0.11
161655,0.225
161656,0.04
161657,0.015
161658,0.065
161659,0.1
161660,0.61
161661,0.06
161662,0.195
161663,0.065
161664,0.11
161665,0.085
161666,0.49
161667,0.17
161668,0.745
161669,0.085
161670,0.085
161671,0.39
161672,0.26
161673,0.265
161674,0.12
161675,0.065
161676,0.355
161677,0.155
161678,0.28
161679,0.08
161680,0.085
161681,0.05
161682,0.09
161683,0.13
161684,0.11
161685,0.08
161686,0.61
161687,0.7
161688,0.355
161689,0.255
161690,0.045
161691,0.07
161692,0.105
161693,0.46
161694,0.075
161695,0.135
161696,0.12
161697,0.185
161698,0.05
161699,0.185
161700,0.35
161701,0.41
161702,0.115
161703,0.465
161704,0.625
161705,0.17
161706,0.635
161707,0.28
161708,0.155
161709,0.185
161710,0.375
161711,0.12
161712,0.465
161713,0.155
161714,0.07
161715,0.405
161716,0.01
161717,0.285
161718,0.15
161719,0.16
161720,0.025
161721,0.255
161722,0.125
161723,0.525
161724,0.08
161725,0.055
161726,0.68
161727,0.095
161728,0.615
161729,0.035
161730,0.055
161731,0.64
161732,0.23
161733,0.09
161734,0.03
161735,0.42
161736,0.29
161737,0.26
161738,0.275
161739,0.175
161740,0.085
161741,0.585
161742,0.095
161743,0.245
161744,0.105
161745,0.095
161746,0.32
161747,0.045
161748,0.015
161749,0.2
161750,0.12
161751,0.59
161752,0.335
161753,0.145
161754,0.09
161755,0.04
161756,0.055
161757,0.085
161758,0.745
161759,0.405
161760,0.52
161761,0.005
161762,0.0
161763,0.525
161764,0.145
161765,0.03
161766,0.14
161767,0.925
161768,0.01
161769,0.04
161770,0.805
161771,0.005
161772,0.11
161773,0.145
161774,0.005
161775,0.265
161776,0.57
161777,0.095
161778,0.065
161779,0.025
161780,0.535
161781,0.095
161782,0.035
161783,0.52
161784,0.0
161785,0.025
161786,0.31
161787,0.15
161788,0.435
161789,0.065
161790,0.025
161791,0.1
161792,0.12
161793,0.315
161794,0.19
161795,0.375
161796,0.11
161797,0.145
161798,0.68
161799,0.125
161800,0.675
161801,0.09
161802,0.025
161803,0.65
161804,0.335
161805,0.015
161806,0.07
161807,0.17
161808,0.365
161809,0.24
161810,0.015
161811,0.47
161812,0.52
161813,0.49
161814,0.265
161815,0.39
161816,0.065
161817,0.08
161818,0.31
161819,0.275
161820,0.015
161821,0.025
161822,0.155
161823,0.075
161824,0.11
161825,0.085
161826,0.475
161827,0.185
161828,0.315
161829,0.085
161830,0.595
161831,0.085
161832,0.06
161833,0.11
161834,0.03
161835,0.015
161836,0.07
161837,0.155
161838,0.17
161839,0.32
161840,0.19
161841,0.14
161842,0.73
161843,0.16
161844,0.12
161845,0.44
161846,0.105
161847,0.285
161848,0.28
161849,0.27
161850,0.16
161851,0.085
161852,0.225
161853,0.325
161854,0.15
161855,0.105
161856,0.02
161857,0.37
161858,0.305
161859,0.105
161860,0.835
161861,0.57
161862,0.115
161863,0.39
161864,0.06
161865,0.24
161866,0.185
161867,0.79
161868,0.03
161869,0.305
161870,0.44
161871,0.18
161872,0.15
161873,0.135
161874,0.025
161875,0.2
161876,0.29
161877,0.025
161878,0.015
161879,0.215
161880,0.12
161881,0.245
161882,0.005
161883,0.06
161884,0.59
161885,0.67
161886,0.05
161887,0.85
161888,0.04
161889,0.165
161890,0.065
161891,0.005
161892,0.105
161893,0.205
161894,0.12
161895,0.13
161896,0.15
161897,0.39
161898,0.14
161899,0.065
161900,0.395
161901,0.375
161902,0.02
161903,0.455
161904,0.005
161905,0.125
161906,0.145
161907,0.53
161908,0.49
161909,0.195
161910,0.25
161911,0.04
161912,0.085
161913,0.42
161914,0.46
161915,0.49
161916,0.195
161917,0.04
161918,0.1
161919,0.515
161920,0.39
161921,0.055
161922,0.24
161923,0.265
161924,0.135
161925,0.21
161926,0.29
161927,0.095
161928,0.255
161929,0.06
161930,0.36
161931,0.145
161932,0.29
161933,0.1
161934,0.1
161935,0.0
161936,0.415
161937,0.26
161938,0.235
161939,0.01
161940,0.03
161941,0.16
161942,0.175
161943,0.045
161944,0.425
161945,0.94
161946,0.45
161947,0.44
161948,0.46
161949,0.46
161950,0.005
161951,0.11
161952,0.145
161953,0.045
161954,0.25
161955,0.435
161956,0.365
161957,0.33
161958,0.09
161959,0.47
161960,0.14
161961,0.36
161962,0.035
161963,0.23
161964,0.115
161965,0.19
161966,0.04
161967,0.355
161968,0.09
161969,0.215
161970,0.085
161971,0.44
161972,0.025
161973,0.28
161974,0.095
161975,0.13
161976,0.03
161977,0.235
161978,0.085
161979,0.35
161980,0.08
161981,0.09
161982,0.19
161983,0.15
161984,0.6
161985,0.065
161986,0.265
161987,0.035
161988,0.31
161989,0.53
161990,0.12
161991,0.045
161992,0.325
161993,0.125
161994,0.165
161995,0.07
161996,0.155
161997,0.02
161998,0.16
161999,0.135
162000,0.665
162001,0.255
162002,0.245
162003,0.235
162004,0.335
162005,0.145
162006,0.485
162007,0.685
162008,0.42
162009,0.275
162010,0.205
162011,0.14
162012,0.415
162013,0.22
162014,0.79
162015,0.34
162016,0.325
162017,0.78
162018,0.09
162019,0.26
162020,0.1
162021,0.38
162022,0.055
162023,0.56
162024,0.62
162025,0.085
162026,0.09
162027,0.12
162028,0.165
162029,0.045
162030,0.135
162031,0.175
162032,0.15
162033,0.795
162034,0.71
162035,0.125
162036,0.285
162037,0.1
162038,0.125
162039,0.6
162040,0.005
162041,0.13
162042,0.245
162043,0.905
162044,0.055
162045,0.04
162046,0.065
162047,0.535
162048,0.575
162049,0.24
162050,0.06
162051,0.235
162052,0.15
162053,0.56
162054,0.14
162055,0.21
162056,0.645
162057,0.035
162058,0.285
162059,0.905
162060,0.3
162061,0.18
162062,0.56
162063,0.6
162064,0.21
162065,0.065
162066,0.095
162067,0.11
162068,0.56
162069,0.775
162070,0.015
162071,0.17
162072,0.86
162073,0.04
162074,0.86
162075,0.0
162076,0.165
162077,0.07
162078,0.01
162079,0.09
162080,0.635
162081,0.105
162082,0.08
162083,0.03
162084,0.43
162085,0.03
162086,0.4
162087,0.105
162088,0.51
162089,0.035
162090,0.075
162091,0.265
162092,0.27
162093,0.31
162094,0.125
162095,0.485
162096,0.525
162097,0.595
162098,0.53
162099,0.095
162100,0.875
162101,0.135
162102,0.14
162103,0.68
162104,0.09
162105,0.14
162106,0.065
162107,0.09
162108,0.06
162109,0.07
162110,0.07
162111,0.255
162112,0.09
162113,0.045
162114,0.13
162115,0.14
162116,0.015
162117,0.145
162118,0.79
162119,0.13
162120,0.035
162121,0.37
162122,0.225
162123,0.435
162124,0.08
162125,0.195
162126,0.16
162127,0.155
162128,0.725
162129,0.405
162130,0.16
162131,0.06
162132,0.11
162133,0.51
162134,0.61
162135,0.06
162136,0.07
162137,0.105
162138,0.195
162139,0.205
162140,0.0
162141,0.355
162142,0.035
162143,0.415
162144,0.15
162145,0.655
162146,0.015
162147,0.115
162148,0.275
162149,0.31
162150,0.045
162151,0.12
162152,0.065
162153,0.26
162154,0.415
162155,0.63
162156,0.095
162157,0.11
162158,0.205
162159,0.185
162160,0.175
162161,0.53
162162,0.285
162163,0.695
162164,0.075
162165,0.055
162166,0.23
162167,0.34
162168,0.475
162169,0.015
162170,0.14
162171,0.625
162172,0.98
162173,0.075
162174,0.575
162175,0.295
162176,0.12
162177,0.295
162178,0.04
162179,0.07
162180,0.215
162181,0.105
162182,0.13
162183,0.01
162184,0.075
162185,0.025
162186,0.885
162187,0.085
162188,0.11
162189,0.145
162190,0.23
162191,0.04
162192,0.045
162193,0.25
162194,0.14
162195,0.115
162196,0.105
162197,0.215
162198,0.125
162199,0.42
162200,0.28
162201,0.85
162202,0.085
162203,0.11
162204,0.085
162205,0.155
162206,0.14
162207,0.46
162208,0.3
162209,0.215
162210,0.185
162211,0.385
162212,0.165
162213,0.16
162214,0.065
162215,0.03
162216,0.28
162217,0.005
162218,0.14
162219,0.12
162220,0.085
162221,0.22
162222,0.725
162223,0.01
162224,0.41
162225,0.4
162226,0.13
162227,0.07
162228,0.07
162229,0.225
162230,0.0
162231,0.06
162232,0.055
162233,0.73
162234,0.05
162235,0.145
162236,0.135
162237,0.16
162238,0.855
162239,0.21
162240,0.12
162241,0.425
162242,0.035
162243,0.075
162244,0.33
162245,0.005
162246,0.91
162247,0.145
162248,0.765
162249,0.035
162250,0.155
162251,0.095
162252,0.81
162253,0.25
162254,0.06
162255,0.175
162256,0.025
162257,0.245
162258,0.055
162259,0.625
162260,0.235
162261,0.14
162262,0.14
162263,0.41
162264,0.115
162265,0.26
162266,0.035
162267,0.165
162268,0.325
162269,0.11
162270,0.775
162271,0.435
162272,0.425
162273,0.14
162274,0.16
162275,0.045
162276,0.635
162277,0.115
162278,0.09
162279,0.035
162280,0.76
162281,0.23
162282,0.355
162283,0.115
162284,0.095
162285,0.185
162286,0.505
162287,0.005
162288,0.78
162289,0.22
162290,0.035
162291,0.035
162292,0.06
162293,0.635
162294,0.025
162295,0.125
162296,0.555
162297,0.185
162298,0.03
162299,0.12
162300,0.19
162301,0.425
162302,0.025
162303,0.22
162304,0.035
162305,0.055
162306,0.01
162307,0.595
162308,0.03
162309,0.085
162310,0.47
162311,0.025
162312,0.13
162313,0.0
162314,0.105
162315,0.165
162316,0.6
162317,0.02
162318,0.19
162319,0.105
162320,0.11
162321,0.48
162322,0.18
162323,0.11
162324,0.145
162325,0.205
162326,0.2
162327,0.41
162328,0.4
162329,0.07
162330,0.03
162331,0.1
162332,0.315
162333,0.02
162334,0.11
162335,0.015
162336,0.18
162337,0.09
162338,0.27
162339,0.53
162340,0.095
162341,0.19
162342,0.07
162343,0.235
162344,0.745
162345,0.23
162346,0.145
162347,0.465
162348,0.17
162349,0.09
162350,0.03
162351,0.04
162352,0.805
162353,0.055
162354,0.075
162355,0.14
162356,0.015
162357,0.72
162358,0.05
162359,0.445
162360,0.065
162361,0.14
162362,0.1
162363,0.065
162364,0.14
162365,0.69
162366,0.13
162367,0.025
162368,0.695
162369,0.02
162370,0.19
162371,0.735
162372,0.05
162373,0.34
162374,0.08
162375,0.2
162376,0.2
162377,0.655
162378,0.545
162379,0.135
162380,0.035
162381,0.435
162382,0.475
162383,0.05
162384,0.08
162385,0.305
162386,0.17
162387,0.14
162388,0.565
162389,0.175
162390,0.035
162391,0.33
162392,0.69
162393,0.255
162394,0.085
162395,0.42
162396,0.31
162397,0.165
162398,0.2
162399,0.47
162400,0.06
162401,0.025
162402,0.055
162403,0.095
162404,0.165
162405,0.44
162406,0.605
162407,0.39
162408,0.105
162409,0.255
162410,0.07
162411,0.62
162412,0.485
162413,0.03
162414,0.16
162415,0.265
162416,0.015
162417,0.27
162418,0.04
162419,0.725
162420,0.23
162421,0.145
162422,0.045
162423,0.11
162424,0.71
162425,0.09
162426,0.065
162427,0.135
162428,0.07
162429,0.27
162430,0.265
162431,0.645
162432,0.42
162433,0.055
162434,0.2
162435,0.705
162436,0.54
162437,0.175
162438,0.55
162439,0.185
162440,0.505
162441,0.565
162442,0.18
162443,0.005
162444,0.19
162445,0.08
162446,0.055
162447,0.25
162448,0.14
162449,0.245
162450,0.02
162451,0.165
162452,0.005
162453,0.205
162454,0.23
162455,0.015
162456,0.16
162457,0.14
162458,0.705
162459,0.135
162460,0.175
162461,0.25
162462,0.87
162463,0.095
162464,0.08
162465,0.015
162466,0.115
162467,0.0
162468,0.23
162469,0.045
162470,0.06
162471,0.31
162472,0.19
162473,0.04
162474,0.55
162475,0.38
162476,0.155
162477,0.24
162478,0.045
162479,0.095
162480,0.285
162481,0.045
162482,0.115
162483,0.105
162484,0.105
162485,0.04
162486,0.015
162487,0.05
162488,0.07
162489,0.095
162490,0.01
162491,0.045
162492,0.29
162493,0.055
162494,0.44
162495,0.065
162496,0.36
162497,0.065
162498,0.41
162499,0.08
162500,0.1
162501,0.035
162502,0.43
162503,0.005
162504,0.255
162505,0.18
162506,0.2
162507,0.045
162508,0.265
162509,0.16
162510,0.06
162511,0.7
162512,0.45
162513,0.1
162514,0.1
162515,0.23
162516,0.11
162517,0.21
162518,0.52
162519,0.335
162520,0.125
162521,0.255
162522,0.115
162523,0.12
162524,0.085
162525,0.23
162526,0.1
162527,0.115
162528,0.54
162529,0.09
162530,0.55
162531,0.89
162532,0.195
162533,0.155
162534,0.555
162535,0.375
162536,0.07
162537,0.105
162538,0.115
162539,0.075
162540,0.17
162541,0.115
162542,0.31
162543,0.275
162544,0.05
162545,0.12
162546,0.71
162547,0.69
162548,0.1
162549,0.25
162550,0.27
162551,0.36
162552,0.03
162553,0.07
162554,0.08
162555,0.08
162556,0.735
162557,0.035
162558,0.465
162559,0.34
162560,0.065
162561,0.12
162562,0.275
162563,0.305
162564,0.025
162565,0.635
162566,0.09
162567,0.05
162568,0.515
162569,0.055
162570,0.145
162571,0.04
162572,0.115
162573,0.195
162574,0.23
162575,0.09
162576,0.01
162577,0.05
162578,0.09
162579,0.06
162580,0.24
162581,0.245
162582,0.23
162583,0.005
162584,0.215
162585,0.205
162586,0.52
162587,0.025
162588,0.225
162589,0.595
162590,0.135
162591,0.135
162592,0.075
162593,0.0
162594,0.06
162595,0.04
162596,0.18
162597,0.105
162598,0.03
162599,0.14
162600,0.095
162601,0.68
162602,0.53
162603,0.09
162604,0.07
162605,0.1
162606,0.195
162607,0.065
162608,0.005
162609,0.1
162610,0.115
162611,0.05
162612,0.075
162613,0.01
162614,0.065
162615,0.215
162616,0.18
162617,0.185
162618,0.07
162619,0.075
162620,0.185
162621,0.28
162622,0.14
162623,0.115
162624,0.395
162625,0.23
162626,0.565
162627,0.4
162628,0.11
162629,0.565
162630,0.035
162631,0.48
162632,0.17
162633,0.815
162634,0.8
162635,0.08
162636,0.065
162637,0.065
162638,0.195
162639,0.205
162640,0.6
162641,0.3
162642,0.08
162643,0.01
162644,0.465
162645,0.2
162646,0.375
162647,0.795
162648,0.395
162649,0.14
162650,0.165
162651,0.04
162652,0.705
162653,0.11
162654,0.675
162655,0.24
162656,0.745
162657,0.18
162658,0.055
162659,0.545
162660,0.41
162661,0.14
162662,0.075
162663,0.075
162664,0.135
162665,0.43
162666,0.175
162667,0.035
162668,0.245
162669,0.08
162670,0.335
162671,0.67
162672,0.085
162673,0.17
162674,0.005
162675,0.665
162676,0.025
162677,0.115
162678,0.955
162679,0.485
162680,0.195
162681,0.685
162682,0.33
162683,0.055
162684,0.02
162685,0.205
162686,0.405
162687,0.16
162688,0.145
162689,0.07
162690,0.1
162691,0.3
162692,0.075
162693,0.38
162694,0.21
162695,0.195
162696,0.555
162697,0.16
162698,0.71
162699,0.0
162700,0.435
162701,0.205
162702,0.2
162703,0.115
162704,0.325
162705,0.115
162706,0.495
162707,0.28
162708,0.02
162709,0.22
162710,0.165
162711,0.045
162712,0.665
162713,0.285
162714,0.25
162715,0.07
162716,0.14
162717,0.685
162718,0.06
162719,0.255
162720,0.23
162721,0.16
162722,0.065
162723,0.225
162724,0.36
162725,0.01
162726,0.07
162727,0.105
162728,0.145
162729,0.21
162730,0.075
162731,0.065
162732,0.215
162733,0.16
162734,0.095
162735,0.045
162736,0.035
162737,0.37
162738,0.11
162739,0.31
162740,0.09
162741,0.045
162742,0.1
162743,0.21
162744,0.315
162745,0.065
162746,0.02
162747,0.365
162748,0.2
162749,0.63
162750,0.335
162751,0.015
162752,0.34
162753,0.215
162754,0.08
162755,0.125
162756,0.025
162757,0.46
162758,0.24
162759,0.105
162760,0.11
162761,0.04
162762,0.23
162763,0.215
162764,0.065
162765,0.285
162766,0.185
162767,0.08
162768,0.325
162769,0.1
162770,0.035
162771,0.045
162772,0.005
162773,0.02
162774,0.035
162775,0.41
162776,0.275
162777,0.215
162778,0.045
162779,0.145
162780,0.125
162781,0.08
162782,0.67
162783,0.02
162784,0.145
162785,0.455
162786,0.035
162787,0.59
162788,0.11
162789,0.02
162790,0.245
162791,0.21
162792,0.055
162793,0.025
162794,0.16
162795,0.1
162796,0.0
162797,0.305
162798,0.255
162799,0.22
162800,0.14
162801,0.29
162802,0.21
162803,0.05
162804,0.075
162805,0.035
162806,0.09
162807,0.29
162808,0.13
162809,0.335
162810,0.705
162811,0.085
162812,0.235
162813,0.22
162814,0.34
162815,0.06
162816,0.145
162817,0.12
162818,0.16
162819,0.135
162820,0.285
162821,0.405
162822,0.095
162823,0.14
162824,0.025
162825,0.095
162826,0.11
162827,0.16
162828,0.14
162829,0.045
162830,0.34
162831,0.05
162832,0.155
162833,0.21
162834,0.375
162835,0.395
162836,0.005
162837,0.13
162838,0.18
162839,0.245
162840,0.22
162841,0.045
162842,0.005
162843,0.03
162844,0.205
162845,0.105
162846,0.23
162847,0.795
162848,0.065
162849,0.15
162850,0.385
162851,0.095
162852,0.045
162853,0.13
162854,0.025
162855,0.11
162856,0.075
162857,0.745
162858,0.005
162859,0.015
162860,0.705
162861,0.325
162862,0.295
162863,0.435
162864,0.075
162865,0.39
162866,0.195
162867,0.075
162868,0.31
162869,0.385
162870,0.045
162871,0.1
162872,0.415
162873,0.12
162874,0.03
162875,0.075
162876,0.335
162877,0.18
162878,0.15
162879,0.205
162880,0.04
162881,0.06
162882,0.15
162883,0.46
162884,0.03
162885,0.1
162886,0.22
162887,0.36
162888,0.1
162889,0.075
162890,0.055
162891,0.72
162892,0.23
162893,0.045
162894,0.07
162895,0.165
162896,0.065
162897,0.075
162898,0.025
162899,0.04
162900,0.545
162901,0.28
162902,0.075
162903,0.59
162904,0.25
162905,0.095
162906,0.145
162907,0.345
162908,0.025
162909,0.19
162910,0.615
162911,0.27
162912,0.19
162913,0.315
162914,0.185
162915,0.06
162916,0.155
162917,0.105
162918,0.13
162919,0.085
162920,0.495
162921,0.16
162922,0.07
162923,0.07
162924,0.32
162925,0.07
162926,0.085
162927,0.16
162928,0.015
162929,0.07
162930,0.16
162931,0.2
162932,0.145
162933,0.085
162934,0.585
162935,0.145
162936,0.09
162937,0.14
162938,0.62
162939,0.145
162940,0.06
162941,0.095
162942,0.24
162943,0.04
162944,0.385
162945,0.27
162946,0.07
162947,0.245
162948,0.115
162949,0.435
162950,0.035
162951,0.105
162952,0.155
162953,0.855
162954,0.265
162955,0.015
162956,0.01
162957,0.23
162958,0.0
162959,0.245
162960,0.11
162961,0.355
162962,0.465
162963,0.095
162964,0.255
162965,0.14
162966,0.05
162967,0.445
162968,0.025
162969,0.26
162970,0.02
162971,0.215
162972,0.06
162973,0.185
162974,0.07
162975,0.69
162976,0.065
162977,0.31
162978,0.135
162979,0.12
162980,0.285
162981,0.685
162982,0.92
162983,0.23
162984,0.28
162985,0.035
162986,0.15
162987,0.035
162988,0.275
162989,0.44
162990,0.025
162991,0.18
162992,0.2
162993,0.27
162994,0.775
162995,0.07
162996,0.79
162997,0.115
162998,0.44
162999,0.47
163000,0.185
163001,0.145
163002,0.16
163003,0.195
163004,0.055
163005,0.145
163006,0.225
163007,0.13
163008,0.21
163009,0.16
163010,0.055
163011,0.65
163012,0.085
163013,0.085
163014,0.115
163015,0.085
163016,0.075
163017,0.2
163018,0.275
163019,0.12
163020,0.02
163021,0.245
163022,0.07
163023,0.3
163024,0.12
163025,0.025
163026,0.87
163027,0.2
163028,0.145
163029,0.43
163030,0.23
163031,0.165
163032,0.075
163033,0.08
163034,0.675
163035,0.425
163036,0.21
163037,0.06
163038,0.05
163039,0.07
163040,0.16
163041,0.225
163042,0.03
163043,0.31
163044,0.245
163045,0.225
163046,0.015
163047,0.045
163048,0.025
163049,0.25
163050,0.115
163051,0.24
163052,0.005
163053,0.13
163054,0.215
163055,0.825
163056,0.125
163057,0.075
163058,0.29
163059,0.34
163060,0.015
163061,0.025
163062,0.19
163063,0.155
163064,0.09
163065,0.03
163066,0.355
163067,0.12
163068,0.06
163069,0.115
163070,0.07
163071,0.2
163072,0.005
163073,0.41
163074,0.22
163075,0.265
163076,0.095
163077,0.26
163078,0.19
163079,0.035
163080,0.1
163081,0.285
163082,0.005
163083,0.05
163084,0.245
163085,0.005
163086,0.465
163087,0.03
163088,0.385
163089,0.625
163090,0.175
163091,0.765
163092,0.035
163093,0.23
163094,0.43
163095,0.46
163096,0.625
163097,0.285
163098,0.76
163099,0.06
163100,0.02
163101,0.575
163102,0.095
163103,0.14
163104,0.345
163105,0.305
163106,0.075
163107,0.03
163108,0.055
163109,0.685
163110,0.31
163111,0.345
163112,0.3
163113,0.16
163114,0.365
163115,0.125
163116,0.07
163117,0.1
163118,0.165
163119,0.13
163120,0.025
163121,0.15
163122,0.065
163123,0.06
163124,0.215
163125,0.24
163126,0.05
163127,0.375
163128,0.75
163129,0.02
163130,0.065
163131,0.515
163132,0.915
163133,0.165
163134,0.185
163135,0.225
163136,0.055
163137,0.465
163138,0.34
163139,0.105
163140,0.22
163141,0.205
163142,0.18
163143,0.115
163144,0.13
163145,0.085
163146,0.31
163147,0.14
163148,0.265
163149,0.095
163150,0.06
163151,0.01
163152,0.94
163153,0.585
163154,0.495
163155,0.245
163156,0.14
163157,0.175
163158,0.88
163159,0.185
163160,0.28
163161,0.17
163162,0.15
163163,0.245
163164,0.14
163165,0.055
163166,0.145
163167,0.025
163168,0.05
163169,0.075
163170,0.195
163171,0.865
163172,0.025
163173,0.01
163174,0.125
163175,0.93
163176,0.6
163177,0.12
163178,0.01
163179,0.055
163180,0.395
163181,0.12
163182,0.175
163183,0.235
163184,0.565
163185,0.64
163186,0.815
163187,0.06
163188,0.165
163189,0.62
163190,0.295
163191,0.65
163192,0.16
163193,0.77
163194,0.035
163195,0.25
163196,0.02
163197,0.39
163198,0.05
163199,0.175
163200,0.595
163201,0.005
163202,0.045
163203,0.055
163204,0.08
163205,0.235
163206,0.06
163207,0.2
163208,0.45
163209,0.84
163210,0.28
163211,0.325
163212,0.145
163213,0.365
163214,0.32
163215,0.05
163216,0.345
163217,0.315
163218,0.105
163219,0.82
163220,0.16
163221,0.135
163222,0.125
163223,0.16
163224,0.175
163225,0.13
163226,0.06
163227,0.36
163228,0.14
163229,0.39
163230,0.12
163231,0.0
163232,0.08
163233,0.06
163234,0.045
163235,0.725
163236,0.065
163237,0.06
163238,0.205
163239,0.44
163240,0.1
163241,0.06
163242,0.145
163243,0.195
163244,0.09
163245,0.11
163246,0.205
163247,0.08
163248,0.155
163249,0.11
163250,0.03
163251,0.01
163252,0.555
163253,0.075
163254,0.0
163255,0.115
163256,0.0
163257,0.575
163258,0.175
163259,0.405
163260,0.785
163261,0.57
163262,0.12
163263,0.315
163264,0.255
163265,0.15
163266,0.475
163267,0.065
163268,0.425
163269,0.03
163270,0.245
163271,0.315
163272,0.005
163273,0.24
163274,0.01
163275,0.505
163276,0.11
163277,0.215
163278,0.16
163279,0.17
163280,0.21
163281,0.44
163282,0.5
163283,0.02
163284,0.06
163285,0.265
163286,0.075
163287,0.08
163288,0.59
163289,0.095
163290,0.355
163291,0.29
163292,0.15
163293,0.035
163294,0.02
163295,0.08
163296,0.365
163297,0.11
163298,0.18
163299,0.42
163300,0.02
163301,0.85
163302,0.08
163303,0.045
163304,0.1
163305,0.14
163306,0.785
163307,0.285
163308,0.115
163309,0.22
163310,0.125
163311,0.415
163312,0.32
163313,0.055
163314,0.01
163315,0.365
163316,0.03
163317,0.11
163318,0.38
163319,0.035
163320,0.015
163321,0.04
163322,0.265
163323,0.26
163324,0.765
163325,0.225
163326,0.115
163327,0.045
163328,0.185
163329,0.09
163330,0.165
163331,0.155
163332,0.6
163333,0.17
163334,0.23
163335,0.045
163336,0.025
163337,0.055
163338,0.2
163339,0.835
163340,0.095
163341,0.005
163342,0.06
163343,0.43
163344,0.21
163345,0.72
163346,0.695
163347,0.115
163348,0.02
163349,0.045
163350,0.025
163351,0.08
163352,0.305
163353,0.06
163354,0.09
163355,0.2
163356,0.265
163357,0.135
163358,0.07
163359,0.09
163360,0.14
163361,0.145
163362,0.13
163363,0.285
163364,0.15
163365,0.03
163366,0.035
163367,0.085
163368,0.225
163369,0.23
163370,0.055
163371,0.035
163372,0.04
163373,0.115
163374,0.21
163375,0.485
163376,0.315
163377,0.085
163378,0.725
163379,0.055
163380,0.055
163381,0.095
163382,0.65
163383,0.035
163384,0.055
163385,0.055
163386,0.1
163387,0.175
163388,0.635
163389,0.065
163390,0.325
163391,0.15
163392,0.01
163393,0.645
163394,0.05
163395,0.235
163396,0.675
163397,0.125
163398,0.085
163399,0.08
163400,0.04
163401,0.18
163402,0.075
163403,0.05
163404,0.275
163405,0.0
163406,0.125
163407,0.305
163408,0.525
163409,0.075
163410,0.395
163411,0.015
163412,0.005
163413,0.105
163414,0.585
163415,0.085
163416,0.345
163417,0.125
163418,0.295
163419,0.835
163420,0.205
163421,0.215
163422,0.31
163423,0.29
163424,0.065
163425,0.77
163426,0.115
163427,0.08
163428,0.155
163429,0.26
163430,0.04
163431,0.11
163432,0.2
163433,0.075
163434,0.08
163435,0.87
163436,0.33
163437,0.285
163438,0.02
163439,0.3
163440,0.09
163441,0.065
163442,0.765
163443,0.37
163444,0.165
163445,0.05
163446,0.24
163447,0.185
163448,0.16
163449,0.04
163450,0.045
163451,0.045
163452,0.19
163453,0.105
163454,0.525
163455,0.105
163456,0.135
163457,0.075
163458,0.57
163459,0.005
163460,0.11
163461,0.805
163462,0.005
163463,0.18
163464,0.105
163465,0.695
163466,0.545
163467,0.055
163468,0.515
163469,0.02
163470,0.365
163471,0.095
163472,0.225
163473,0.1
163474,0.01
163475,0.285
163476,0.375
163477,0.34
163478,0.035
163479,0.665
163480,0.145
163481,0.035
163482,0.335
163483,0.34
163484,0.235
163485,0.07
163486,0.03
163487,0.49
163488,0.24
163489,0.14
163490,0.025
163491,0.07
163492,0.08
163493,0.005
163494,0.08
163495,0.21
163496,0.125
163497,0.06
163498,0.315
163499,0.08
163500,0.225
163501,0.385
163502,0.7
163503,0.075
163504,0.005
163505,0.81
163506,0.395
163507,0.08
163508,0.12
163509,0.23
163510,0.14
163511,0.23
163512,0.265
163513,0.17
163514,0.075
163515,0.15
163516,0.055
163517,0.09
163518,0.245
163519,0.64
163520,0.055
163521,0.205
163522,0.415
163523,0.4
163524,0.56
163525,0.045
163526,0.715
163527,0.02
163528,0.125
163529,0.025
163530,0.045
163531,0.065
163532,0.095
163533,0.07
163534,0.035
163535,0.18
163536,0.095
163537,0.285
163538,0.01
163539,0.215
163540,0.06
163541,0.795
163542,0.26
163543,0.135
163544,0.74
163545,0.325
163546,0.15
163547,0.025
163548,0.06
163549,0.165
163550,0.175
163551,0.06
163552,0.145
163553,0.35
163554,0.22
163555,0.045
163556,0.085
163557,0.025
163558,0.02
163559,0.155
163560,0.245
163561,0.175
163562,0.345
163563,0.11
163564,0.765
163565,0.135
163566,0.015
163567,0.105
163568,0.645
163569,0.025
163570,0.1
163571,0.04
163572,0.085
163573,0.005
163574,0.055
163575,0.13
163576,0.325
163577,0.025
163578,0.265
163579,0.175
163580,0.05
163581,0.05
163582,0.4
163583,0.06
163584,0.06
163585,0.06
163586,0.07
163587,0.39
163588,0.115
163589,0.045
163590,0.225
163591,0.03
163592,0.96
163593,0.075
163594,0.035
163595,0.165
163596,0.025
163597,0.17
163598,0.07
163599,0.04
163600,0.065
163601,0.075
163602,0.305
163603,0.075
163604,0.18
163605,0.08
163606,0.115
163607,0.025
163608,0.68
163609,0.365
163610,0.2
163611,0.07
163612,0.535
163613,0.36
163614,0.17
163615,0.515
163616,0.33
163617,0.165
163618,0.125
163619,0.13
163620,0.095
163621,0.12
163622,0.095
163623,0.215
163624,0.025
163625,0.15
163626,0.025
163627,0.125
163628,0.175
163629,0.065
163630,0.285
163631,0.045
163632,0.23
163633,0.47
163634,0.06
163635,0.265
163636,0.105
163637,0.055
163638,0.145
163639,0.03
163640,0.015
163641,0.17
163642,0.005
163643,0.075
163644,0.065
163645,0.0
163646,0.02
163647,0.015
163648,0.05
163649,0.015
163650,0.76
163651,0.095
163652,0.33
163653,0.085
163654,0.62
163655,0.045
163656,0.065
163657,0.02
163658,0.275
163659,0.41
163660,0.685
163661,0.34
163662,0.155
163663,0.245
163664,0.19
163665,0.105
163666,0.04
163667,0.03
163668,0.185
163669,0.03
163670,0.045
163671,0.37
163672,0.12
163673,0.195
163674,0.13
163675,0.725
163676,0.135
163677,0.855
163678,0.225
163679,0.23
163680,0.04
163681,0.08
163682,0.195
163683,0.445
163684,0.205
163685,0.045
163686,0.16
163687,0.07
163688,0.11
163689,0.03
163690,0.055
163691,0.28
163692,0.325
163693,0.115
163694,0.3
163695,0.05
163696,0.355
163697,0.085
163698,0.355
163699,0.17
163700,0.77
163701,0.155
163702,0.09
163703,0.06
163704,0.055
163705,0.175
163706,0.295
163707,0.055
163708,0.01
163709,0.1
163710,0.07
163711,0.17
163712,0.64
163713,0.4
163714,0.125
163715,0.205
163716,0.055
163717,0.235
163718,0.15
163719,0.045
163720,0.095
163721,0.07
163722,0.025
163723,0.055
163724,0.23
163725,0.605
163726,0.545
163727,0.0
163728,0.435
163729,0.025
163730,0.085
163731,0.015
163732,0.175
163733,0.12
163734,0.705
163735,0.11
163736,0.71
163737,0.165
163738,0.18
163739,0.24
163740,0.595
163741,0.355
163742,0.055
163743,0.175
163744,0.005
163745,0.065
163746,0.135
163747,0.84
163748,0.205
163749,0.075
163750,0.085
163751,0.04
163752,0.095
163753,0.15
163754,0.075
163755,0.385
163756,0.64
163757,0.02
163758,0.14
163759,0.195
163760,0.675
163761,0.01
163762,0.04
163763,0.235
163764,0.8
163765,0.255
163766,0.035
163767,0.01
163768,0.21
163769,0.12
163770,0.18
163771,0.605
163772,0.195
163773,0.495
163774,0.025
163775,0.375
163776,0.075
163777,0.15
163778,0.185
163779,0.22
163780,0.065
163781,0.67
163782,0.075
163783,0.005
163784,0.03
163785,0.075
163786,0.08
163787,0.15
163788,0.415
163789,0.305
163790,0.235
163791,0.705
163792,0.525
163793,0.075
163794,0.225
163795,0.09
163796,0.405
163797,0.035
163798,0.2
163799,0.595
163800,0.435
163801,0.03
163802,0.86
163803,0.51
163804,0.385
163805,0.16
163806,0.205
163807,0.06
163808,0.15
163809,0.375
163810,0.23
163811,0.27
163812,0.135
163813,0.22
163814,0.085
163815,0.43
163816,0.065
163817,0.12
163818,0.015
163819,0.27
163820,0.34
163821,0.065
163822,0.13
163823,0.165
163824,0.27
163825,0.11
163826,0.175
163827,0.14
163828,0.21
163829,0.315
163830,0.08
163831,0.05
163832,0.09
163833,0.025
163834,0.055
163835,0.04
163836,0.125
163837,0.06
163838,0.14
163839,0.2
163840,0.115
163841,0.26
163842,0.25
163843,0.965
163844,0.14
163845,0.03
163846,0.115
163847,0.06
163848,0.255
163849,0.79
163850,0.055
163851,0.645
163852,0.76
163853,0.02
163854,0.21
163855,0.575
163856,0.275
163857,0.465
163858,0.0
163859,0.03
163860,0.025
163861,0.12
163862,0.13
163863,0.025
163864,0.26
163865,0.14
163866,0.305
163867,0.035
163868,0.015
163869,0.085
163870,0.245
163871,0.205
163872,0.64
163873,0.145
163874,0.38
163875,0.135
163876,0.365
163877,0.185
163878,0.185
163879,0.085
163880,0.91
163881,0.06
163882,0.035
163883,0.13
163884,0.275
163885,0.43
163886,0.09
163887,0.45
163888,0.795
163889,0.65
163890,0.205
163891,0.005
163892,0.28
163893,0.155
163894,0.06
163895,0.215
163896,0.12
163897,0.245
163898,0.005
163899,0.03
163900,0.2
163901,0.03
163902,0.41
163903,0.46
163904,0.575
163905,0.15
163906,0.305
163907,0.08
163908,0.345
163909,0.06
163910,0.28
163911,0.45
163912,0.035
163913,0.015
163914,0.085
163915,0.22
163916,0.13
163917,0.215
163918,0.09
163919,0.94
163920,0.225
163921,0.135
163922,0.055
163923,0.505
163924,0.16
163925,0.005
163926,0.225
163927,0.07
163928,0.375
163929,0.67
163930,0.205
163931,0.27
163932,0.285
163933,0.135
163934,0.29
163935,0.46
163936,0.085
163937,0.1
163938,0.135
163939,0.04
163940,0.035
163941,0.04
163942,0.095
163943,0.125
163944,0.065
163945,0.53
163946,0.135
163947,0.135
163948,0.345
163949,0.955
163950,0.88
163951,0.29
163952,0.17
163953,0.405
163954,0.04
163955,0.305
163956,0.085
163957,0.85
163958,0.015
163959,0.715
163960,0.305
163961,0.1
163962,0.11
163963,0.165
163964,0.705
163965,0.51
163966,0.055
163967,0.08
163968,0.45
163969,0.675
163970,0.3
163971,0.09
163972,0.075
163973,0.025
163974,0.21
163975,0.105
163976,0.06
163977,0.085
163978,0.165
163979,0.66
163980,0.175
163981,0.125
163982,0.725
163983,0.025
163984,0.175
163985,0.1
163986,0.685
163987,0.165
163988,0.56
163989,0.125
163990,0.155
163991,0.645
163992,0.625
163993,0.015
163994,0.655
163995,0.075
163996,0.09
163997,0.04
163998,0.245
163999,0.105
164000,0.28
164001,0.24
164002,0.495
164003,0.19
164004,0.045
164005,0.02
164006,0.285
164007,0.185
164008,0.025
164009,0.295
164010,0.4
164011,0.35
164012,0.09
164013,0.08
164014,0.08
164015,0.1
164016,0.125
164017,0.23
164018,0.01
164019,0.13
164020,0.235
164021,0.095
164022,0.17
164023,0.025
164024,0.11
164025,0.105
164026,0.045
164027,0.055
164028,0.04
164029,0.045
164030,0.035
164031,0.61
164032,0.21
164033,0.265
164034,0.585
164035,0.4
164036,0.17
164037,0.14
164038,0.025
164039,0.015
164040,0.525
164041,0.51
164042,0.145
164043,0.49
164044,0.27
164045,0.775
164046,0.12
164047,0.06
164048,0.175
164049,0.34
164050,0.75
164051,0.855
164052,0.275
164053,0.565
164054,0.385
164055,0.155
164056,0.3
164057,0.175
164058,0.51
164059,0.21
164060,0.135
164061,0.135
164062,0.235
164063,0.12
164064,0.1
164065,0.2
164066,0.06
164067,0.715
164068,0.185
164069,0.315
164070,0.0
164071,0.13
164072,0.16
164073,0.105
164074,0.265
164075,0.135
164076,0.075
164077,0.305
164078,0.21
164079,0.06
164080,0.195
164081,0.185
164082,0.12
164083,0.425
164084,0.3
164085,0.42
164086,0.045
164087,0.06
164088,0.015
164089,0.185
164090,0.075
164091,0.085
164092,0.08
164093,0.14
164094,0.475
164095,0.135
164096,0.755
164097,0.155
164098,0.08
164099,0.04
164100,0.345
164101,0.745
164102,0.4
164103,0.06
164104,0.055
164105,0.695
164106,0.025
164107,0.16
164108,0.045
164109,0.62
164110,0.275
164111,0.11
164112,0.175
164113,0.11
164114,0.085
164115,0.32
164116,0.17
164117,0.435
164118,0.24
164119,0.07
164120,0.085
164121,0.03
164122,0.005
164123,0.2
164124,0.27
164125,0.045
164126,0.72
164127,0.15
164128,0.06
164129,0.41
164130,0.285
164131,0.08
164132,0.47
164133,0.075
164134,0.63
164135,0.06
164136,0.525
164137,0.5
164138,0.66
164139,0.035
164140,0.14
164141,0.165
164142,0.02
164143,0.005
164144,0.065
164145,0.145
164146,0.1
164147,0.595
164148,0.065
164149,0.195
164150,0.07
164151,0.145
164152,0.09
164153,0.06
164154,0.1
164155,0.185
164156,0.045
164157,0.14
164158,0.025
164159,0.105
164160,0.31
164161,0.075
164162,0.41
164163,0.195
164164,0.825
164165,0.295
164166,0.355
164167,0.655
164168,0.88
164169,0.74
164170,0.195
164171,0.62
164172,0.46
164173,0.125
164174,0.09
164175,0.665
164176,0.015
164177,0.74
164178,0.11
164179,0.06
164180,0.09
164181,0.105
164182,0.51
164183,0.045
164184,0.135
164185,0.105
164186,0.215
164187,0.105
164188,0.085
164189,0.08
164190,0.045
164191,0.11
164192,0.705
164193,0.215
164194,0.33
164195,0.035
164196,0.28
164197,0.595
164198,0.075
164199,0.08
164200,0.07
164201,0.065
164202,0.07
164203,0.23
164204,0.165
164205,0.065
164206,0.35
164207,0.195
164208,0.57
164209,0.11
164210,0.39
164211,0.09
164212,0.08
164213,0.29
164214,0.09
164215,0.305
164216,0.005
164217,0.265
164218,0.84
164219,0.085
164220,0.225
164221,0.89
164222,0.05
164223,0.07
164224,0.15
164225,0.13
164226,0.265
164227,0.4
164228,0.425
164229,0.115
164230,0.14
164231,0.31
164232,0.58
164233,0.075
164234,0.13
164235,0.31
164236,0.055
164237,0.285
164238,0.145
164239,0.205
164240,0.225
164241,0.36
164242,0.17
164243,0.65
164244,0.2
164245,0.07
164246,0.055
164247,0.26
164248,0.055
164249,0.06
164250,0.155
164251,0.28
164252,0.27
164253,0.325
164254,0.55
164255,0.19
164256,0.1
164257,0.265
164258,0.08
164259,0.625
164260,0.59
164261,0.155
164262,0.095
164263,0.295
164264,0.065
164265,0.665
164266,0.085
164267,0.095
164268,0.515
164269,0.06
164270,0.15
164271,0.565
164272,0.0
164273,0.165
164274,0.93
164275,0.13
164276,0.13
164277,0.015
164278,0.76
164279,0.09
164280,0.205
164281,0.535
164282,0.035
164283,0.63
164284,0.335
164285,0.12
164286,0.37
164287,0.225
164288,0.14
164289,0.32
164290,0.27
164291,0.055
164292,0.085
164293,0.16
164294,0.415
164295,0.25
164296,0.035
164297,0.375
164298,0.075
164299,0.645
164300,0.065
164301,0.22
164302,0.0
164303,0.22
164304,0.545
164305,0.18
164306,0.005
164307,0.28
164308,0.2
164309,0.0
164310,0.245
164311,0.115
164312,0.775
164313,0.68
164314,0.055
164315,0.42
164316,0.19
164317,0.725
164318,0.195
164319,0.07
164320,0.035
164321,0.205
164322,0.07
164323,0.205
164324,0.19
164325,0.825
164326,0.075
164327,0.455
164328,0.01
164329,0.275
164330,0.32
164331,0.1
164332,0.32
164333,0.4
164334,0.555
164335,0.285
164336,0.195
164337,0.715
164338,0.26
164339,0.215
164340,0.095
164341,0.025
164342,0.305
164343,0.075
164344,0.44
164345,0.24
164346,0.385
164347,0.06
164348,0.72
164349,0.1
164350,0.05
164351,0.05
164352,0.255
164353,0.12
164354,0.065
164355,0.575
164356,0.0
164357,0.55
164358,0.175
164359,0.055
164360,0.27
164361,0.17
164362,0.14
164363,0.615
164364,0.31
164365,0.11
164366,0.455
164367,0.065
164368,0.365
164369,0.06
164370,0.175
164371,0.115
164372,0.77
164373,0.075
164374,0.81
164375,0.445
164376,0.215
164377,0.48
164378,0.64
164379,0.085
164380,0.03
164381,0.075
164382,0.155
164383,0.625
164384,0.19
164385,0.015
164386,0.89
164387,0.24
164388,0.315
164389,0.075
164390,0.03
164391,0.06
164392,0.205
164393,0.475
164394,0.145
164395,0.065
164396,0.07
164397,0.76
164398,0.025
164399,0.01
164400,0.09
164401,0.495
164402,0.07
164403,0.13
164404,0.015
164405,0.34
164406,0.065
164407,0.23
164408,0.63
164409,0.075
164410,0.445
164411,0.1
164412,0.005
164413,0.03
164414,0.055
164415,0.22
164416,0.73
164417,0.17
164418,0.67
164419,0.135
164420,0.595
164421,0.03
164422,0.095
164423,0.105
164424,0.195
164425,0.1
164426,0.235
164427,0.035
164428,0.08
164429,0.155
164430,0.365
164431,0.34
164432,0.075
164433,0.18
164434,0.02
164435,0.025
164436,0.085
164437,0.64
164438,0.14
164439,0.595
164440,0.575
164441,0.06
164442,0.225
164443,0.055
164444,0.135
164445,0.015
164446,0.19
164447,0.56
164448,0.06
164449,0.17
164450,0.025
164451,0.225
164452,0.665
164453,0.015
164454,0.06
164455,0.655
164456,0.18
164457,0.355
164458,0.05
164459,0.33
164460,0.135
164461,0.035
164462,0.04
164463,0.285
164464,0.105
164465,0.81
164466,0.28
164467,0.15
164468,0.0
164469,0.02
164470,0.495
164471,0.16
164472,0.53
164473,0.02
164474,0.065
164475,0.345
164476,0.09
164477,0.225
164478,0.25
164479,0.125
164480,0.045
164481,0.055
164482,0.19
164483,0.665
164484,0.455
164485,0.245
164486,0.02
164487,0.21
164488,0.135
164489,0.035
164490,0.155
164491,0.405
164492,0.035
164493,0.745
164494,0.205
164495,0.13
164496,0.105
164497,0.03
164498,0.185
164499,0.04
164500,0.13
164501,0.2
164502,0.115
164503,0.11
164504,0.04
164505,0.07
164506,0.255
164507,0.065
164508,0.08
164509,0.105
164510,0.095
164511,0.045
164512,0.015
164513,0.035
164514,0.265
164515,0.855
164516,0.165
164517,0.21
164518,0.055
164519,0.045
164520,0.055
164521,0.065
164522,0.13
164523,0.355
164524,0.91
164525,0.115
164526,0.19
164527,0.07
164528,0.0
164529,0.345
164530,0.005
164531,0.025
164532,0.08
164533,0.175
164534,0.345
164535,0.61
164536,0.105
164537,0.14
164538,0.42
164539,0.21
164540,0.035
164541,0.045
164542,0.305
164543,0.515
164544,0.035
164545,0.35
164546,0.02
164547,0.19
164548,0.16
164549,0.16
164550,0.2
164551,0.48
164552,0.55
164553,0.045
164554,0.085
164555,0.215
164556,0.8
164557,0.175
164558,0.205
164559,0.115
164560,0.255
164561,0.115
164562,0.035
164563,0.07
164564,0.095
164565,0.71
164566,0.375
164567,0.295
164568,0.015
164569,0.26
164570,0.09
164571,0.455
164572,0.055
164573,0.265
164574,0.1
164575,0.21
164576,0.025
164577,0.12
164578,0.26
164579,0.195
164580,0.015
164581,0.165
164582,0.21
164583,0.1
164584,0.31
164585,0.57
164586,0.075
164587,0.28
164588,0.245
164589,0.34
164590,0.38
164591,0.565
164592,0.075
164593,0.185
164594,0.315
164595,0.11
164596,0.225
164597,0.39
164598,0.93
164599,0.305
164600,0.575
164601,0.055
164602,0.225
164603,0.12
164604,0.055
164605,0.005
164606,0.625
164607,0.345
164608,0.045
164609,0.365
164610,0.07
164611,0.165
164612,0.04
164613,0.415
164614,0.04
164615,0.215
164616,0.08
164617,0.645
164618,0.055
164619,0.025
164620,0.605
164621,0.14
164622,0.055
164623,0.105
164624,0.085
164625,0.24
164626,0.075
164627,0.25
164628,0.135
164629,0.115
164630,0.03
164631,0.5
164632,0.175
164633,0.82
164634,0.21
164635,0.045
164636,0.165
164637,0.505
164638,0.115
164639,0.09
164640,0.315
164641,0.03
164642,0.135
164643,0.14
164644,0.0
164645,0.01
164646,0.045
164647,0.06
164648,0.4
164649,0.205
164650,0.025
164651,0.27
164652,0.035
164653,0.44
164654,0.135
164655,0.025
164656,0.575
164657,0.19
164658,0.015
164659,0.025
164660,0.245
164661,0.07
164662,0.815
164663,0.07
164664,0.105
164665,0.04
164666,0.11
164667,0.31
164668,0.04
164669,0.82
164670,0.195
164671,0.115
164672,0.355
164673,0.645
164674,0.245
164675,0.045
164676,0.06
164677,0.115
164678,0.01
164679,0.045
164680,0.15
164681,0.55
164682,0.05
164683,0.29
164684,0.24
164685,0.04
164686,0.375
164687,0.045
164688,0.06
164689,0.065
164690,0.115
164691,0.46
164692,0.43
164693,0.01
164694,0.095
164695,0.42
164696,0.115
164697,0.39
164698,0.06
164699,0.63
164700,0.3
164701,0.065
164702,0.075
164703,0.125
164704,0.185
164705,0.185
164706,0.025
164707,0.025
164708,0.03
164709,0.065
164710,0.005
164711,0.165
164712,0.15
164713,0.615
164714,0.4
164715,0.02
164716,0.315
164717,0.01
164718,0.405
164719,0.16
164720,0.125
164721,0.285
164722,0.19
164723,0.1
164724,0.065
164725,0.235
164726,0.06
164727,0.15
164728,0.135
164729,0.165
164730,0.935
164731,0.195
164732,0.81
164733,0.435
164734,0.19
164735,0.01
164736,0.195
164737,0.1
164738,0.235
164739,0.305
164740,0.06
164741,0.125
164742,0.51
164743,0.01
164744,0.655
164745,0.425
164746,0.335
164747,0.6
164748,0.075
164749,0.21
164750,0.13
164751,0.14
164752,0.015
164753,0.415
164754,0.14
164755,0.71
164756,0.1
164757,0.2
164758,0.04
164759,0.31
164760,0.205
164761,0.14
164762,0.05
164763,0.635
164764,0.06
164765,0.425
164766,0.485
164767,0.005
164768,0.035
164769,0.035
164770,0.055
164771,0.67
164772,0.115
164773,0.175
164774,0.23
164775,0.11
164776,0.02
164777,0.025
164778,0.015
164779,0.27
164780,0.115
164781,0.335
164782,0.175
164783,0.115
164784,0.16
164785,0.085
164786,0.095
164787,0.245
164788,0.21
164789,0.14
164790,0.035
164791,0.3
164792,0.25
164793,0.015
164794,0.21
164795,0.09
164796,0.015
164797,0.345
164798,0.06
164799,0.54
164800,0.005
164801,0.54
164802,0.175
164803,0.095
164804,0.02
164805,0.045
164806,0.075
164807,0.085
164808,0.22
164809,0.035
164810,0.03
164811,0.045
164812,0.48
164813,0.605
164814,0.22
164815,0.12
164816,0.015
164817,0.36
164818,0.18
164819,0.045
164820,0.175
164821,0.07
164822,0.045
164823,0.125
164824,0.08
164825,0.295
164826,0.405
164827,0.175
164828,0.035
164829,0.92
164830,0.29
164831,0.145
164832,0.135
164833,0.06
164834,0.14
164835,0.245
164836,0.145
164837,0.94
164838,0.165
164839,0.06
164840,0.265
164841,0.095
164842,0.115
164843,0.005
164844,0.4
164845,0.355
164846,0.255
164847,0.15
164848,0.53
164849,0.295
164850,0.41
164851,0.43
164852,0.07
164853,0.86
164854,0.135
164855,0.045
164856,0.39
164857,0.055
164858,0.835
164859,0.915
164860,0.02
164861,0.065
164862,0.19
164863,0.58
164864,0.395
164865,0.02
164866,0.2
164867,0.4
164868,0.11
164869,0.165
164870,0.05
164871,0.145
164872,0.08
164873,0.07
164874,0.56
164875,0.7
164876,0.08
164877,0.56
164878,0.165
164879,0.035
164880,0.09
164881,0.0
164882,0.15
164883,0.03
164884,0.21
164885,0.075
164886,0.6
164887,0.165
164888,0.05
164889,0.17
164890,0.1
164891,0.46
164892,0.035
164893,0.0
164894,0.225
164895,0.085
164896,0.34
164897,0.14
164898,0.325
164899,0.33
164900,0.315
164901,0.53
164902,0.095
164903,0.12
164904,0.825
164905,0.13
164906,0.45
164907,0.12
164908,0.05
164909,0.28
164910,0.325
164911,0.775
164912,0.41
164913,0.08
164914,0.085
164915,0.18
164916,0.665
164917,0.025
164918,0.195
164919,0.09
164920,0.215
164921,0.105
164922,0.195
164923,0.03
164924,0.195
164925,0.255
164926,0.17
164927,0.05
164928,0.125
164929,0.125
164930,0.06
164931,0.595
164932,0.2
164933,0.115
164934,0.15
164935,0.05
164936,0.025
164937,0.135
164938,0.64
164939,0.075
164940,0.495
164941,0.21
164942,0.13
164943,0.04
164944,0.305
164945,0.41
164946,0.25
164947,0.24
164948,0.1
164949,0.02
164950,0.05
164951,0.115
164952,0.08
164953,0.04
164954,0.765
164955,0.15
164956,0.585
164957,0.655
164958,0.03
164959,0.485
164960,0.03
164961,0.05
164962,0.075
164963,0.44
164964,0.11
164965,0.235
164966,0.05
164967,0.195
164968,0.15
164969,0.06
164970,0.15
164971,0.545
164972,0.355
164973,0.06
164974,0.295
164975,0.215
164976,0.37
164977,0.6
164978,0.15
164979,0.28
164980,0.11
164981,0.08
164982,0.135
164983,0.275
164984,0.61
164985,0.05
164986,0.5
164987,0.135
164988,0.885
164989,0.395
164990,0.25
164991,0.265
164992,0.065
164993,0.035
164994,0.23
164995,0.28
164996,0.15
164997,0.02
164998,0.13
164999,0.165
165000,0.22
165001,0.23
165002,0.09
165003,0.065
165004,0.15
165005,0.055
165006,0.31
165007,0.115
165008,0.05
165009,0.075
165010,0.265
165011,0.28
165012,0.295
165013,0.48
165014,0.155
165015,0.32
165016,0.155
165017,0.435
165018,0.18
165019,0.47
165020,0.33
165021,0.05
165022,0.11
165023,0.13
165024,0.58
165025,0.83
165026,0.515
165027,0.55
165028,0.005
165029,0.135
165030,0.56
165031,0.35
165032,0.155
165033,0.295
165034,0.865
165035,0.82
165036,0.365
165037,0.05
165038,0.72
165039,0.495
165040,0.055
165041,0.0
165042,0.18
165043,0.28
165044,0.015
165045,0.27
165046,0.01
165047,0.275
165048,0.185
165049,0.34
165050,0.58
165051,0.09
165052,0.095
165053,0.185
165054,0.065
165055,0.095
165056,0.245
165057,0.025
165058,0.06
165059,0.045
165060,0.12
165061,0.3
165062,0.46
165063,0.045
165064,0.105
165065,0.115
165066,0.22
165067,0.08
165068,0.29
165069,0.0
165070,0.09
165071,0.01
165072,0.14
165073,0.03
165074,0.06
165075,0.195
165076,0.085
165077,0.23
165078,0.545
165079,0.15
165080,0.16
165081,0.31
165082,0.03
165083,0.28
165084,0.22
165085,0.005
165086,0.555
165087,0.165
165088,0.04
165089,0.185
165090,0.055
165091,0.685
165092,0.095
165093,0.385
165094,0.395
165095,0.105
165096,0.005
165097,0.235
165098,0.435
165099,0.345
165100,0.335
165101,0.06
165102,0.14
165103,0.05
165104,0.02
165105,0.42
165106,0.035
165107,0.05
165108,0.355
165109,0.015
165110,0.32
165111,0.435
165112,0.005
165113,0.06
165114,0.115
165115,0.485
165116,0.035
165117,0.11
165118,0.195
165119,0.085
165120,0.61
165121,0.155
165122,0.03
165123,0.11
165124,0.34
165125,0.05
165126,0.085
165127,0.03
165128,0.015
165129,0.22
165130,0.73
165131,0.155
165132,0.355
165133,0.145
165134,0.065
165135,0.195
165136,0.405
165137,0.005
165138,0.07
165139,0.24
165140,0.155
165141,0.405
165142,0.365
165143,0.365
165144,0.17
165145,0.15
165146,0.595
165147,0.675
165148,0.655
165149,0.02
165150,0.195
165151,0.08
165152,0.15
165153,0.43
165154,0.04
165155,0.055
165156,0.08
165157,0.13
165158,0.865
165159,0.86
165160,0.04
165161,0.785
165162,0.305
165163,0.115
165164,0.115
165165,0.08
165166,0.255
165167,0.12
165168,0.335
165169,0.15
165170,0.085
165171,0.57
165172,0.13
165173,0.03
165174,0.02
165175,0.47
165176,0.135
165177,0.135
165178,0.12
165179,0.085
165180,0.14
165181,0.025
165182,0.245
165183,0.19
165184,0.17
165185,0.09
165186,0.095
165187,0.205
165188,0.15
165189,0.455
165190,0.145
165191,0.16
165192,0.335
165193,0.14
165194,0.83
165195,0.065
165196,0.195
165197,0.735
165198,0.045
165199,0.21
165200,0.415
165201,0.37
165202,0.215
165203,0.275
165204,0.03
165205,0.13
165206,0.07
165207,0.145
165208,0.055
165209,0.585
165210,0.37
165211,0.02
165212,0.055
165213,0.155
165214,0.285
165215,0.155
165216,0.175
165217,0.43
165218,0.26
165219,0.085
165220,0.265
165221,0.66
165222,0.505
165223,0.31
165224,0.01
165225,0.06
165226,0.02
165227,0.075
165228,0.445
165229,0.075
165230,0.025
165231,0.03
165232,0.055
165233,0.005
165234,0.05
165235,0.05
165236,0.05
165237,0.02
165238,0.095
165239,0.09
165240,0.645
165241,0.095
165242,0.14
165243,0.16
165244,0.485
165245,0.245
165246,0.085
165247,0.095
165248,0.335
165249,0.475
165250,0.265
165251,0.08
165252,0.135
165253,0.155
165254,0.025
165255,0.34
165256,0.105
165257,0.08
165258,0.135
165259,0.17
165260,0.25
165261,0.04
165262,0.235
165263,0.035
165264,0.43
165265,0.1
165266,0.07
165267,0.05
165268,0.095
165269,0.34
165270,0.47
165271,0.71
165272,0.105
165273,0.5
165274,0.205
165275,0.27
165276,0.115
165277,0.65
165278,0.595
165279,0.395
165280,0.015
165281,0.03
165282,0.26
165283,0.2
165284,0.205
165285,0.02
165286,0.15
165287,0.295
165288,0.81
165289,0.025
165290,0.12
165291,0.16
165292,0.22
165293,0.065
165294,0.425
165295,0.165
165296,0.545
165297,0.045
165298,0.05
165299,0.305
165300,0.015
165301,0.535
165302,0.86
165303,0.14
165304,0.055
165305,0.12
165306,0.065
165307,0.205
165308,0.6
165309,0.25
165310,0.71
165311,0.02
165312,0.14
165313,0.12
165314,0.33
165315,0.205
165316,0.1
165317,0.415
165318,0.04
165319,0.145
165320,0.145
165321,0.16
165322,0.125
165323,0.63
165324,0.085
165325,0.1
165326,0.185
165327,0.035
165328,0.77
165329,0.13
165330,0.015
165331,0.1
165332,0.16
165333,0.205
165334,0.025
165335,0.115
165336,0.16
165337,0.245
165338,0.0
165339,0.125
165340,0.08
165341,0.045
165342,0.665
165343,0.165
165344,0.125
165345,0.215
165346,0.315
165347,0.145
165348,0.015
165349,0.615
165350,0.03
165351,0.03
165352,0.585
165353,0.115
165354,0.03
165355,0.07
165356,0.3
165357,0.05
165358,0.3
165359,0.035
165360,0.23
165361,0.23
165362,0.855
165363,0.09
165364,0.5
165365,0.04
165366,0.07
165367,0.48
165368,0.085
165369,0.07
165370,0.555
165371,0.0
165372,0.305
165373,0.015
165374,0.065
165375,0.105
165376,0.01
165377,0.29
165378,0.015
165379,0.235
165380,0.235
165381,0.075
165382,0.565
165383,0.05
165384,0.215
165385,0.59
165386,0.13
165387,0.205
165388,0.16
165389,0.305
165390,0.235
165391,0.355
165392,0.18
165393,0.29
165394,0.285
165395,0.035
165396,0.09
165397,0.31
165398,0.445
165399,0.185
165400,0.945
165401,0.65
165402,0.115
165403,0.315
165404,0.115
165405,0.085
165406,0.06
165407,0.2
165408,0.43
165409,0.795
165410,0.13
165411,0.75
165412,0.03
165413,0.59
165414,0.17
165415,0.015
165416,0.0
165417,0.085
165418,0.085
165419,0.64
165420,0.19
165421,0.145
165422,0.635
165423,0.05
165424,0.0
165425,0.06
165426,0.235
165427,0.095
165428,0.225
165429,0.06
165430,0.12
165431,0.205
165432,0.015
165433,0.05
165434,0.045
165435,0.16
165436,0.035
165437,0.045
165438,0.255
165439,0.205
165440,0.05
165441,0.1
165442,0.02
165443,0.005
165444,0.17
165445,0.9
165446,0.0
165447,0.165
165448,0.045
165449,0.18
165450,0.105
165451,0.14
165452,0.085
165453,0.03
165454,0.39
165455,0.45
165456,0.05
165457,0.365
165458,0.32
165459,0.51
165460,0.04
165461,0.245
165462,0.485
165463,0.86
165464,0.115
165465,0.355
165466,0.255
165467,0.285
165468,0.035
165469,0.085
165470,0.06
165471,0.2
165472,0.23
165473,0.18
165474,0.315
165475,0.33
165476,0.175
165477,0.155
165478,0.145
165479,0.88
165480,0.605
165481,0.01
165482,0.335
165483,0.06
165484,0.075
165485,0.085
165486,0.135
165487,0.295
165488,0.51
165489,0.735
165490,0.065
165491,0.165
165492,0.415
165493,0.065
165494,0.19
165495,0.18
165496,0.04
165497,0.35
165498,0.375
165499,0.24
165500,0.135
165501,0.09
165502,0.435
165503,0.075
165504,0.04
165505,0.05
165506,0.64
165507,0.065
165508,0.155
165509,0.165
165510,0.145
165511,0.065
165512,0.355
165513,0.095
165514,0.155
165515,0.105
165516,0.105
165517,0.37
165518,0.12
165519,0.1
165520,0.34
165521,0.075
165522,0.91
165523,0.14
165524,0.62
165525,0.085
165526,0.055
165527,0.11
165528,0.485
165529,0.515
165530,0.55
165531,0.145
165532,0.32
165533,0.34
165534,0.07
165535,0.2
165536,0.135
165537,0.08
165538,0.055
165539,0.58
165540,0.145
165541,0.24
165542,0.205
165543,0.005
165544,0.02
165545,0.38
165546,0.23
165547,0.215
165548,0.0
165549,0.32
165550,0.11
165551,0.265
165552,0.03
165553,0.095
165554,0.24
165555,0.2
165556,0.03
165557,0.26
165558,0.345
165559,0.04
165560,0.74
165561,0.135
165562,0.225
165563,0.09
165564,0.42
165565,0.545
165566,0.19
165567,0.04
165568,0.04
165569,0.285
165570,0.005
165571,0.66
165572,0.55
165573,0.12
165574,0.085
165575,0.13
165576,0.225
165577,0.28
165578,0.18
165579,0.155
165580,0.035
165581,0.12
165582,0.32
165583,0.625
165584,0.13
165585,0.23
165586,0.185
165587,0.79
165588,0.645
165589,0.08
165590,0.065
165591,0.035
165592,0.35
165593,0.69
165594,0.09
165595,0.12
165596,0.075
165597,0.335
165598,0.215
165599,0.32
165600,0.12
165601,0.455
165602,0.61
165603,0.14
165604,0.09
165605,0.295
165606,0.17
165607,0.09
165608,0.16
165609,0.5
165610,0.325
165611,0.29
165612,0.605
165613,0.055
165614,0.05
165615,0.055
165616,0.13
165617,0.085
165618,0.08
165619,0.14
165620,0.04
165621,0.07
165622,0.29
165623,0.02
165624,0.115
165625,0.03
165626,0.595
165627,0.24
165628,0.025
165629,0.035
165630,0.21
165631,0.08
165632,0.105
165633,0.325
165634,0.065
165635,0.15
165636,0.33
165637,0.18
165638,0.47
165639,0.315
165640,0.195
165641,0.26
165642,0.065
165643,0.075
165644,0.05
165645,0.61
165646,0.12
165647,0.05
165648,0.16
165649,0.14
165650,0.035
165651,0.185
165652,0.125
165653,0.625
165654,0.19
165655,0.14
165656,0.125
165657,0.08
165658,0.165
165659,0.075
165660,0.035
165661,0.035
165662,0.125
165663,0.06
165664,0.76
165665,0.145
165666,0.1
165667,0.61
165668,0.275
165669,0.125
165670,0.045
165671,0.2
165672,0.11
165673,0.36
165674,0.89
165675,0.04
165676,0.21
165677,0.28
165678,0.615
165679,0.115
165680,0.2
165681,0.07
165682,0.14
165683,0.505
165684,0.415
165685,0.13
165686,0.38
165687,0.175
165688,0.725
165689,0.035
165690,0.41
165691,0.105
165692,0.11
165693,0.075
165694,0.525
165695,0.15
165696,0.05
165697,0.38
165698,0.18
165699,0.225
165700,0.185
165701,0.18
165702,0.1
165703,0.065
165704,0.015
165705,0.075
165706,0.03
165707,0.14
165708,0.09
165709,0.055
165710,0.505
165711,0.05
165712,0.12
165713,0.27
165714,0.085
165715,0.09
165716,0.53
165717,0.315
165718,0.085
165719,0.2
165720,0.81
165721,0.01
165722,0.095
165723,0.09
165724,0.095
165725,0.025
165726,0.385
165727,0.16
165728,0.17
165729,0.075
165730,0.125
165731,0.22
165732,0.28
165733,0.09
165734,0.465
165735,0.095
165736,0.055
165737,0.15
165738,0.195
165739,0.015
165740,0.35
165741,0.075
165742,0.205
165743,0.225
165744,0.515
165745,0.09
165746,0.095
165747,0.425
165748,0.03
165749,0.29
165750,0.32
165751,0.025
165752,0.13
165753,0.07
165754,0.615
165755,0.115
165756,0.085
165757,0.145
165758,0.155
165759,0.44
165760,0.08
165761,0.1
165762,0.06
165763,0.26
165764,0.09
165765,0.095
165766,0.215
165767,0.105
165768,0.22
165769,0.115
165770,0.03
165771,0.03
165772,0.225
165773,0.055
165774,0.16
165775,0.27
165776,0.05
165777,0.25
165778,0.055
165779,0.155
165780,0.03
165781,0.58
165782,0.01
165783,0.19
165784,0.085
165785,0.175
165786,0.13
165787,0.27
165788,0.08
165789,0.115
165790,0.02
165791,0.11
165792,0.63
165793,0.175
165794,0.215
165795,0.01
165796,0.145
165797,0.22
165798,0.17
165799,0.18
165800,0.025
165801,0.68
165802,0.045
165803,0.425
165804,0.11
165805,0.37
165806,0.045
165807,0.245
165808,0.03
165809,0.11
165810,0.125
165811,0.4
165812,0.025
165813,0.38
165814,0.045
165815,0.065
165816,0.125
165817,0.26
165818,0.48
165819,0.135
165820,0.025
165821,0.075
165822,0.21
165823,0.2
165824,0.145
165825,0.745
165826,0.35
165827,0.12
165828,0.325
165829,0.13
165830,0.635
165831,0.255
165832,0.6
165833,0.11
165834,0.22
165835,0.065
165836,0.02
165837,0.27
165838,0.31
165839,0.15
165840,0.21
165841,0.135
165842,0.145
165843,0.235
165844,0.32
165845,0.105
165846,0.47
165847,0.02
165848,0.035
165849,0.56
165850,0.25
165851,0.545
165852,0.065
165853,0.06
165854,0.08
165855,0.175
165856,0.105
165857,0.02
165858,0.065
165859,0.24
165860,0.015
165861,0.185
165862,0.15
165863,0.46
165864,0.085
165865,0.07
165866,0.07
165867,0.25
165868,0.015
165869,0.84
165870,0.315
165871,0.385
165872,0.035
165873,0.02
165874,0.05
165875,0.445
165876,0.115
165877,0.355
165878,0.15
165879,0.035
165880,0.235
165881,0.045
165882,0.125
165883,0.165
165884,0.615
165885,0.57
165886,0.025
165887,0.235
165888,0.205
165889,0.09
165890,0.18
165891,0.14
165892,0.015
165893,0.185
165894,0.67
165895,0.39
165896,0.26
165897,0.08
165898,0.35
165899,0.055
165900,0.2
165901,0.315
165902,0.08
165903,0.01
165904,0.095
165905,0.29
165906,0.59
165907,0.61
165908,0.06
165909,0.0
165910,0.735
165911,0.415
165912,0.22
165913,0.795
165914,0.02
165915,0.615
165916,0.19
165917,0.21
165918,0.095
165919,0.075
165920,0.155
165921,0.53
165922,0.08
165923,0.25
165924,0.455
165925,0.09
165926,0.92
165927,0.035
165928,0.14
165929,0.1
165930,0.385
165931,0.265
165932,0.005
165933,0.235
165934,0.91
165935,0.465
165936,0.535
165937,0.6
165938,0.155
165939,0.185
165940,0.09
165941,0.365
165942,0.195
165943,0.4
165944,0.18
165945,0.035
165946,0.095
165947,0.135
165948,0.29
165949,0.42
165950,0.04
165951,0.065
165952,0.79
165953,0.02
165954,0.255
165955,0.045
165956,0.12
165957,0.115
165958,0.16
165959,0.425
165960,0.28
165961,0.065
165962,0.005
165963,0.03
165964,0.325
165965,0.11
165966,0.185
165967,0.065
165968,0.065
165969,0.105
165970,0.23
165971,0.32
165972,0.81
165973,0.12
165974,0.1
165975,0.38
165976,0.165
165977,0.255
165978,0.185
165979,0.1
165980,0.18
165981,0.155
165982,0.43
165983,0.025
165984,0.045
165985,0.215
165986,0.3
165987,0.04
165988,0.1
165989,0.12
165990,0.08
165991,0.05
165992,0.09
165993,0.255
165994,0.21
165995,0.21
165996,0.48
165997,0.035
165998,0.505
165999,0.085
166000,0.095
166001,0.025
166002,0.07
166003,0.005
166004,0.88
166005,0.26
166006,0.08
166007,0.345
166008,0.045
166009,0.255
166010,0.085
166011,0.065
166012,0.375
166013,0.205
166014,0.22
166015,0.08
166016,0.065
166017,0.14
166018,0.09
166019,0.02
166020,0.085
166021,0.695
166022,0.545
166023,0.285
166024,0.22
166025,0.19
166026,0.06
166027,0.3
166028,0.295
166029,0.04
166030,0.1
166031,0.435
166032,0.065
166033,0.24
166034,0.045
166035,0.265
166036,0.08
166037,0.03
166038,0.33
166039,0.05
166040,0.035
166041,0.16
166042,0.09
166043,0.13
166044,0.375
166045,0.21
166046,0.145
166047,0.185
166048,0.74
166049,0.05
166050,0.125
166051,0.06
166052,0.435
166053,0.215
166054,0.01
166055,0.21
166056,0.165
166057,0.165
166058,0.215
166059,0.4
166060,0.17
166061,0.125
166062,0.095
166063,0.36
166064,0.1
166065,0.115
166066,0.075
166067,0.02
166068,0.255
166069,0.26
166070,0.115
166071,0.09
166072,0.105
166073,0.01
166074,0.14
166075,0.115
166076,0.25
166077,0.015
166078,0.1
166079,0.055
166080,0.8
166081,0.435
166082,0.03
166083,0.07
166084,0.225
166085,0.1
166086,0.16
166087,0.01
166088,0.18
166089,0.2
166090,0.11
166091,0.14
166092,0.22
166093,0.095
166094,0.175
166095,0.155
166096,0.12
166097,0.035
166098,0.115
166099,0.8
166100,0.075
166101,0.19
166102,0.64
166103,0.09
166104,0.315
166105,0.08
166106,0.61
166107,0.145
166108,0.44
166109,0.105
166110,0.05
166111,0.14
166112,0.095
166113,0.73
166114,0.045
166115,0.04
166116,0.055
166117,0.385
166118,0.145
166119,0.045
166120,0.11
166121,0.2
166122,0.025
166123,0.1
166124,0.045
166125,0.175
166126,0.41
166127,0.39
166128,0.82
166129,0.25
166130,0.22
166131,0.05
166132,0.145
166133,0.56
166134,0.27
166135,0.295
166136,0.12
166137,0.8
166138,0.365
166139,0.485
166140,0.115
166141,0.05
166142,0.03
166143,0.04
166144,0.18
166145,0.26
166146,0.085
166147,0.64
166148,0.09
166149,0.12
166150,0.045
166151,0.025
166152,0.06
166153,0.025
166154,0.23
166155,0.045
166156,0.255
166157,0.195
166158,0.575
166159,0.29
166160,0.17
166161,0.045
166162,0.07
166163,0.02
166164,0.28
166165,0.155
166166,0.015
166167,0.005
166168,0.05
166169,0.285
166170,0.095
166171,0.21
166172,0.02
166173,0.1
166174,0.035
166175,0.83
166176,0.04
166177,0.695
166178,0.515
166179,0.015
166180,0.175
166181,0.07
166182,0.17
166183,0.055
166184,0.1
166185,0.055
166186,0.02
166187,0.28
166188,0.585
166189,0.095
166190,0.745
166191,0.05
166192,0.23
166193,0.14
166194,0.12
166195,0.055
166196,0.02
166197,0.01
166198,0.695
166199,0.2
166200,0.5
166201,0.38
166202,0.425
166203,0.205
166204,0.15
166205,0.25
166206,0.13
166207,0.08
166208,0.22
166209,0.11
166210,0.125
166211,0.11
166212,0.14
166213,0.16
166214,0.17
166215,0.27
166216,0.11
166217,0.74
166218,0.23
166219,0.04
166220,0.025
166221,0.18
166222,0.175
166223,0.16
166224,0.37
166225,0.125
166226,0.12
166227,0.125
166228,0.07
166229,0.05
166230,0.045
166231,0.105
166232,0.175
166233,0.125
166234,0.95
166235,0.005
166236,0.005
166237,0.12
166238,0.875
166239,0.3
166240,0.6
166241,0.095
166242,0.805
166243,0.195
166244,0.1
166245,0.22
166246,0.705
166247,0.08
166248,0.525
166249,0.135
166250,0.33
166251,0.495
166252,0.025
166253,0.055
166254,0.795
166255,0.235
166256,0.235
166257,0.245
166258,0.29
166259,0.215
166260,0.185
166261,0.095
166262,0.065
166263,0.08
166264,0.135
166265,0.485
166266,0.03
166267,0.125
166268,0.21
166269,0.225
166270,0.04
166271,0.165
166272,0.005
166273,0.205
166274,0.02
166275,0.03
166276,0.375
166277,0.18
166278,0.145
166279,0.005
166280,0.155
166281,0.21
166282,0.02
166283,0.45
166284,0.145
166285,0.01
166286,0.395
166287,0.135
166288,0.06
166289,0.155
166290,0.115
166291,0.68
166292,0.185
166293,0.135
166294,0.13
166295,0.19
166296,0.005
166297,0.095
166298,0.045
166299,0.17
166300,0.24
166301,0.19
166302,0.31
166303,0.145
166304,0.12
166305,0.12
166306,0.35
166307,0.1
166308,0.045
166309,0.22
166310,0.39
166311,0.015
166312,0.095
166313,0.04
166314,0.115
166315,0.32
166316,0.115
166317,0.095
166318,0.11
166319,0.69
166320,0.31
166321,0.095
166322,0.72
166323,0.05
166324,0.105
166325,0.065
166326,0.22
166327,0.21
166328,0.185
166329,0.155
166330,0.12
166331,0.56
166332,0.305
166333,0.24
166334,0.235
166335,0.01
166336,0.2
166337,0.03
166338,0.09
166339,0.175
166340,0.075
166341,0.38
166342,0.63
166343,0.3
166344,0.025
166345,0.06
166346,0.165
166347,0.085
166348,0.29
166349,0.095
166350,0.025
166351,0.39
166352,0.09
166353,0.3
166354,0.235
166355,0.04
166356,0.23
166357,0.035
166358,0.09
166359,0.075
166360,0.06
166361,0.365
166362,0.085
166363,0.18
166364,0.655
166365,0.125
166366,0.365
166367,0.13
166368,0.48
166369,0.065
166370,0.07
166371,0.65
166372,0.055
166373,0.505
166374,0.135
166375,0.01
166376,0.285
166377,0.0
166378,0.105
166379,0.035
166380,0.27
166381,0.21
166382,0.225
166383,0.1
166384,0.58
166385,0.285
166386,0.64
166387,0.155
166388,0.13
166389,0.085
166390,0.39
166391,0.065
166392,0.64
166393,0.045
166394,0.625
166395,0.345
166396,0.03
166397,0.29
166398,0.605
166399,0.53
166400,0.345
166401,0.455
166402,0.12
166403,0.775
166404,0.21
166405,0.575
166406,0.05
166407,0.25
166408,0.01
166409,0.145
166410,0.06
166411,0.045
166412,0.245
166413,0.07
166414,0.07
166415,0.06
166416,0.055
166417,0.2
166418,0.145
166419,0.08
166420,0.295
166421,0.26
166422,0.35
166423,0.245
166424,0.12
166425,0.605
166426,0.22
166427,0.29
166428,0.115
166429,0.14
166430,0.5
166431,0.02
166432,0.065
166433,0.075
166434,0.145
166435,0.015
166436,0.12
166437,0.005
166438,0.435
166439,0.125
166440,0.325
166441,0.485
166442,0.465
166443,0.095
166444,0.05
166445,0.11
166446,0.07
166447,0.265
166448,0.075
166449,0.165
166450,0.025
166451,0.095
166452,0.73
166453,0.08
166454,0.13
166455,0.195
166456,0.015
166457,0.42
166458,0.155
166459,0.245
166460,0.06
166461,0.16
166462,0.245
166463,0.045
166464,0.015
166465,0.175
166466,0.385
166467,0.24
166468,0.165
166469,0.2
166470,0.035
166471,0.165
166472,0.045
166473,0.105
166474,0.055
166475,0.62
166476,0.34
166477,0.015
166478,0.605
166479,0.125
166480,0.335
166481,0.13
166482,0.075
166483,0.595
166484,0.02
166485,0.3
166486,0.13
166487,0.535
166488,0.05
166489,0.13
166490,0.275
166491,0.875
166492,0.09
166493,0.225
166494,0.055
166495,0.095
166496,0.52
166497,0.12
166498,0.04
166499,0.0
166500,0.255
166501,0.55
166502,0.07
166503,0.085
166504,0.065
166505,0.785
166506,0.7
166507,0.135
166508,0.19
166509,0.185
166510,0.02
166511,0.07
166512,0.8
166513,0.175
166514,0.06
166515,0.42
166516,0.72
166517,0.01
166518,0.675
166519,0.42
166520,0.535
166521,0.865
166522,0.04
166523,0.71
166524,0.26
166525,0.11
166526,0.465
166527,0.15
166528,0.27
166529,0.15
166530,0.145
166531,0.135
166532,0.135
166533,0.115
166534,0.21
166535,0.555
166536,0.015
166537,0.165
166538,0.31
166539,0.27
166540,0.31
166541,0.69
166542,0.23
166543,0.025
166544,0.165
166545,0.02
166546,0.09
166547,0.005
166548,0.02
166549,0.11
166550,0.065
166551,0.05
166552,0.125
166553,0.375
166554,0.02
166555,0.04
166556,0.185
166557,0.24
166558,0.015
166559,0.095
166560,0.635
166561,0.135
166562,0.09
166563,0.235
166564,0.005
166565,0.05
166566,0.08
166567,0.22
166568,0.095
166569,0.215
166570,0.04
166571,0.025
166572,0.115
166573,0.29
166574,0.21
166575,0.565
166576,0.035
166577,0.705
166578,0.38
166579,0.04
166580,0.17
166581,0.315
166582,0.595
166583,0.085
166584,0.41
166585,0.165
166586,0.095
166587,0.105
166588,0.045
166589,0.1
166590,0.035
166591,0.04
166592,0.11
166593,0.055
166594,0.03
166595,0.505
166596,0.255
166597,0.33
166598,0.025
166599,0.005
166600,0.515
166601,0.08
166602,0.31
166603,0.49
166604,0.475
166605,0.275
166606,0.06
166607,0.75
166608,0.065
166609,0.11
166610,0.06
166611,0.335
166612,0.18
166613,0.22
166614,0.43
166615,0.035
166616,0.065
166617,0.605
166618,0.345
166619,0.08
166620,0.05
166621,0.04
166622,0.02
166623,0.225
166624,0.115
166625,0.245
166626,0.07
166627,0.145
166628,0.615
166629,0.07
166630,0.145
166631,0.12
166632,0.16
166633,0.18
166634,0.62
166635,0.39
166636,0.21
166637,0.825
166638,0.28
166639,0.265
166640,0.175
166641,0.135
166642,0.525
166643,0.095
166644,0.4
166645,0.285
166646,0.195
166647,0.13
166648,0.515
166649,0.105
166650,0.055
166651,0.02
166652,0.065
166653,0.575
166654,0.07
166655,0.275
166656,0.08
166657,0.215
166658,0.12
166659,0.49
166660,0.775
166661,0.025
166662,0.06
166663,0.105
166664,0.735
166665,0.2
166666,0.025
166667,0.04
166668,0.31
166669,0.03
166670,0.125
166671,0.105
166672,0.175
166673,0.225
166674,0.09
166675,0.105
166676,0.295
166677,0.11
166678,0.06
166679,0.395
166680,0.34
166681,0.36
166682,0.22
166683,0.22
166684,0.125
166685,0.105
166686,0.135
166687,0.465
166688,0.06
166689,0.63
166690,0.885
166691,0.0
166692,0.525
166693,0.045
166694,0.365
166695,0.37
166696,0.1
166697,0.09
166698,0.335
166699,0.09
166700,0.25
166701,0.4
166702,0.005
166703,0.165
166704,0.025
166705,0.08
166706,0.07
166707,0.255
166708,0.29
166709,0.465
166710,0.58
166711,0.095
166712,0.005
166713,0.19
166714,0.21
166715,0.17
166716,0.245
166717,0.13
166718,0.03
166719,0.1
166720,0.02
166721,0.185
166722,0.325
166723,0.57
166724,0.66
166725,0.595
166726,0.13
166727,0.095
166728,0.195
166729,0.185
166730,0.22
166731,0.615
166732,0.285
166733,0.365
166734,0.105
166735,0.155
166736,0.185
166737,0.06
166738,0.075
166739,0.04
166740,0.25
166741,0.125
166742,0.18
166743,0.19
166744,0.11
166745,0.38
166746,0.125
166747,0.465
166748,0.3
166749,0.57
166750,0.2
166751,0.175
166752,0.085
166753,0.62
166754,0.245
166755,0.78
166756,0.02
166757,0.145
166758,0.135
166759,0.645
166760,0.35
166761,0.615
166762,0.235
166763,0.11
166764,0.55
166765,0.34
166766,0.315
166767,0.135
166768,0.455
166769,0.13
166770,0.095
166771,0.705
166772,0.83
166773,0.39
166774,0.075
166775,0.185
166776,0.125
166777,0.045
166778,0.06
166779,0.085
166780,0.81
166781,0.585
166782,0.12
166783,0.035
166784,0.065
166785,0.19
166786,0.055
166787,0.08
166788,0.38
166789,0.19
166790,0.575
166791,0.02
166792,0.045
166793,0.23
166794,0.83
166795,0.67
166796,0.16
166797,0.04
166798,0.005
166799,0.465
166800,0.35
166801,0.055
166802,0.075
166803,0.04
166804,0.075
166805,0.115
166806,0.115
166807,0.04
166808,0.79
166809,0.335
166810,0.175
166811,0.04
166812,0.125
166813,0.11
166814,0.735
166815,0.16
166816,0.09
166817,0.075
166818,0.22
166819,0.055
166820,0.23
166821,0.085
166822,0.13
166823,0.365
166824,0.04
166825,0.235
166826,0.26
166827,0.12
166828,0.1
166829,0.21
166830,0.105
166831,0.14
166832,0.46
166833,0.33
166834,0.19
166835,0.01
166836,0.03
166837,0.54
166838,0.145
166839,0.08
166840,0.105
166841,0.05
166842,0.185
166843,0.035
166844,0.095
166845,0.065
166846,0.325
166847,0.075
166848,0.05
166849,0.29
166850,0.12
166851,0.09
166852,0.775
166853,0.1
166854,0.13
166855,0.155
166856,0.025
166857,0.005
166858,0.085
166859,0.245
166860,0.285
166861,0.065
166862,0.125
166863,0.2
166864,0.785
166865,0.075
166866,0.745
166867,0.11
166868,0.13
166869,0.13
166870,0.135
166871,0.135
166872,0.08
166873,0.06
166874,0.05
166875,0.135
166876,0.705
166877,0.02
166878,0.515
166879,0.4
166880,0.32
166881,0.245
166882,0.15
166883,0.795
166884,0.03
166885,0.01
166886,0.165
166887,0.18
166888,0.095
166889,0.0
166890,0.155
166891,0.21
166892,0.115
166893,0.03
166894,0.175
166895,0.075
166896,0.035
166897,0.16
166898,0.455
166899,0.13
166900,0.055
166901,0.12
166902,0.345
166903,0.605
166904,0.005
166905,0.01
166906,0.08
166907,0.365
166908,0.285
166909,0.25
166910,0.0
166911,0.34
166912,0.115
166913,0.235
166914,0.2
166915,0.445
166916,0.375
166917,0.145
166918,0.255
166919,0.36
166920,0.705
166921,0.02
166922,0.385
166923,0.06
166924,0.08
166925,0.005
166926,0.035
166927,0.125
166928,0.165
166929,0.21
166930,0.495
166931,0.04
166932,0.46
166933,0.03
166934,0.765
166935,0.08
166936,0.11
166937,0.14
166938,0.26
166939,0.8
166940,0.175
166941,0.04
166942,0.05
166943,0.35
166944,0.035
166945,0.01
166946,0.88
166947,0.495
166948,0.095
166949,0.03
166950,0.265
166951,0.055
166952,0.12
166953,0.045
166954,0.03
166955,0.065
166956,0.11
166957,0.3
166958,0.19
166959,0.47
166960,0.27
166961,0.015
166962,0.26
166963,0.11
166964,0.34
166965,0.675
166966,0.79
166967,0.69
166968,0.09
166969,0.215
166970,0.155
166971,0.04
166972,0.355
166973,0.17
166974,0.12
166975,0.1
166976,0.13
166977,0.09
166978,0.175
166979,0.1
166980,0.015
166981,0.74
166982,0.235
166983,0.055
166984,0.29
166985,0.05
166986,0.37
166987,0.14
166988,0.55
166989,0.41
166990,0.05
166991,0.265
166992,0.235
166993,0.095
166994,0.075
166995,0.16
166996,0.05
166997,0.105
166998,0.35
166999,0.105
167000,0.105
167001,0.855
167002,0.075
167003,0.15
167004,0.415
167005,0.59
167006,0.24
167007,0.635
167008,0.45
167009,0.035
167010,0.225
167011,0.13
167012,0.06
167013,0.075
167014,0.28
167015,0.145
167016,0.09
167017,0.505
167018,0.36
167019,0.035
167020,0.115
167021,0.135
167022,0.225
167023,0.145
167024,0.33
167025,0.17
167026,0.1
167027,0.335
167028,0.745
167029,0.23
167030,0.02
167031,0.325
167032,0.205
167033,0.115
167034,0.055
167035,0.075
167036,0.39
167037,0.01
167038,0.08
167039,0.345
167040,0.155
167041,0.305
167042,0.015
167043,0.29
167044,0.25
167045,0.115
167046,0.3
167047,0.5
167048,0.61
167049,0.195
167050,0.085
167051,0.12
167052,0.135
167053,0.035
167054,0.12
167055,0.115
167056,0.135
167057,0.14
167058,0.595
167059,0.085
167060,0.135
167061,0.28
167062,0.065
167063,0.655
167064,0.525
167065,0.21
167066,0.055
167067,0.245
167068,0.35
167069,0.195
167070,0.155
167071,0.035
167072,0.06
167073,0.25
167074,0.54
167075,0.085
167076,0.215
167077,0.045
167078,0.315
167079,0.07
167080,0.005
167081,0.375
167082,0.46
167083,0.185
167084,0.05
167085,0.555
167086,0.135
167087,0.035
167088,0.845
167089,0.125
167090,0.32
167091,0.075
167092,0.385
167093,0.16
167094,0.075
167095,0.26
167096,0.235
167097,0.1
167098,0.045
167099,0.41
167100,0.715
167101,0.35
167102,0.04
167103,0.065
167104,0.005
167105,0.31
167106,0.355
167107,0.84
167108,0.38
167109,0.45
167110,0.02
167111,0.19
167112,0.055
167113,0.035
167114,0.675
167115,0.245
167116,0.745
167117,0.175
167118,0.075
167119,0.22
167120,0.18
167121,0.32
167122,0.145
167123,0.17
167124,0.27
167125,0.12
167126,0.39
167127,0.33
167128,0.13
167129,0.05
167130,0.675
167131,0.075
167132,0.235
167133,0.03
167134,0.14
167135,0.275
167136,0.405
167137,0.36
167138,0.26
167139,0.175
167140,0.565
167141,0.36
167142,0.095
167143,0.215
167144,0.18
167145,0.065
167146,0.56
167147,0.045
167148,0.355
167149,0.495
167150,0.735
167151,0.21
167152,0.54
167153,0.365
167154,0.09
167155,0.04
167156,0.1
167157,0.01
167158,0.045
167159,0.215
167160,0.755
167161,0.16
167162,0.01
167163,0.115
167164,0.035
167165,0.755
167166,0.285
167167,0.21
167168,0.105
167169,0.095
167170,0.015
167171,0.06
167172,0.195
167173,0.255
167174,0.015
167175,0.17
167176,0.025
167177,0.07
167178,0.49
167179,0.11
167180,0.295
167181,0.045
167182,0.09
167183,0.09
167184,0.37
167185,0.155
167186,0.04
167187,0.165
167188,0.035
167189,0.205
167190,0.1
167191,0.29
167192,0.175
167193,0.06
167194,0.81
167195,0.035
167196,0.005
167197,0.07
167198,0.045
167199,0.085
167200,0.32
167201,0.125
167202,0.245
167203,0.145
167204,0.215
167205,0.055
167206,0.03
167207,0.05
167208,0.38
167209,0.095
167210,0.435
167211,0.085
167212,0.305
167213,0.23
167214,0.42
167215,0.485
167216,0.035
167217,0.125
167218,0.675
167219,0.325
167220,0.375
167221,0.75
167222,0.135
167223,0.385
167224,0.055
167225,0.04
167226,0.11
167227,0.15
167228,0.51
167229,0.11
167230,0.12
167231,0.06
167232,0.055
167233,0.1
167234,0.01
167235,0.215
167236,0.135
167237,0.275
167238,0.08
167239,0.61
167240,0.07
167241,0.005
167242,0.29
167243,0.07
167244,0.7
167245,0.22
167246,0.105
167247,0.105
167248,0.08
167249,0.455
167250,0.025
167251,0.095
167252,0.09
167253,0.06
167254,0.07
167255,0.165
167256,0.645
167257,0.21
167258,0.025
167259,0.085
167260,0.715
167261,0.065
167262,0.11
167263,0.3
167264,0.08
167265,0.055
167266,1.0
167267,0.37
167268,0.085
167269,0.035
167270,0.145
167271,0.365
167272,0.33
167273,0.22
167274,0.115
167275,0.17
167276,0.3
167277,0.765
167278,0.33
167279,0.415
167280,0.26
167281,0.03
167282,0.36
167283,0.36
167284,0.23
167285,0.27
167286,0.525
167287,0.045
167288,0.015
167289,0.385
167290,0.58
167291,0.74
167292,0.375
167293,0.195
167294,0.11
167295,0.11
167296,0.06
167297,0.09
167298,0.005
167299,0.02
167300,0.07
167301,0.675
167302,0.42
167303,0.1
167304,0.145
167305,0.235
167306,0.145
167307,0.185
167308,0.17
167309,0.205
167310,0.0
167311,0.105
167312,0.705
167313,0.13
167314,0.27
167315,0.125
167316,0.235
167317,0.145
167318,0.075
167319,0.335
167320,0.285
167321,0.035
167322,0.155
167323,0.025
167324,0.035
167325,0.03
167326,0.155
167327,0.295
167328,0.25
167329,0.075
167330,0.245
167331,0.12
167332,0.04
167333,0.025
167334,0.28
167335,0.05
167336,0.115
167337,0.17
167338,0.335
167339,0.085
167340,0.335
167341,0.245
167342,0.33
167343,0.09
167344,0.555
167345,0.47
167346,0.825
167347,0.25
167348,0.275
167349,0.02
167350,0.83
167351,0.095
167352,0.155
167353,0.49
167354,0.48
167355,0.03
167356,0.21
167357,0.5
167358,0.145
167359,0.015
167360,0.205
167361,0.075
167362,0.235
167363,0.265
167364,0.53
167365,0.055
167366,0.185
167367,0.1
167368,0.115
167369,0.0
167370,0.25
167371,0.1
167372,0.03
167373,0.18
167374,0.13
167375,0.02
167376,0.14
167377,0.05
167378,0.255
167379,0.085
167380,0.1
167381,0.17
167382,0.09
167383,0.09
167384,0.115
167385,0.095
167386,0.115
167387,0.0
167388,0.99
167389,0.055
167390,0.12
167391,0.53
167392,0.51
167393,0.65
167394,0.75
167395,0.365
167396,0.09
167397,0.0
167398,0.045
167399,0.11
167400,0.07
167401,0.12
167402,0.055
167403,0.355
167404,0.2
167405,0.17
167406,0.2
167407,0.07
167408,0.315
167409,0.475
167410,0.16
167411,0.145
167412,0.255
167413,0.1
167414,0.22
167415,0.055
167416,0.1
167417,0.255
167418,0.6
167419,0.04
167420,0.18
167421,0.215
167422,0.15
167423,0.135
167424,0.205
167425,0.24
167426,0.125
167427,0.72
167428,0.07
167429,0.1
167430,0.315
167431,0.36
167432,0.315
167433,0.145
167434,0.195
167435,0.225
167436,0.105
167437,0.145
167438,0.05
167439,0.1
167440,0.115
167441,0.21
167442,0.055
167443,0.015
167444,0.205
167445,0.205
167446,0.21
167447,0.265
167448,0.08
167449,0.155
167450,0.025
167451,0.16
167452,0.09
167453,0.195
167454,0.005
167455,0.08
167456,0.12
167457,0.18
167458,0.32
167459,0.385
167460,0.025
167461,0.245
167462,0.07
167463,0.14
167464,0.15
167465,0.06
167466,0.09
167467,0.425
167468,0.04
167469,0.105
167470,0.15
167471,0.395
167472,0.69
167473,0.165
167474,0.07
167475,0.215
167476,0.02
167477,0.14
167478,0.13
167479,0.29
167480,0.23
167481,0.1
167482,0.035
167483,0.72
167484,0.43
167485,0.265
167486,0.085
167487,0.105
167488,0.0
167489,0.385
167490,0.08
167491,0.11
167492,0.61
167493,0.39
167494,0.185
167495,0.175
167496,0.055
167497,0.155
167498,0.265
167499,0.15
167500,0.035
167501,0.045
167502,0.255
167503,0.2
167504,0.205
167505,0.15
167506,0.745
167507,0.145
167508,0.045
167509,0.61
167510,0.085
167511,0.135
167512,0.775
167513,0.36
167514,0.18
167515,0.16
167516,0.085
167517,0.06
167518,0.24
167519,0.575
167520,0.075
167521,0.025
167522,0.195
167523,0.14
167524,0.185
167525,0.2
167526,0.82
167527,0.18
167528,0.015
167529,0.33
167530,0.11
167531,0.12
167532,0.89
167533,0.055
167534,0.29
167535,0.15
167536,0.16
167537,0.01
167538,0.02
167539,0.39
167540,0.025
167541,0.395
167542,0.24
167543,0.085
167544,0.055
167545,0.465
167546,0.065
167547,0.755
167548,0.1
167549,0.075
167550,0.285
167551,0.09
167552,0.77
167553,0.165
167554,0.62
167555,0.045
167556,0.75
167557,0.085
167558,0.39
167559,0.06
167560,0.03
167561,0.03
167562,0.095
167563,0.14
167564,0.135
167565,0.19
167566,0.03
167567,0.145
167568,0.17
167569,0.74
167570,0.185
167571,0.07
167572,0.085
167573,0.26
167574,0.16
167575,0.065
167576,0.04
167577,0.185
167578,0.21
167579,0.155
167580,0.515
167581,0.275
167582,0.45
167583,0.025
167584,0.53
167585,0.205
167586,0.125
167587,0.04
167588,0.45
167589,0.07
167590,0.085
167591,0.13
167592,0.14
167593,0.07
167594,0.48
167595,0.23
167596,0.12
167597,0.17
167598,0.17
167599,0.205
167600,0.195
167601,0.075
167602,0.355
167603,0.69
167604,0.0
167605,0.135
167606,0.75
167607,0.645
167608,0.075
167609,0.275
167610,0.045
167611,0.64
167612,0.055
167613,0.225
167614,0.055
167615,0.055
167616,0.275
167617,0.795
167618,0.055
167619,0.15
167620,0.09
167621,0.185
167622,0.01
167623,0.245
167624,0.285
167625,0.33
167626,0.395
167627,0.01
167628,0.205
167629,0.04
167630,0.27
167631,0.705
167632,0.02
167633,0.96
167634,0.535
167635,0.085
167636,0.46
167637,0.105
167638,0.16
167639,0.035
167640,0.215
167641,0.155
167642,0.485
167643,0.155
167644,0.3
167645,0.335
167646,0.39
167647,0.0
167648,0.095
167649,0.175
167650,0.005
167651,0.1
167652,0.12
167653,0.34
167654,0.46
167655,0.14
167656,0.1
167657,0.425
167658,0.115
167659,0.095
167660,0.125
167661,0.055
167662,0.095
167663,0.24
167664,0.105
167665,0.03
167666,0.065
167667,0.16
167668,0.215
167669,0.01
167670,0.39
167671,0.29
167672,0.44
167673,0.045
167674,0.78
167675,0.01
167676,0.055
167677,0.095
167678,0.33
167679,0.08
167680,0.08
167681,0.095
167682,0.1
167683,0.215
167684,0.26
167685,0.305
167686,0.045
167687,0.555
167688,0.21
167689,0.12
167690,0.005
167691,0.265
167692,0.22
167693,0.255
167694,0.215
167695,0.6
167696,0.245
167697,0.325
167698,0.225
167699,0.015
167700,0.04
167701,0.085
167702,0.055
167703,0.035
167704,0.075
167705,0.085
167706,0.18
167707,0.14
167708,0.02
167709,0.25
167710,0.055
167711,0.035
167712,0.08
167713,0.04
167714,0.435
167715,0.295
167716,0.19
167717,0.36
167718,0.535
167719,0.16
167720,0.555
167721,0.05
167722,0.45
167723,0.175
167724,0.145
167725,0.23
167726,0.11
167727,0.265
167728,0.07
167729,0.05
167730,0.29
167731,0.86
167732,0.03
167733,0.06
167734,0.715
167735,0.02
167736,0.03
167737,0.205
167738,0.195
167739,0.11
167740,0.165
167741,0.265
167742,0.855
167743,0.065
167744,0.18
167745,0.165
167746,0.265
167747,0.56
167748,0.075
167749,0.525
167750,0.64
167751,0.26
167752,0.13
167753,0.115
167754,0.165
167755,0.53
167756,0.615
167757,0.1
167758,0.085
167759,0.19
167760,0.27
167761,0.165
167762,0.11
167763,0.205
167764,0.3
167765,0.235
167766,0.285
167767,0.015
167768,0.085
167769,0.05
167770,0.005
167771,0.125
167772,0.07
167773,0.46
167774,0.115
167775,0.045
167776,0.165
167777,0.71
167778,0.075
167779,0.06
167780,0.22
167781,0.365
167782,0.07
167783,0.165
167784,0.07
167785,0.125
167786,0.66
167787,0.765
167788,0.115
167789,0.35
167790,0.18
167791,0.075
167792,0.645
167793,0.16
167794,0.065
167795,0.145
167796,0.215
167797,0.22
167798,0.125
167799,0.665
167800,0.155
167801,0.025
167802,0.035
167803,0.0
167804,0.145
167805,0.175
167806,0.08
167807,0.175
167808,0.28
167809,0.685
167810,0.175
167811,0.04
167812,0.31
167813,0.05
167814,0.015
167815,0.84
167816,0.28
167817,0.2
167818,0.08
167819,0.165
167820,0.74
167821,0.195
167822,0.145
167823,0.145
167824,0.375
167825,0.13
167826,0.425
167827,0.24
167828,0.23
167829,0.05
167830,0.37
167831,0.09
167832,0.045
167833,0.37
167834,0.065
167835,0.69
167836,0.24
167837,0.03
167838,0.08
167839,0.27
167840,0.71
167841,0.22
167842,0.14
167843,0.155
167844,0.6
167845,0.21
167846,0.025
167847,0.295
167848,0.025
167849,0.115
167850,0.015
167851,0.135
167852,0.875
167853,0.195
167854,0.04
167855,0.215
167856,0.53
167857,0.155
167858,0.34
167859,0.305
167860,0.24
167861,0.17
167862,0.49
167863,0.485
167864,0.265
167865,0.26
167866,0.005
167867,0.455
167868,0.225
167869,0.265
167870,0.08
167871,0.045
167872,0.095
167873,0.095
167874,0.145
167875,0.055
167876,0.21
167877,0.11
167878,0.055
167879,0.14
167880,0.44
167881,0.275
167882,0.315
167883,0.04
167884,0.0
167885,0.68
167886,0.115
167887,0.06
167888,0.035
167889,0.525
167890,0.495
167891,0.035
167892,0.405
167893,0.035
167894,0.0
167895,0.735
167896,0.225
167897,0.13
167898,0.015
167899,0.045
167900,0.06
167901,0.14
167902,0.575
167903,0.225
167904,0.57
167905,0.195
167906,0.28
167907,0.08
167908,0.035
167909,0.38
167910,0.11
167911,0.1
167912,0.085
167913,0.675
167914,0.42
167915,0.295
167916,0.77
167917,0.14
167918,0.03
167919,0.18
167920,0.375
167921,0.195
167922,0.1
167923,0.95
167924,0.08
167925,0.23
167926,0.29
167927,0.055
167928,0.06
167929,0.065
167930,0.48
167931,0.045
167932,0.065
167933,0.03
167934,0.07
167935,0.09
167936,0.41
167937,0.465
167938,0.11
167939,0.235
167940,0.38
167941,0.065
167942,0.01
167943,0.55
167944,0.315
167945,0.03
167946,0.24
167947,0.155
167948,0.26
167949,0.04
167950,0.55
167951,0.02
167952,0.045
167953,0.015
167954,0.405
167955,0.06
167956,0.1
167957,0.21
167958,0.055
167959,0.085
167960,0.195
167961,0.265
167962,0.18
167963,0.435
167964,0.22
167965,0.045
167966,0.135
167967,0.765
167968,0.025
167969,0.21
167970,0.435
167971,0.06
167972,0.385
167973,0.005
167974,0.165
167975,0.025
167976,0.14
167977,0.025
167978,0.47
167979,0.54
167980,0.25
167981,0.615
167982,0.04
167983,0.095
167984,0.145
167985,0.965
167986,0.46
167987,0.195
167988,0.465
167989,0.58
167990,0.155
167991,0.495
167992,0.375
167993,0.145
167994,0.195
167995,0.23
167996,0.665
167997,0.015
167998,0.01
167999,0.045
168000,0.165
168001,0.26
168002,0.22
168003,0.06
168004,0.28
168005,0.065
168006,0.035
168007,0.32
168008,0.225
168009,0.04
168010,0.15
168011,0.025
168012,0.055
168013,0.61
168014,0.41
168015,0.15
168016,0.715
168017,0.215
168018,0.215
168019,0.205
168020,0.305
168021,0.07
168022,0.02
168023,0.12
168024,0.025
168025,0.015
168026,0.315
168027,0.165
168028,0.1
168029,0.055
168030,0.015
168031,0.055
168032,0.17
168033,0.12
168034,0.6
168035,0.46
168036,0.55
168037,0.2
168038,0.13
168039,0.145
168040,0.055
168041,0.025
168042,0.35
168043,0.335
168044,0.115
168045,0.245
168046,0.05
168047,0.325
168048,0.06
168049,0.125
168050,0.165
168051,0.34
168052,0.145
168053,0.49
168054,0.25
168055,0.275
168056,0.27
168057,0.055
168058,0.19
168059,0.14
168060,0.28
168061,0.755
168062,0.105
168063,0.025
168064,0.02
168065,0.065
168066,0.05
168067,0.09
168068,0.12
168069,0.03
168070,0.245
168071,0.455
168072,0.195
168073,0.15
168074,0.36
168075,0.18
168076,0.65
168077,0.035
168078,0.52
168079,0.015
168080,0.21
168081,0.45
168082,0.175
168083,0.055
168084,0.075
168085,0.605
168086,0.04
168087,0.05
168088,0.21
168089,0.515
168090,0.24
168091,0.155
168092,0.715
168093,0.05
168094,0.09
168095,0.425
168096,0.055
168097,0.085
168098,0.09
168099,0.45
168100,0.175
168101,0.015
168102,0.16
168103,0.02
168104,0.395
168105,0.105
168106,0.19
168107,0.355
168108,0.27
168109,0.075
168110,0.055
168111,0.11
168112,0.02
168113,0.29
168114,0.515
168115,0.615
168116,0.085
168117,0.615
168118,0.285
168119,0.0
168120,0.025
168121,0.235
168122,0.365
168123,0.805
168124,0.015
168125,0.1
168126,0.43
168127,0.645
168128,0.005
168129,0.595
168130,0.105
168131,0.59
168132,0.285
168133,0.25
168134,0.135
168135,0.03
168136,0.17
168137,0.135
168138,0.345
168139,0.18
168140,0.54
168141,0.045
168142,0.845
168143,0.44
168144,0.01
168145,0.02
168146,0.425
168147,0.275
168148,0.08
168149,0.065
168150,0.06
168151,0.22
168152,0.085
168153,0.13
168154,0.45
168155,0.15
168156,0.68
168157,0.155
168158,0.175
168159,0.13
168160,0.105
168161,0.28
168162,0.485
168163,0.705
168164,0.035
168165,0.315
168166,0.155
168167,0.175
168168,0.035
168169,0.02
168170,0.09
168171,0.49
168172,0.02
168173,0.665
168174,0.045
168175,0.15
168176,0.29
168177,0.795
168178,0.09
168179,0.255
168180,0.34
168181,0.175
168182,0.22
168183,0.075
168184,0.03
168185,0.235
168186,0.04
168187,0.095
168188,0.06
168189,0.355
168190,0.345
168191,0.075
168192,0.505
168193,0.145
168194,0.26
168195,0.13
168196,0.04
168197,0.065
168198,0.2
168199,0.05
168200,0.15
168201,0.26
168202,0.15
168203,0.125
168204,0.15
168205,0.075
168206,0.045
168207,0.095
168208,0.79
168209,0.035
168210,0.075
168211,0.025
168212,0.095
168213,0.075
168214,0.14
168215,0.145
168216,0.59
168217,0.09
168218,0.23
168219,0.67
168220,0.22
168221,0.09
168222,0.9
168223,0.065
168224,0.15
168225,0.15
168226,0.11
168227,0.03
168228,0.075
168229,0.41
168230,0.085
168231,0.115
168232,0.21
168233,0.045
168234,0.015
168235,0.075
168236,0.14
168237,0.53
168238,0.42
168239,0.125
168240,0.095
168241,0.245
168242,0.935
168243,0.06
168244,0.24
168245,0.06
168246,0.225
168247,0.03
168248,0.685
168249,0.09
168250,0.115
168251,0.355
168252,0.45
168253,0.095
168254,0.285
168255,0.11
168256,0.405
168257,0.105
168258,0.385
168259,0.245
168260,0.07
168261,0.025
168262,0.065
168263,0.075
168264,0.03
168265,0.36
168266,0.195
168267,0.22
168268,0.19
168269,0.75
168270,0.125
168271,0.085
168272,0.105
168273,0.155
168274,0.395
168275,0.16
168276,0.095
168277,0.64
168278,0.105
168279,0.87
168280,0.095
168281,0.03
168282,0.19
168283,0.49
168284,0.165
168285,0.045
168286,0.0
168287,0.1
168288,0.275
168289,0.31
168290,0.19
168291,0.38
168292,0.12
168293,0.03
168294,0.045
168295,0.05
168296,0.27
168297,0.0
168298,0.72
168299,0.145
168300,0.08
168301,0.28
168302,0.175
168303,0.055
168304,0.175
168305,0.45
168306,0.065
168307,0.12
168308,0.14
168309,0.65
168310,0.175
168311,0.205
168312,0.185
168313,0.015
168314,0.0
168315,0.045
168316,0.47
168317,0.08
168318,0.265
168319,0.505
168320,0.07
168321,0.275
168322,0.305
168323,0.62
168324,0.34
168325,0.055
168326,0.09
168327,0.23
168328,0.035
168329,0.585
168330,0.285
168331,0.305
168332,0.77
168333,0.265
168334,0.16
168335,0.03
168336,0.13
168337,0.11
168338,0.16
168339,0.585
168340,0.22
168341,0.125
168342,0.34
168343,0.11
168344,0.74
168345,0.165
168346,0.045
168347,0.3
168348,0.1
168349,0.045
168350,0.15
168351,0.035
168352,0.375
168353,0.29
168354,0.255
168355,0.05
168356,0.43
168357,0.055
168358,0.615
168359,0.765
168360,0.33
168361,0.4
168362,0.23
168363,0.105
168364,0.005
168365,0.43
168366,0.73
168367,0.85
168368,0.11
168369,0.405
168370,0.475
168371,0.095
168372,0.72
168373,0.04
168374,0.29
168375,0.245
168376,0.04
168377,0.07
168378,0.24
168379,0.22
168380,0.19
168381,0.47
168382,0.15
168383,0.215
168384,0.015
168385,0.15
168386,0.0
168387,0.085
168388,0.105
168389,0.55
168390,0.265
168391,0.04
168392,0.2
168393,0.025
168394,0.055
168395,0.7
168396,0.74
168397,0.135
168398,0.15
168399,0.61
168400,0.115
168401,0.18
168402,0.28
168403,0.03
168404,0.02
168405,0.065
168406,0.545
168407,0.03
168408,0.585
168409,0.065
168410,0.28
168411,0.215
168412,0.01
168413,0.435
168414,0.05
168415,0.095
168416,0.125
168417,0.66
168418,0.43
168419,0.065
168420,0.05
168421,0.62
168422,0.165
168423,0.16
168424,0.13
168425,0.04
168426,0.255
168427,0.23
168428,0.03
168429,0.06
168430,0.055
168431,0.015
168432,0.055
168433,0.225
168434,0.075
168435,0.4
168436,0.17
168437,0.505
168438,0.35
168439,0.12
168440,0.185
168441,0.69
168442,0.38
168443,0.155
168444,0.01
168445,0.05
168446,0.125
168447,0.27
168448,0.095
168449,0.05
168450,0.12
168451,0.625
168452,0.575
168453,0.16
168454,0.08
168455,0.21
168456,0.29
168457,0.525
168458,0.155
168459,0.115
168460,0.245
168461,0.37
168462,0.135
168463,0.2
168464,0.6
168465,0.725
168466,0.085
168467,0.665
168468,0.02
168469,0.265
168470,0.23
168471,0.295
168472,0.005
168473,0.045
168474,0.195
168475,0.115
168476,0.38
168477,0.145
168478,0.015
168479,0.13
168480,0.07
168481,0.125
168482,0.035
168483,0.18
168484,0.095
168485,0.075
168486,0.08
168487,0.425
168488,0.115
168489,0.31
168490,0.025
168491,0.2
168492,0.14
168493,0.01
168494,0.06
168495,0.035
168496,0.09
168497,0.085
168498,0.055
168499,0.465
168500,0.03
168501,0.265
168502,0.795
168503,0.31
168504,0.275
168505,0.37
168506,0.175
168507,0.38
168508,0.045
168509,0.06
168510,0.63
168511,0.645
168512,0.625
168513,0.255
168514,0.11
168515,0.095
168516,0.41
168517,0.105
168518,0.385
168519,0.0
168520,0.04
168521,0.055
168522,0.41
168523,0.215
168524,0.065
168525,0.045
168526,0.675
168527,0.29
168528,0.84
168529,0.185
168530,0.03
168531,0.34
168532,0.055
168533,0.12
168534,0.28
168535,0.445
168536,0.075
168537,0.32
168538,0.04
168539,0.355
168540,0.25
168541,0.58
168542,0.125
168543,0.14
168544,0.2
168545,0.095
168546,0.065
168547,0.01
168548,0.46
168549,0.03
168550,0.805
168551,0.135
168552,0.885
168553,0.75
168554,0.22
168555,0.25
168556,0.15
168557,0.41
168558,0.21
168559,0.055
168560,0.52
168561,0.015
168562,0.02
168563,0.095
168564,0.135
168565,0.115
168566,0.69
168567,0.05
168568,0.53
168569,0.145
168570,0.63
168571,0.035
168572,0.185
168573,0.11
168574,0.7
168575,0.69
168576,0.09
168577,0.135
168578,0.05
168579,0.07
168580,0.635
168581,0.54
168582,0.03
168583,0.115
168584,0.085
168585,0.71
168586,0.125
168587,0.29
168588,0.27
168589,0.18
168590,0.56
168591,0.345
168592,0.075
168593,0.23
168594,0.445
168595,0.08
168596,0.11
168597,0.145
168598,0.235
168599,0.375
168600,0.475
168601,0.545
168602,0.105
168603,0.22
168604,0.01
168605,0.065
168606,0.09
168607,0.34
168608,0.015
168609,0.135
168610,0.4
168611,0.035
168612,0.445
168613,0.105
168614,0.01
168615,0.41
168616,0.12
168617,0.27
168618,0.085
168619,0.085
168620,0.205
168621,0.09
168622,0.045
168623,0.425
168624,0.02
168625,0.495
168626,0.66
168627,0.2
168628,0.11
168629,0.155
168630,0.105
168631,0.07
168632,0.215
168633,0.05
168634,0.555
168635,0.5
168636,0.49
168637,0.5
168638,0.04
168639,0.145
168640,0.13
168641,0.715
168642,0.195
168643,0.15
168644,0.59
168645,0.235
168646,0.565
168647,0.0
168648,0.04
168649,0.065
168650,0.08
168651,0.055
168652,0.215
168653,0.225
168654,0.075
168655,0.31
168656,0.01
168657,0.81
168658,0.035
168659,0.22
168660,0.155
168661,0.11
168662,0.05
168663,0.035
168664,0.215
168665,0.32
168666,0.12
168667,0.2
168668,0.22
168669,0.3
168670,0.61
168671,0.07
168672,0.125
168673,0.09
168674,0.11
168675,0.075
168676,0.72
168677,0.08
168678,0.47
168679,0.33
168680,0.22
168681,0.27
168682,0.01
168683,0.395
168684,0.33
168685,0.065
168686,0.09
168687,0.08
168688,0.025
168689,0.12
168690,0.5
168691,0.095
168692,0.39
168693,0.25
168694,0.225
168695,0.11
168696,0.87
168697,0.01
168698,0.41
168699,0.045
168700,0.12
168701,0.58
168702,0.11
168703,0.19
168704,0.61
168705,0.02
168706,0.12
168707,0.085
168708,0.065
168709,0.045
168710,0.49
168711,0.19
168712,0.065
168713,0.105
168714,0.235
168715,0.26
168716,0.195
168717,0.03
168718,0.295
168719,0.68
168720,0.675
168721,0.035
168722,0.18
168723,0.11
168724,0.065
168725,0.1
168726,0.385
168727,0.165
168728,0.105
168729,0.215
168730,0.27
168731,0.03
168732,0.05
168733,0.6
168734,0.03
168735,0.135
168736,0.57
168737,0.025
168738,0.195
168739,0.07
168740,0.03
168741,0.28
168742,0.325
168743,0.1
168744,0.145
168745,0.4
168746,0.715
168747,0.035
168748,0.035
168749,0.695
168750,0.53
168751,0.465
168752,0.225
168753,0.755
168754,0.275
168755,0.22
168756,0.02
168757,0.225
168758,0.025
168759,0.3
168760,0.165
168761,0.17
168762,0.17
168763,0.54
168764,0.09
168765,0.015
168766,0.275
168767,0.315
168768,0.375
168769,0.23
168770,0.19
168771,0.045
168772,0.385
168773,0.065
168774,0.075
168775,0.07
168776,0.015
168777,0.085
168778,0.17
168779,0.105
168780,0.11
168781,0.28
168782,0.08
168783,0.15
168784,0.425
168785,0.235
168786,0.075
168787,0.01
168788,0.09
168789,0.51
168790,0.055
168791,0.27
168792,0.085
168793,0.02
168794,0.04
168795,0.065
168796,0.12
168797,0.125
168798,0.55
168799,0.07
168800,0.08
168801,0.09
168802,0.19
168803,0.475
168804,0.05
168805,0.27
168806,0.08
168807,0.11
168808,0.24
168809,0.08
168810,0.065
168811,0.41
168812,0.14
168813,0.22
168814,0.025
168815,0.115
168816,0.04
168817,0.14
168818,0.075
168819,0.125
168820,0.8
168821,0.08
168822,0.225
168823,0.14
168824,0.06
168825,0.07
168826,0.235
168827,0.26
168828,0.03
168829,0.075
168830,0.245
168831,0.155
168832,0.73
168833,0.09
168834,0.25
168835,0.665
168836,0.59
168837,0.06
168838,0.02
168839,0.225
168840,0.435
168841,0.01
168842,0.015
168843,0.02
168844,0.06
168845,0.175
168846,0.065
168847,0.075
168848,0.255
168849,0.085
168850,0.05
168851,0.32
168852,0.275
168853,0.005
168854,0.84
168855,0.17
168856,0.28
168857,0.47
168858,0.785
168859,0.475
168860,0.0
168861,0.29
168862,0.035
168863,0.14
168864,0.25
168865,0.055
168866,0.55
168867,0.125
168868,0.35
168869,0.505
168870,0.015
168871,0.09
168872,0.11
168873,0.005
168874,0.04
168875,0.09
168876,0.105
168877,0.395
168878,0.195
168879,0.22
168880,0.21
168881,0.185
168882,0.615
168883,0.095
168884,0.33
168885,0.34
168886,0.175
168887,0.42
168888,0.25
168889,0.795
168890,0.05
168891,0.15
168892,0.13
168893,0.28
168894,0.045
168895,0.105
168896,0.745
168897,0.005
168898,0.0
168899,0.08
168900,0.05
168901,0.45
168902,0.245
168903,0.04
168904,0.43
168905,0.815
168906,0.07
168907,0.07
168908,0.045
168909,0.235
168910,0.43
168911,0.2
168912,0.295
168913,0.025
168914,0.08
168915,0.295
168916,0.205
168917,0.08
168918,0.11
168919,0.825
168920,0.575
168921,0.24
168922,0.57
168923,0.035
168924,0.18
168925,0.03
168926,0.04
168927,0.1
168928,0.005
168929,0.175
168930,0.035
168931,0.065
168932,0.195
168933,0.045
168934,0.005
168935,0.26
168936,0.1
168937,0.23
168938,0.025
168939,0.47
168940,0.105
168941,0.015
168942,0.01
168943,0.23
168944,0.25
168945,0.55
168946,0.205
168947,0.145
168948,0.025
168949,0.61
168950,0.065
168951,0.095
168952,0.175
168953,0.165
168954,0.08
168955,0.52
168956,0.17
168957,0.0
168958,0.225
168959,0.045
168960,0.35
168961,0.145
168962,0.33
168963,0.135
168964,0.58
168965,0.335
168966,0.74
168967,0.09
168968,0.07
168969,0.44
168970,0.025
168971,0.14
168972,0.07
168973,0.285
168974,0.3
168975,0.13
168976,0.31
168977,0.065
168978,0.195
168979,0.295
168980,0.475
168981,0.33
168982,0.185
168983,0.42
168984,0.645
168985,0.03
168986,0.71
168987,0.01
168988,0.035
168989,0.26
168990,0.325
168991,0.235
168992,0.13
168993,0.15
168994,0.035
168995,0.245
168996,0.075
168997,0.22
168998,0.175
168999,0.04
169000,0.045
169001,0.035
169002,0.28
169003,0.085
169004,0.27
169005,0.215
169006,0.68
169007,0.255
169008,0.07
169009,0.915
169010,0.105
169011,0.15
169012,0.725
169013,0.535
169014,0.19
169015,0.84
169016,0.12
169017,0.095
169018,0.08
169019,0.02
169020,0.13
169021,0.705
169022,0.155
169023,0.115
169024,0.195
169025,0.18
169026,0.18
169027,0.105
169028,0.09
169029,0.13
169030,0.185
169031,0.175
169032,0.09
169033,0.595
169034,0.0
169035,0.095
169036,0.36
169037,0.48
169038,0.465
169039,0.75
169040,0.395
169041,0.08
169042,0.125
169043,0.26
169044,0.03
169045,0.235
169046,0.11
169047,0.055
169048,0.8
169049,0.27
169050,0.42
169051,0.035
169052,0.39
169053,0.095
169054,0.35
169055,0.37
169056,0.84
169057,0.065
169058,0.35
169059,0.115
169060,0.095
169061,0.05
169062,0.095
169063,0.905
169064,0.13
169065,0.65
169066,0.13
169067,0.42
169068,0.08
169069,0.04
169070,0.7
169071,0.025
169072,0.06
169073,0.195
169074,0.335
169075,0.22
169076,0.12
169077,0.17
169078,0.015
169079,0.305
169080,0.12
169081,0.905
169082,0.05
169083,0.11
169084,0.375
169085,0.02
169086,0.18
169087,0.16
169088,0.225
169089,0.02
169090,0.32
169091,0.075
169092,0.085
169093,0.105
169094,0.075
169095,0.03
169096,0.185
169097,0.48
169098,0.475
169099,0.235
169100,0.585
169101,0.035
169102,0.195
169103,0.105
169104,0.17
169105,0.09
169106,0.215
169107,0.085
169108,0.04
169109,0.105
169110,0.15
169111,0.32
169112,0.81
169113,0.365
169114,0.88
169115,0.72
169116,0.195
169117,0.185
169118,0.22
169119,0.215
169120,0.075
169121,0.04
169122,0.285
169123,0.065
169124,0.375
169125,0.61
169126,0.075
169127,0.25
169128,0.29
169129,0.265
169130,0.05
169131,0.82
169132,0.27
169133,0.74
169134,0.67
169135,0.16
169136,0.43
169137,0.3
169138,0.825
169139,0.125
169140,0.285
169141,0.035
169142,0.14
169143,0.125
169144,0.04
169145,0.345
169146,0.365
169147,0.035
169148,0.36
169149,0.16
169150,0.685
169151,0.135
169152,0.125
169153,0.165
169154,0.205
169155,0.275
169156,0.525
169157,0.14
169158,0.67
169159,0.08
169160,0.105
169161,0.82
169162,0.125
169163,0.495
169164,0.04
169165,0.39
169166,0.015
169167,0.525
169168,0.67
169169,0.195
169170,0.05
169171,0.02
169172,0.61
169173,0.11
169174,0.215
169175,0.28
169176,0.03
169177,0.215
169178,0.195
169179,0.0
169180,0.155
169181,0.06
169182,0.115
169183,0.245
169184,0.065
169185,0.765
169186,0.155
169187,0.055
169188,0.195
169189,0.095
169190,0.02
169191,0.7
169192,0.01
169193,0.25
169194,0.23
169195,0.25
169196,0.03
169197,0.025
169198,0.135
169199,0.005
169200,0.17
169201,0.055
169202,0.135
169203,0.805
169204,0.11
169205,0.005
169206,0.34
169207,0.025
169208,0.245
169209,0.235
169210,0.535
169211,0.385
169212,0.04
169213,0.275
169214,0.095
169215,0.075
169216,0.27
169217,0.425
169218,0.155
169219,0.295
169220,0.68
169221,0.16
169222,0.015
169223,0.055
169224,0.045
169225,0.23
169226,0.105
169227,0.375
169228,0.12
169229,0.19
169230,0.175
169231,0.455
169232,0.36
169233,0.065
169234,0.19
169235,0.065
169236,0.045
169237,0.085
169238,0.835
169239,0.125
169240,0.23
169241,0.32
169242,0.35
169243,0.065
169244,0.21
169245,0.115
169246,0.085
169247,0.13
169248,0.715
169249,0.215
169250,0.045
169251,0.065
169252,0.005
169253,0.46
169254,0.235
169255,0.245
169256,0.7
169257,0.01
169258,0.07
169259,0.45
169260,0.09
169261,0.355
169262,0.37
169263,0.06
169264,0.565
169265,0.1
169266,0.075
169267,0.085
169268,0.27
169269,0.35
169270,0.27
169271,0.2
169272,0.81
169273,0.53
169274,0.06
169275,0.02
169276,0.205
169277,0.385
169278,0.13
169279,0.06
169280,0.095
169281,0.055
169282,0.535
169283,0.03
169284,0.235
169285,0.085
169286,0.395
169287,0.035
169288,0.185
169289,0.095
169290,0.24
169291,0.33
169292,0.125
169293,0.48
169294,0.24
169295,0.19
169296,0.345
169297,0.065
169298,0.205
169299,0.06
169300,0.1
169301,0.08
169302,0.215
169303,0.99
169304,0.21
169305,0.425
169306,0.15
169307,0.205
169308,0.03
169309,0.03
169310,0.27
169311,0.34
169312,0.235
169313,0.085
169314,0.125
169315,0.24
169316,0.45
169317,0.23
169318,0.245
169319,0.075
169320,0.05
169321,0.08
169322,0.59
169323,0.115
169324,0.54
169325,0.285
169326,0.055
169327,0.07
169328,0.115
169329,0.115
169330,0.21
169331,0.12
169332,0.045
169333,0.095
169334,0.295
169335,0.045
169336,0.05
169337,0.07
169338,0.26
169339,0.875
169340,0.215
169341,0.01
169342,0.275
169343,0.535
169344,0.55
169345,0.17
169346,0.285
169347,0.13
169348,0.63
169349,0.72
169350,0.03
169351,0.29
169352,0.365
169353,0.445
169354,0.055
169355,0.455
169356,0.7
169357,0.7
169358,0.455
169359,0.415
169360,0.475
169361,0.16
169362,0.07
169363,0.595
169364,0.17
169365,0.09
169366,0.11
169367,0.15
169368,0.035
169369,0.52
169370,0.15
169371,0.175
169372,0.055
169373,0.12
169374,0.285
169375,0.7
169376,0.23
169377,0.13
169378,0.085
169379,0.185
169380,0.32
169381,0.035
169382,0.365
169383,0.045
169384,0.725
169385,0.065
169386,0.145
169387,0.12
169388,0.72
169389,0.515
169390,0.135
169391,0.005
169392,0.15
169393,0.015
169394,0.15
169395,0.015
169396,0.585
169397,0.435
169398,0.25
169399,0.125
169400,0.085
169401,0.115
169402,0.125
169403,0.405
169404,0.07
169405,0.31
169406,0.405
169407,0.115
169408,0.07
169409,0.285
169410,0.025
169411,0.35
169412,0.265
169413,0.545
169414,0.2
169415,0.25
169416,0.08
169417,0.115
169418,0.31
169419,0.13
169420,0.11
169421,0.1
169422,0.185
169423,0.07
169424,0.28
169425,0.025
169426,0.19
169427,0.085
169428,0.01
169429,0.045
169430,0.21
169431,0.075
169432,0.44
169433,0.185
169434,0.18
169435,0.025
169436,0.02
169437,0.08
169438,0.045
169439,0.485
169440,0.045
169441,0.625
169442,0.305
169443,0.07
169444,0.165
169445,0.15
169446,0.22
169447,0.155
169448,0.14
169449,0.22
169450,0.24
169451,0.1
169452,0.135
169453,0.0
169454,0.23
169455,0.05
169456,0.54
169457,0.06
169458,0.02
169459,0.165
169460,0.095
169461,0.24
169462,0.0
169463,0.19
169464,0.52
169465,0.045
169466,0.025
169467,0.255
169468,0.09
169469,0.155
169470,0.22
169471,0.25
169472,0.04
169473,0.255
169474,0.025
169475,0.09
169476,0.185
169477,0.255
169478,0.58
169479,0.165
169480,0.12
169481,0.605
169482,0.085
169483,0.015
169484,0.155
169485,0.255
169486,0.01
169487,0.155
169488,0.105
169489,0.18
169490,0.155
169491,0.485
169492,0.085
169493,0.11
169494,0.395
169495,0.075
169496,0.475
169497,0.1
169498,0.465
169499,0.355
169500,0.01
169501,0.34
169502,0.015
169503,0.6
169504,0.6
169505,0.16
169506,0.285
169507,0.065
169508,0.92
169509,0.23
169510,0.245
169511,0.095
169512,0.465
169513,0.155
169514,0.18
169515,0.095
169516,0.485
169517,0.105
169518,0.14
169519,0.02
169520,0.03
169521,0.07
169522,0.1
169523,0.12
169524,0.4
169525,0.165
169526,0.225
169527,0.085
169528,0.135
169529,0.18
169530,0.085
169531,0.61
169532,0.1
169533,0.105
169534,0.095
169535,0.0
169536,0.17
169537,0.075
169538,0.13
169539,0.115
169540,0.035
169541,0.05
169542,0.39
169543,0.145
169544,0.8
169545,0.015
169546,0.455
169547,0.145
169548,0.435
169549,0.17
169550,0.06
169551,0.15
169552,0.735
169553,0.195
169554,0.0
169555,0.555
169556,0.325
169557,0.23
169558,0.03
169559,0.215
169560,0.215
169561,0.06
169562,0.11
169563,0.245
169564,0.08
169565,0.28
169566,0.985
169567,0.835
169568,0.105
169569,0.05
169570,0.09
169571,0.09
169572,0.62
169573,0.3
169574,0.14
169575,0.195
169576,0.285
169577,0.28
169578,0.155
169579,0.09
169580,0.005
169581,0.26
169582,0.215
169583,0.715
169584,0.11
169585,0.015
169586,0.06
169587,0.14
169588,0.0
169589,0.03
169590,0.175
169591,0.26
169592,0.09
169593,0.2
169594,0.14
169595,0.13
169596,0.055
169597,0.0
169598,0.22
169599,0.02
169600,0.165
169601,0.025
169602,0.145
169603,0.135
169604,0.7
